run_id,asset_id,asset_name,company_id,company_name,country_iso2,sector,technology,year,production_plan_company_technology,production_baseline_scenario,production_target_scenario,production_shock_scenario,pd,net_profit_margin,debt_equity_ratio,volatility,scenario_price_baseline,price_shock_scenario,net_profits_baseline_scenario,net_profits_shock_scenario,discounted_net_profits_baseline_scenario,discounted_net_profits_shock_scenario,baseline_scenario,target_scenario,scenario_geography,carbon_price_model,risk_free_rate,discount_rate,growth_rate,div_netprofit_prop_coef,shock_year,market_passthrough
4d182cde-9c6e-4ef7-8fa9-d348ae66436f,VN_ABCD_001_CoalCap_2025,NA,VN_ABCD_001,NA,NA,Power,CoalCap,2025,NA,NA,NA,NA,NA,NA,NA,NA,NA,NA,443037000.00000006,NA,443037000.00000006,NA,VN_PDP8_BASELINE,VN_NZE_STRESS,Vietnam,increasing_carbon_tax_50,0.03,0.08,0.02,1,2029,0.25
4d182cde-9c6e-4ef7-8fa9-d348ae66436f,VN_ABCD_001_CoalCap_2025,NA,VN_ABCD_001,NA,NA,Power,CoalCap,2026,NA,NA,NA,NA,NA,NA,NA,NA,NA,NA,429252438.23204434,NA,397455961.32596695,NA,VN_PDP8_BASELINE,VN_NZE_STRESS,Vietnam,increasing_carbon_tax_50,0.03,0.08,0.02,1,2029,0.25
4d182cde-9c6e-4ef7-8fa9-d348ae66436f,VN_ABCD_001_CoalCap_2025,NA,VN_ABCD_001,NA,NA,Power,CoalCap,2027,NA,NA,NA,NA,NA,NA,NA,NA,NA,NA,397529732.2624309,NA,340817671.69275624,NA,VN_PDP8_BASELINE,VN_NZE_STRESS,Vietnam,increasing_carbon_tax_50,0.03,0.08,0.02,1,2029,0.25
4d182cde-9c6e-4ef7-8fa9-d348ae66436f,VN_ABCD_001_CoalCap_2025,NA,VN_ABCD_001,NA,NA,Power,CoalCap,2028,NA,NA,NA,NA,NA,NA,NA,NA,NA,NA,373214423.3080111,NA,296269642.0356487,NA,VN_PDP8_BASELINE,VN_NZE_STRESS,Vietnam,increasing_carbon_tax_50,0.03,0.08,0.02,1,2029,0.25
4d182cde-9c6e-4ef7-8fa9-d348ae66436f,VN_ABCD_001_CoalCap_2025,NA,VN_ABCD_001,NA,NA,Power,CoalCap,2029,NA,NA,NA,NA,NA,NA,NA,NA,NA,NA,345990690.2983425,NA,254313486.15893397,NA,VN_PDP8_BASELINE,VN_NZE_STRESS,Vietnam,increasing_carbon_tax_50,0.03,0.08,0.02,1,2029,0.25
4d182cde-9c6e-4ef7-8fa9-d348ae66436f,VN_ABCD_001_CoalCap_2025,NA,VN_ABCD_001,NA,NA,Power,CoalCap,2030,NA,NA,NA,NA,NA,NA,NA,NA,NA,NA,317377265.26243097,NA,216001633.85813472,NA,VN_PDP8_BASELINE,VN_NZE_STRESS,Vietnam,increasing_carbon_tax_50,0.03,0.08,0.02,1,2029,0.25
4d182cde-9c6e-4ef7-8fa9-d348ae66436f,VN_ABCD_001_CoalCap_2025,NA,VN_ABCD_001,NA,NA,Power,CoalCap,2031,NA,NA,NA,NA,NA,NA,NA,NA,NA,NA,323724810.5676796,NA,5395413509.461327,NA,VN_PDP8_BASELINE,VN_NZE_STRESS,Vietnam,increasing_carbon_tax_50,0.03,0.08,0.02,1,2029,0.25
4d182cde-9c6e-4ef7-8fa9-d348ae66436f,VN_ABCD_001_CoalCap_2026,EVN (Electricity of Vietnam) :: CoalCap :: 2026,VN_ABCD_001,EVN (Electricity of Vietnam),VN,Power,CoalCap,2025,76650000,76650000,76650000,76650000,0.012,0.085,1.6,0.22,68,68,443037000.00000006,443037000.00000006,443037000.00000006,443037000.00000006,VN_PDP8_BASELINE,VN_NZE_STRESS,Vietnam,increasing_carbon_tax_50,0.03,0.08,0.02,1,2029,0.25
4d182cde-9c6e-4ef7-8fa9-d348ae66436f,VN_ABCD_001_CoalCap_2026,EVN (Electricity of Vietnam) :: CoalCap :: 2026,VN_ABCD_001,EVN (Electricity of Vietnam),VN,Power,CoalCap,2026,73912500,73912500,64424234.254143655,73912500,0.012,0.085,1.6,0.22,68.4,68.4,429727275.00000006,429727275.00000006,397895625,397895625,VN_PDP8_BASELINE,VN_NZE_STRESS,Vietnam,increasing_carbon_tax_50,0.03,0.08,0.02,1,2029,0.25
4d182cde-9c6e-4ef7-8fa9-d348ae66436f,VN_ABCD_001_CoalCap_2026,EVN (Electricity of Vietnam) :: CoalCap :: 2026,VN_ABCD_001,EVN (Electricity of Vietnam),VN,Power,CoalCap,2027,NA,68058711.6712707,50739910.359116025,68058711.6712707,0.012,0.085,1.6,0.22,68.8,68.8,398007345.8535911,398007345.8535911,341227148.3655616,341227148.3655616,VN_PDP8_BASELINE,VN_NZE_STRESS,Vietnam,increasing_carbon_tax_50,0.03,0.08,0.02,1,2029,0.25
4d182cde-9c6e-4ef7-8fa9-d348ae66436f,VN_ABCD_001_CoalCap_2026,EVN (Electricity of Vietnam) :: CoalCap :: 2026,VN_ABCD_001,EVN (Electricity of Vietnam),VN,Power,CoalCap,2028,NA,63531930.24861877,38514961.32596685,63531930.24861877,0.012,0.085,1.6,0.22,69.2,69.2,373694813.72237563,373694813.72237563,296650991.43484825,296650991.43484825,VN_PDP8_BASELINE,VN_NZE_STRESS,Vietnam,increasing_carbon_tax_50,0.03,0.08,0.02,1,2029,0.25
4d182cde-9c6e-4ef7-8fa9-d348ae66436f,VN_ABCD_001_CoalCap_2026,EVN (Electricity of Vietnam) :: CoalCap :: 2026,VN_ABCD_001,EVN (Electricity of Vietnam),VN,Power,CoalCap,2029,NA,58565560.77348065,28072266.961325966,19609843.798342563,0.012,0.085,1.6,0.22,69.6,69.6,346473857.5359115,56630777.65913853,254668628.50244033,41625312.166545264,VN_PDP8_BASELINE,VN_NZE_STRESS,Vietnam,increasing_carbon_tax_50,0.03,0.08,0.02,1,2029,0.25
4d182cde-9c6e-4ef7-8fa9-d348ae66436f,VN_ABCD_001_CoalCap_2026,EVN (Electricity of Vietnam) :: CoalCap :: 2026,VN_ABCD_001,EVN (Electricity of Vietnam),VN,Power,CoalCap,2030,NA,53422388.12154695,19049370.165745854,0,0.012,0.085,1.6,0.22,70,60,317863209.3232044,0,216332359.22059545,0,VN_PDP8_BASELINE,VN_NZE_STRESS,Vietnam,increasing_carbon_tax_50,0.03,0.08,0.02,1,2029,0.25
4d182cde-9c6e-4ef7-8fa9-d348ae66436f,VN_ABCD_001_CoalCap_2026,EVN (Electricity of Vietnam) :: CoalCap :: 2026,VN_ABCD_001,EVN (Electricity of Vietnam),VN,Power,CoalCap,2031,NA,NA,NA,NA,0.012,0.085,1.6,0.22,NA,NA,324220473.50966847,0,5403674558.494474,0,VN_PDP8_BASELINE,VN_NZE_STRESS,Vietnam,increasing_carbon_tax_50,0.03,0.08,0.02,1,2029,0.25
4d182cde-9c6e-4ef7-8fa9-d348ae66436f,VN_ABCD_001_CoalCap_2027,EVN (Electricity of Vietnam) :: CoalCap :: 2027,VN_ABCD_001,EVN (Electricity of Vietnam),VN,Power,CoalCap,2025,73584000,73584000,73584000,73584000,0.012,0.085,1.6,0.22,68,68,425315520.00000006,425315520.00000006,425315520.00000006,425315520.00000006,VN_PDP8_BASELINE,VN_NZE_STRESS,Vietnam,increasing_carbon_tax_50,0.03,0.08,0.02,1,2029,0.25
4d182cde-9c6e-4ef7-8fa9-d348ae66436f,VN_ABCD_001_CoalCap_2027,EVN (Electricity of Vietnam) :: CoalCap :: 2027,VN_ABCD_001,EVN (Electricity of Vietnam),VN,Power,CoalCap,2026,70956000.00000001,70956000.00000001,61847264.8839779,70956000.00000001,0.012,0.085,1.6,0.22,68.4,68.4,412538184.0000001,412538184.0000001,381979800.00000006,381979800.00000006,VN_PDP8_BASELINE,VN_NZE_STRESS,Vietnam,increasing_carbon_tax_50,0.03,0.08,0.02,1,2029,0.25
4d182cde-9c6e-4ef7-8fa9-d348ae66436f,VN_ABCD_001_CoalCap_2027,EVN (Electricity of Vietnam) :: CoalCap :: 2027,VN_ABCD_001,EVN (Electricity of Vietnam),VN,Power,CoalCap,2027,68328000,68328000,48710313.94475138,68328000,0.012,0.085,1.6,0.22,68.8,68.8,399582144,399582144,342577283.95061725,342577283.95061725,VN_PDP8_BASELINE,VN_NZE_STRESS,Vietnam,increasing_carbon_tax_50,0.03,0.08,0.02,1,2029,0.25
4d182cde-9c6e-4ef7-8fa9-d348ae66436f,VN_ABCD_001_CoalCap_2027,EVN (Electricity of Vietnam) :: CoalCap :: 2027,VN_ABCD_001,EVN (Electricity of Vietnam),VN,Power,CoalCap,2028,NA,63982289.83425414,36974362.87292818,63982289.83425414,0.012,0.085,1.6,0.22,69.2,69.2,376343828.8050829,376343828.8050829,298753865.01445,298753865.01445,VN_PDP8_BASELINE,VN_NZE_STRESS,Vietnam,increasing_carbon_tax_50,0.03,0.08,0.02,1,2029,0.25
4d182cde-9c6e-4ef7-8fa9-d348ae66436f,VN_ABCD_001_CoalCap_2027,EVN (Electricity of Vietnam) :: CoalCap :: 2027,VN_ABCD_001,EVN (Electricity of Vietnam),VN,Power,CoalCap,2029,NA,59214575.138121545,26949376.282872926,17828237.78121546,0.012,0.085,1.6,0.22,69.6,69.6,350313426.5171271,51485722.182427585,257490826.32550508,37843542.79686884,VN_PDP8_BASELINE,VN_NZE_STRESS,Vietnam,increasing_carbon_tax_50,0.03,0.08,0.02,1,2029,0.25
4d182cde-9c6e-4ef7-8fa9-d348ae66436f,VN_ABCD_001_CoalCap_2027,EVN (Electricity of Vietnam) :: CoalCap :: 2027,VN_ABCD_001,EVN (Electricity of Vietnam),VN,Power,CoalCap,2030,NA,54277129.392265186,18287395.35911602,0,0.012,0.085,1.6,0.22,70,60,322948919.8839779,0,219793608.37323502,0,VN_PDP8_BASELINE,VN_NZE_STRESS,Vietnam,increasing_carbon_tax_50,0.03,0.08,0.02,1,2029,0.25
4d182cde-9c6e-4ef7-8fa9-d348ae66436f,VN_ABCD_001_CoalCap_2027,EVN (Electricity of Vietnam) :: CoalCap :: 2027,VN_ABCD_001,EVN (Electricity of Vietnam),VN,Power,CoalCap,2031,NA,NA,NA,NA,0.012,0.085,1.6,0.22,NA,NA,329407898.28165746,0,5490131638.027624,0,VN_PDP8_BASELINE,VN_NZE_STRESS,Vietnam,increasing_carbon_tax_50,0.03,0.08,0.02,1,2029,0.25
4d182cde-9c6e-4ef7-8fa9-d348ae66436f,VN_ABCD_001_CoalCap_2028,EVN (Electricity of Vietnam) :: CoalCap :: 2028,VN_ABCD_001,EVN (Electricity of Vietnam),VN,Power,CoalCap,2025,72357600,72357600,72357600,72357600,0.012,0.085,1.6,0.22,68,68,418226928.00000006,418226928.00000006,418226928.00000006,418226928.00000006,VN_PDP8_BASELINE,VN_NZE_STRESS,Vietnam,increasing_carbon_tax_50,0.03,0.08,0.02,1,2029,0.25
4d182cde-9c6e-4ef7-8fa9-d348ae66436f,VN_ABCD_001_CoalCap_2028,EVN (Electricity of Vietnam) :: CoalCap :: 2028,VN_ABCD_001,EVN (Electricity of Vietnam),VN,Power,CoalCap,2026,69773400.00000001,69773400.00000001,60816477.1359116,69773400.00000001,0.012,0.085,1.6,0.22,68.4,68.4,405662547.6000001,405662547.6000001,375613470.00000006,375613470.00000006,VN_PDP8_BASELINE,VN_NZE_STRESS,Vietnam,increasing_carbon_tax_50,0.03,0.08,0.02,1,2029,0.25
4d182cde-9c6e-4ef7-8fa9-d348ae66436f,VN_ABCD_001_CoalCap_2028,EVN (Electricity of Vietnam) :: CoalCap :: 2028,VN_ABCD_001,EVN (Electricity of Vietnam),VN,Power,CoalCap,2027,67189200,67189200,47898475.37900553,67189200,0.012,0.085,1.6,0.22,68.8,68.8,392922441.6,392922441.6,336867662.5514403,336867662.5514403,VN_PDP8_BASELINE,VN_NZE_STRESS,Vietnam,increasing_carbon_tax_50,0.03,0.08,0.02,1,2029,0.25
4d182cde-9c6e-4ef7-8fa9-d348ae66436f,VN_ABCD_001_CoalCap_2028,EVN (Electricity of Vietnam) :: CoalCap :: 2028,VN_ABCD_001,EVN (Electricity of Vietnam),VN,Power,CoalCap,2028,64605000,64605000,36358123.49171271,64605000,0.012,0.085,1.6,0.22,69.2,69.2,380006610,380006610,301661498.81877756,301661498.81877756,VN_PDP8_BASELINE,VN_NZE_STRESS,Vietnam,increasing_carbon_tax_50,0.03,0.08,0.02,1,2029,0.25
4d182cde-9c6e-4ef7-8fa9-d348ae66436f,VN_ABCD_001_CoalCap_2028,EVN (Electricity of Vietnam) :: CoalCap :: 2028,VN_ABCD_001,EVN (Electricity of Vietnam),VN,Power,CoalCap,2029,NA,59916747.2154696,26500220.011491712,17531100.48486188,0.012,0.085,1.6,0.22,69.6,69.6,354467476.52671814,50627626.8127205,260544177.0925639,37212817.08358772,VN_PDP8_BASELINE,VN_NZE_STRESS,Vietnam,increasing_carbon_tax_50,0.03,0.08,0.02,1,2029,0.25
4d182cde-9c6e-4ef7-8fa9-d348ae66436f,VN_ABCD_001_CoalCap_2028,EVN (Electricity of Vietnam) :: CoalCap :: 2028,VN_ABCD_001,EVN (Electricity of Vietnam),VN,Power,CoalCap,2030,NA,55061592.23204419,17982605.436464086,0,0.012,0.085,1.6,0.22,70,60,327616473.78066295,0,222970267.1265683,0,VN_PDP8_BASELINE,VN_NZE_STRESS,Vietnam,increasing_carbon_tax_50,0.03,0.08,0.02,1,2029,0.25
4d182cde-9c6e-4ef7-8fa9-d348ae66436f,VN_ABCD_001_CoalCap_2028,EVN (Electricity of Vietnam) :: CoalCap :: 2028,VN_ABCD_001,EVN (Electricity of Vietnam),VN,Power,CoalCap,2031,NA,NA,NA,NA,0.012,0.085,1.6,0.22,NA,NA,334168803.2562762,0,5569480054.27127,0,VN_PDP8_BASELINE,VN_NZE_STRESS,Vietnam,increasing_carbon_tax_50,0.03,0.08,0.02,1,2029,0.25
4d182cde-9c6e-4ef7-8fa9-d348ae66436f,VN_ABCD_001_CoalCap_2029,EVN (Electricity of Vietnam) :: CoalCap :: 2029,VN_ABCD_001,EVN (Electricity of Vietnam),VN,Power,CoalCap,2025,70518000.00000001,70518000.00000001,70518000.00000001,70518000.00000001,0.012,0.085,1.6,0.22,68,68,407594040.0000001,407594040.0000001,407594040.0000001,407594040.0000001,VN_PDP8_BASELINE,VN_NZE_STRESS,Vietnam,increasing_carbon_tax_50,0.03,0.08,0.02,1,2029,0.25
4d182cde-9c6e-4ef7-8fa9-d348ae66436f,VN_ABCD_001_CoalCap_2029,EVN (Electricity of Vietnam) :: CoalCap :: 2029,VN_ABCD_001,EVN (Electricity of Vietnam),VN,Power,CoalCap,2026,67999500.00000001,67999500.00000001,59270295.51381216,67999500.00000001,0.012,0.085,1.6,0.22,68.4,68.4,395349093.0000001,395349093.0000001,366063975.00000006,366063975.00000006,VN_PDP8_BASELINE,VN_NZE_STRESS,Vietnam,increasing_carbon_tax_50,0.03,0.08,0.02,1,2029,0.25
4d182cde-9c6e-4ef7-8fa9-d348ae66436f,VN_ABCD_001_CoalCap_2029,EVN (Electricity of Vietnam) :: CoalCap :: 2029,VN_ABCD_001,EVN (Electricity of Vietnam),VN,Power,CoalCap,2027,65481000.000000015,65481000.000000015,46680717.53038675,65481000.000000015,0.012,0.085,1.6,0.22,68.8,68.8,382932888.0000001,382932888.0000001,328303230.452675,328303230.452675,VN_PDP8_BASELINE,VN_NZE_STRESS,Vietnam,increasing_carbon_tax_50,0.03,0.08,0.02,1,2029,0.25
4d182cde-9c6e-4ef7-8fa9-d348ae66436f,VN_ABCD_001_CoalCap_2029,EVN (Electricity of Vietnam) :: CoalCap :: 2029,VN_ABCD_001,EVN (Electricity of Vietnam),VN,Power,CoalCap,2028,62962500.00000001,62962500.00000001,35433764.41988951,62962500.00000001,0.012,0.085,1.6,0.22,69.2,69.2,370345425.0000001,370345425.0000001,293992138.67931724,293992138.67931724,VN_PDP8_BASELINE,VN_NZE_STRESS,Vietnam,increasing_carbon_tax_50,0.03,0.08,0.02,1,2029,0.25
4d182cde-9c6e-4ef7-8fa9-d348ae66436f,VN_ABCD_001_CoalCap_2029,EVN (Electricity of Vietnam) :: CoalCap :: 2029,VN_ABCD_001,EVN (Electricity of Vietnam),VN,Power,CoalCap,2029,60444000.00000001,60444000.00000001,25826485.60441989,17085394.54033149,0.012,0.085,1.6,0.22,69.6,69.6,357586704,49340483.7581598,262836902.4030889,36266728.51366599,VN_PDP8_BASELINE,VN_NZE_STRESS,Vietnam,increasing_carbon_tax_50,0.03,0.08,0.02,1,2029,0.25
4d182cde-9c6e-4ef7-8fa9-d348ae66436f,VN_ABCD_001_CoalCap_2029,EVN (Electricity of Vietnam) :: CoalCap :: 2029,VN_ABCD_001,EVN (Electricity of Vietnam),VN,Power,CoalCap,2030,NA,55712281.160220996,17525420.55248619,0,0.012,0.085,1.6,0.22,70,60,331488072.90331495,0,225605212.43509585,0,VN_PDP8_BASELINE,VN_NZE_STRESS,Vietnam,increasing_carbon_tax_50,0.03,0.08,0.02,1,2029,0.25
4d182cde-9c6e-4ef7-8fa9-d348ae66436f,VN_ABCD_001_CoalCap_2029,EVN (Electricity of Vietnam) :: CoalCap :: 2029,VN_ABCD_001,EVN (Electricity of Vietnam),VN,Power,CoalCap,2031,NA,NA,NA,NA,0.012,0.085,1.6,0.22,NA,NA,338117834.36138123,0,5635297239.356354,0,VN_PDP8_BASELINE,VN_NZE_STRESS,Vietnam,increasing_carbon_tax_50,0.03,0.08,0.02,1,2029,0.25
4d182cde-9c6e-4ef7-8fa9-d348ae66436f,VN_ABCD_001_CoalCap_2030,EVN (Electricity of Vietnam) :: CoalCap :: 2030,VN_ABCD_001,EVN (Electricity of Vietnam),VN,Power,CoalCap,2025,67451999.99999999,67451999.99999999,67451999.99999999,67451999.99999999,0.012,0.085,1.6,0.22,68,68,389872559.99999994,389872559.99999994,389872559.99999994,389872559.99999994,VN_PDP8_BASELINE,VN_NZE_STRESS,Vietnam,increasing_carbon_tax_50,0.03,0.08,0.02,1,2029,0.25
4d182cde-9c6e-4ef7-8fa9-d348ae66436f,VN_ABCD_001_CoalCap_2030,EVN (Electricity of Vietnam) :: CoalCap :: 2030,VN_ABCD_001,EVN (Electricity of Vietnam),VN,Power,CoalCap,2026,65043000.00000001,65043000.00000001,56693326.143646404,65043000.00000001,0.012,0.085,1.6,0.22,68.4,68.4,378160002.0000001,378160002.0000001,350148150.00000006,350148150.00000006,VN_PDP8_BASELINE,VN_NZE_STRESS,Vietnam,increasing_carbon_tax_50,0.03,0.08,0.02,1,2029,0.25
4d182cde-9c6e-4ef7-8fa9-d348ae66436f,VN_ABCD_001_CoalCap_2030,EVN (Electricity of Vietnam) :: CoalCap :: 2030,VN_ABCD_001,EVN (Electricity of Vietnam),VN,Power,CoalCap,2027,62634000,62634000,44651121.116022095,62634000,0.012,0.085,1.6,0.22,68.8,68.8,366283632,366283632,314029176.9547325,314029176.9547325,VN_PDP8_BASELINE,VN_NZE_STRESS,Vietnam,increasing_carbon_tax_50,0.03,0.08,0.02,1,2029,0.25
4d182cde-9c6e-4ef7-8fa9-d348ae66436f,VN_ABCD_001_CoalCap_2030,EVN (Electricity of Vietnam) :: CoalCap :: 2030,VN_ABCD_001,EVN (Electricity of Vietnam),VN,Power,CoalCap,2028,60225000,60225000,33893165.966850825,60225000,0.012,0.085,1.6,0.22,69.2,69.2,354243450,354243450,281209871.7802164,281209871.7802164,VN_PDP8_BASELINE,VN_NZE_STRESS,Vietnam,increasing_carbon_tax_50,0.03,0.08,0.02,1,2029,0.25
4d182cde-9c6e-4ef7-8fa9-d348ae66436f,VN_ABCD_001_CoalCap_2030,EVN (Electricity of Vietnam) :: CoalCap :: 2030,VN_ABCD_001,EVN (Electricity of Vietnam),VN,Power,CoalCap,2029,57816000,57816000,24703594.92596685,16342551.299447507,0.012,0.085,1.6,0.22,69.6,69.6,342039456,47195245.333891965,251409210.99425894,34689914.23046311,VN_PDP8_BASELINE,VN_NZE_STRESS,Vietnam,increasing_carbon_tax_50,0.03,0.08,0.02,1,2029,0.25
4d182cde-9c6e-4ef7-8fa9-d348ae66436f,VN_ABCD_001_CoalCap_2030,EVN (Electricity of Vietnam) :: CoalCap :: 2030,VN_ABCD_001,EVN (Electricity of Vietnam),VN,Power,CoalCap,2030,55406999.99999999,55406999.99999999,16763445.745856352,0,0.012,0.085,1.6,0.22,70,60,329671650,0,224368985.52839243,0,VN_PDP8_BASELINE,VN_NZE_STRESS,Vietnam,increasing_carbon_tax_50,0.03,0.08,0.02,1,2029,0.25
4d182cde-9c6e-4ef7-8fa9-d348ae66436f,VN_ABCD_001_CoalCap_2030,EVN (Electricity of Vietnam) :: CoalCap :: 2030,VN_ABCD_001,EVN (Electricity of Vietnam),VN,Power,CoalCap,2031,NA,NA,NA,NA,0.012,0.085,1.6,0.22,NA,NA,336265083,0,5604418050,0,VN_PDP8_BASELINE,VN_NZE_STRESS,Vietnam,increasing_carbon_tax_50,0.03,0.08,0.02,1,2029,0.25
4d182cde-9c6e-4ef7-8fa9-d348ae66436f,VN_ABCD_001_GasCap_2025,NA,VN_ABCD_001,NA,NA,Power,GasCap,2025,NA,NA,NA,NA,NA,NA,NA,NA,NA,NA,36857700.00000001,NA,36857700.00000001,NA,VN_PDP8_BASELINE,VN_NZE_STRESS,Vietnam,increasing_carbon_tax_50,0.03,0.08,0.02,1,2029,0.25
4d182cde-9c6e-4ef7-8fa9-d348ae66436f,VN_ABCD_001_GasCap_2025,NA,VN_ABCD_001,NA,NA,Power,GasCap,2026,NA,NA,NA,NA,NA,NA,NA,NA,NA,NA,42432873.53229474,NA,39289697.71508772,NA,VN_PDP8_BASELINE,VN_NZE_STRESS,Vietnam,increasing_carbon_tax_50,0.03,0.08,0.02,1,2029,0.25
4d182cde-9c6e-4ef7-8fa9-d348ae66436f,VN_ABCD_001_GasCap_2025,NA,VN_ABCD_001,NA,NA,Power,GasCap,2027,NA,NA,NA,NA,NA,NA,NA,NA,NA,NA,55637649.7488,NA,47700317,NA,VN_PDP8_BASELINE,VN_NZE_STRESS,Vietnam,increasing_carbon_tax_50,0.03,0.08,0.02,1,2029,0.25
4d182cde-9c6e-4ef7-8fa9-d348ae66436f,VN_ABCD_001_GasCap_2025,NA,VN_ABCD_001,NA,NA,Power,GasCap,2028,NA,NA,NA,NA,NA,NA,NA,NA,NA,NA,69457166.7847579,NA,55137338.36365605,NA,VN_PDP8_BASELINE,VN_NZE_STRESS,Vietnam,increasing_carbon_tax_50,0.03,0.08,0.02,1,2029,0.25
4d182cde-9c6e-4ef7-8fa9-d348ae66436f,VN_ABCD_001_GasCap_2025,NA,VN_ABCD_001,NA,NA,Power,GasCap,2029,NA,NA,NA,NA,NA,NA,NA,NA,NA,NA,81534412.46463157,NA,59930227.19172345,NA,VN_PDP8_BASELINE,VN_NZE_STRESS,Vietnam,increasing_carbon_tax_50,0.03,0.08,0.02,1,2029,0.25
4d182cde-9c6e-4ef7-8fa9-d348ae66436f,VN_ABCD_001_GasCap_2025,NA,VN_ABCD_001,NA,NA,Power,GasCap,2030,NA,NA,NA,NA,NA,NA,NA,NA,NA,NA,97592135.49473684,NA,66419567.58035919,NA,VN_PDP8_BASELINE,VN_NZE_STRESS,Vietnam,increasing_carbon_tax_50,0.03,0.08,0.02,1,2029,0.25
4d182cde-9c6e-4ef7-8fa9-d348ae66436f,VN_ABCD_001_GasCap_2025,NA,VN_ABCD_001,NA,NA,Power,GasCap,2031,NA,NA,NA,NA,NA,NA,NA,NA,NA,NA,99543978.20463157,NA,1659066303.4105263,NA,VN_PDP8_BASELINE,VN_NZE_STRESS,Vietnam,increasing_carbon_tax_50,0.03,0.08,0.02,1,2029,0.25
4d182cde-9c6e-4ef7-8fa9-d348ae66436f,VN_ABCD_001_GasCap_2026,EVN (Electricity of Vietnam) :: GasCap :: 2026,VN_ABCD_001,EVN (Electricity of Vietnam),VN,Power,GasCap,2025,7323360.000000001,7323360.000000001,7323360.000000001,7323360.000000001,0.012,0.085,1.6,0.22,60,60,37349136.00000001,37349136.00000001,37349136.00000001,37349136.00000001,VN_PDP8_BASELINE,VN_NZE_STRESS,Vietnam,increasing_carbon_tax_50,0.03,0.08,0.02,1,2029,0.25
4d182cde-9c6e-4ef7-8fa9-d348ae66436f,VN_ABCD_001_GasCap_2026,EVN (Electricity of Vietnam) :: GasCap :: 2026,VN_ABCD_001,EVN (Electricity of Vietnam),VN,Power,GasCap,2026,7456512,7456512,7825903.680000002,7456512,0.012,0.085,1.6,0.22,60.6,60.6,38408493.312,38408493.312,35563419.73333333,35563419.73333333,VN_PDP8_BASELINE,VN_NZE_STRESS,Vietnam,increasing_carbon_tax_50,0.03,0.08,0.02,1,2029,0.25
4d182cde-9c6e-4ef7-8fa9-d348ae66436f,VN_ABCD_001_GasCap_2026,EVN (Electricity of Vietnam) :: GasCap :: 2026,VN_ABCD_001,EVN (Electricity of Vietnam),VN,Power,GasCap,2027,NA,9946921.599999998,9356941.44,9946921.599999998,0.012,0.085,1.6,0.22,61.2,61.2,51743886.16319999,51743886.16319999,44362042.32098764,44362042.32098764,VN_PDP8_BASELINE,VN_NZE_STRESS,Vietnam,increasing_carbon_tax_50,0.03,0.08,0.02,1,2029,0.25
4d182cde-9c6e-4ef7-8fa9-d348ae66436f,VN_ABCD_001_GasCap_2026,EVN (Electricity of Vietnam) :: GasCap :: 2026,VN_ABCD_001,EVN (Electricity of Vietnam),VN,Power,GasCap,2028,NA,12507560.704,10215225.215999998,12507560.704,0.012,0.085,1.6,0.22,61.8,61.8,65702216.378112,65702216.378112,52156537.66742874,52156537.66742874,VN_PDP8_BASELINE,VN_NZE_STRESS,Vietnam,increasing_carbon_tax_50,0.03,0.08,0.02,1,2029,0.25
4d182cde-9c6e-4ef7-8fa9-d348ae66436f,VN_ABCD_001_GasCap_2026,EVN (Electricity of Vietnam) :: GasCap :: 2026,VN_ABCD_001,EVN (Electricity of Vietnam),VN,Power,GasCap,2029,NA,14686094.447999999,10489088.512,10434838.416,0.012,0.085,1.6,0.22,62.4,62.4,77895044.952192,62927573.599242,57255183.42478279,46253645.15948883,VN_PDP8_BASELINE,VN_NZE_STRESS,Vietnam,increasing_carbon_tax_50,0.03,0.08,0.02,1,2029,0.25
4d182cde-9c6e-4ef7-8fa9-d348ae66436f,VN_ABCD_001_GasCap_2026,EVN (Electricity of Vietnam) :: GasCap :: 2026,VN_ABCD_001,EVN (Electricity of Vietnam),VN,Power,GasCap,2030,NA,17576363.007999998,10820790,8362116.1280000005,0.012,0.085,1.6,0.22,63,58.5,94121423.90784,73906384.68584616,64057459.59256685,50299443.57069958,VN_PDP8_BASELINE,VN_NZE_STRESS,Vietnam,increasing_carbon_tax_50,0.03,0.08,0.02,1,2029,0.25
4d182cde-9c6e-4ef7-8fa9-d348ae66436f,VN_ABCD_001_GasCap_2026,EVN (Electricity of Vietnam) :: GasCap :: 2026,VN_ABCD_001,EVN (Electricity of Vietnam),VN,Power,GasCap,2031,NA,NA,NA,NA,0.012,0.085,1.6,0.22,NA,NA,96003852.3859968,75384512.3795631,1600064206.4332802,1256408539.659385,VN_PDP8_BASELINE,VN_NZE_STRESS,Vietnam,increasing_carbon_tax_50,0.03,0.08,0.02,1,2029,0.25
4d182cde-9c6e-4ef7-8fa9-d348ae66436f,VN_ABCD_001_GasCap_2027,EVN (Electricity of Vietnam) :: GasCap :: 2027,VN_ABCD_001,EVN (Electricity of Vietnam),VN,Power,GasCap,2025,7419720.000000002,7419720.000000002,7419720.000000002,7419720.000000002,0.012,0.085,1.6,0.22,60,60,37840572.000000015,37840572.000000015,37840572.000000015,37840572.000000015,VN_PDP8_BASELINE,VN_NZE_STRESS,Vietnam,increasing_carbon_tax_50,0.03,0.08,0.02,1,2029,0.25
4d182cde-9c6e-4ef7-8fa9-d348ae66436f,VN_ABCD_001_GasCap_2027,EVN (Electricity of Vietnam) :: GasCap :: 2027,VN_ABCD_001,EVN (Electricity of Vietnam),VN,Power,GasCap,2026,7554624.000000002,7554624.000000002,7928876.096842106,7554624.000000002,0.012,0.085,1.6,0.22,60.6,60.6,38913868.224000014,38913868.224000014,36031359.466666676,36031359.466666676,VN_PDP8_BASELINE,VN_NZE_STRESS,Vietnam,increasing_carbon_tax_50,0.03,0.08,0.02,1,2029,0.25
4d182cde-9c6e-4ef7-8fa9-d348ae66436f,VN_ABCD_001_GasCap_2027,EVN (Electricity of Vietnam) :: GasCap :: 2027,VN_ABCD_001,EVN (Electricity of Vietnam),VN,Power,GasCap,2027,7689528.000000001,7689528.000000001,9480059.090526318,7689528.000000001,0.012,0.085,1.6,0.22,61.2,61.2,40000924.65600001,40000924.65600001,34294345.55555556,34294345.55555556,VN_PDP8_BASELINE,VN_NZE_STRESS,Vietnam,increasing_carbon_tax_50,0.03,0.08,0.02,1,2029,0.25
4d182cde-9c6e-4ef7-8fa9-d348ae66436f,VN_ABCD_001_GasCap_2027,EVN (Electricity of Vietnam) :: GasCap :: 2027,VN_ABCD_001,EVN (Electricity of Vietnam),VN,Power,GasCap,2028,NA,10283859.723789476,10349636.074105263,10283859.723789476,0.012,0.085,1.6,0.22,61.8,61.8,54021115.12906612,54021115.12906612,42883702.88531514,42883702.88531514,VN_PDP8_BASELINE,VN_NZE_STRESS,Vietnam,increasing_carbon_tax_50,0.03,0.08,0.02,1,2029,0.25
4d182cde-9c6e-4ef7-8fa9-d348ae66436f,VN_ABCD_001_GasCap_2027,EVN (Electricity of Vietnam) :: GasCap :: 2027,VN_ABCD_001,EVN (Electricity of Vietnam),VN,Power,GasCap,2029,NA,12491058.385473687,10627102.834526317,11368230.303929826,0.012,0.085,1.6,0.22,62.4,62.4,66252573.67655244,49946268.3343531,48697619.47686251,36711998.26153171,VN_PDP8_BASELINE,VN_NZE_STRESS,Vietnam,increasing_carbon_tax_50,0.03,0.08,0.02,1,2029,0.25
4d182cde-9c6e-4ef7-8fa9-d348ae66436f,VN_ABCD_001_GasCap_2027,EVN (Electricity of Vietnam) :: GasCap :: 2027,VN_ABCD_001,EVN (Electricity of Vietnam),VN,Power,GasCap,2030,NA,15419356.794947367,10963168.815789476,12452600.884070178,0.012,0.085,1.6,0.22,63,58.5,82570655.63694316,56580769.03676907,56196200.794563845,38507920.68167267,VN_PDP8_BASELINE,VN_NZE_STRESS,Vietnam,increasing_carbon_tax_50,0.03,0.08,0.02,1,2029,0.25
4d182cde-9c6e-4ef7-8fa9-d348ae66436f,VN_ABCD_001_GasCap_2027,EVN (Electricity of Vietnam) :: GasCap :: 2027,VN_ABCD_001,EVN (Electricity of Vietnam),VN,Power,GasCap,2031,NA,NA,NA,NA,0.012,0.085,1.6,0.22,NA,NA,84222068.74968202,57712384.41750445,1403701145.8280337,961873073.6250743,VN_PDP8_BASELINE,VN_NZE_STRESS,Vietnam,increasing_carbon_tax_50,0.03,0.08,0.02,1,2029,0.25
4d182cde-9c6e-4ef7-8fa9-d348ae66436f,VN_ABCD_001_GasCap_2028,EVN (Electricity of Vietnam) :: GasCap :: 2028,VN_ABCD_001,EVN (Electricity of Vietnam),VN,Power,GasCap,2025,7516080.000000001,7516080.000000001,7516080.000000001,7516080.000000001,0.012,0.085,1.6,0.22,60,60,38332008.00000001,38332008.00000001,38332008.00000001,38332008.00000001,VN_PDP8_BASELINE,VN_NZE_STRESS,Vietnam,increasing_carbon_tax_50,0.03,0.08,0.02,1,2029,0.25
4d182cde-9c6e-4ef7-8fa9-d348ae66436f,VN_ABCD_001_GasCap_2028,EVN (Electricity of Vietnam) :: GasCap :: 2028,VN_ABCD_001,EVN (Electricity of Vietnam),VN,Power,GasCap,2026,7652736.000000001,7652736.000000001,8031848.513684212,7652736.000000001,0.012,0.085,1.6,0.22,60.6,60.6,39419243.13600001,39419243.13600001,36499299.2,36499299.2,VN_PDP8_BASELINE,VN_NZE_STRESS,Vietnam,increasing_carbon_tax_50,0.03,0.08,0.02,1,2029,0.25
4d182cde-9c6e-4ef7-8fa9-d348ae66436f,VN_ABCD_001_GasCap_2028,EVN (Electricity of Vietnam) :: GasCap :: 2028,VN_ABCD_001,EVN (Electricity of Vietnam),VN,Power,GasCap,2027,7789391.999999999,7789391.999999999,9603176.741052633,7789391.999999999,0.012,0.085,1.6,0.22,61.2,61.2,40520417.184,40520417.184,34739726.666666664,34739726.666666664,VN_PDP8_BASELINE,VN_NZE_STRESS,Vietnam,increasing_carbon_tax_50,0.03,0.08,0.02,1,2029,0.25
4d182cde-9c6e-4ef7-8fa9-d348ae66436f,VN_ABCD_001_GasCap_2028,EVN (Electricity of Vietnam) :: GasCap :: 2028,VN_ABCD_001,EVN (Electricity of Vietnam),VN,Power,GasCap,2028,7926048,7926048,10484046.932210525,7926048,0.012,0.085,1.6,0.22,61.8,61.8,41635530.144,41635530.144,33051626.200274345,33051626.200274345,VN_PDP8_BASELINE,VN_NZE_STRESS,Vietnam,increasing_carbon_tax_50,0.03,0.08,0.02,1,2029,0.25
4d182cde-9c6e-4ef7-8fa9-d348ae66436f,VN_ABCD_001_GasCap_2028,EVN (Electricity of Vietnam) :: GasCap :: 2028,VN_ABCD_001,EVN (Electricity of Vietnam),VN,Power,GasCap,2029,NA,10161911.579368422,10765117.157052632,11515869.658526316,0.012,0.085,1.6,0.22,62.4,62.4,53898779.01697011,37380703.47552143,39617211.606752105,27475932.973040387,VN_PDP8_BASELINE,VN_NZE_STRESS,Vietnam,increasing_carbon_tax_50,0.03,0.08,0.02,1,2029,0.25
4d182cde-9c6e-4ef7-8fa9-d348ae66436f,VN_ABCD_001_GasCap_2028,EVN (Electricity of Vietnam) :: GasCap :: 2028,VN_ABCD_001,EVN (Electricity of Vietnam),VN,Power,GasCap,2030,NA,13128239.838315789,11105547.631578948,15105691.317052633,0.012,0.085,1.6,0.22,63,58.5,70301724.33418106,40907490.10799941,47846172.30434252,27840950.40032886,VN_PDP8_BASELINE,VN_NZE_STRESS,Vietnam,increasing_carbon_tax_50,0.03,0.08,0.02,1,2029,0.25
4d182cde-9c6e-4ef7-8fa9-d348ae66436f,VN_ABCD_001_GasCap_2028,EVN (Electricity of Vietnam) :: GasCap :: 2028,VN_ABCD_001,EVN (Electricity of Vietnam),VN,Power,GasCap,2031,NA,NA,NA,NA,0.012,0.085,1.6,0.22,NA,NA,71707758.82086468,41725639.910159394,1195129313.681078,695427331.83599,VN_PDP8_BASELINE,VN_NZE_STRESS,Vietnam,increasing_carbon_tax_50,0.03,0.08,0.02,1,2029,0.25
4d182cde-9c6e-4ef7-8fa9-d348ae66436f,VN_ABCD_001_GasCap_2029,EVN (Electricity of Vietnam) :: GasCap :: 2029,VN_ABCD_001,EVN (Electricity of Vietnam),VN,Power,GasCap,2025,7612440.000000001,7612440.000000001,7612440.000000001,7612440.000000001,0.012,0.085,1.6,0.22,60,60,38823444.00000001,38823444.00000001,38823444.00000001,38823444.00000001,VN_PDP8_BASELINE,VN_NZE_STRESS,Vietnam,increasing_carbon_tax_50,0.03,0.08,0.02,1,2029,0.25
4d182cde-9c6e-4ef7-8fa9-d348ae66436f,VN_ABCD_001_GasCap_2029,EVN (Electricity of Vietnam) :: GasCap :: 2029,VN_ABCD_001,EVN (Electricity of Vietnam),VN,Power,GasCap,2026,7750848.000000001,7750848.000000001,8134820.930526316,7750848.000000001,0.012,0.085,1.6,0.22,60.6,60.6,39924618.04800001,39924618.04800001,36967238.93333334,36967238.93333334,VN_PDP8_BASELINE,VN_NZE_STRESS,Vietnam,increasing_carbon_tax_50,0.03,0.08,0.02,1,2029,0.25
4d182cde-9c6e-4ef7-8fa9-d348ae66436f,VN_ABCD_001_GasCap_2029,EVN (Electricity of Vietnam) :: GasCap :: 2029,VN_ABCD_001,EVN (Electricity of Vietnam),VN,Power,GasCap,2027,7889255.999999999,7889255.999999999,9726294.391578946,7889255.999999999,0.012,0.085,1.6,0.22,61.2,61.2,41039909.712000005,41039909.712000005,35185107.777777776,35185107.777777776,VN_PDP8_BASELINE,VN_NZE_STRESS,Vietnam,increasing_carbon_tax_50,0.03,0.08,0.02,1,2029,0.25
4d182cde-9c6e-4ef7-8fa9-d348ae66436f,VN_ABCD_001_GasCap_2029,EVN (Electricity of Vietnam) :: GasCap :: 2029,VN_ABCD_001,EVN (Electricity of Vietnam),VN,Power,GasCap,2028,8027664,8027664,10618457.790315786,8027664,0.012,0.085,1.6,0.22,61.8,61.8,42169318.992,42169318.992,33475364.99771376,33475364.99771376,VN_PDP8_BASELINE,VN_NZE_STRESS,Vietnam,increasing_carbon_tax_50,0.03,0.08,0.02,1,2029,0.25
4d182cde-9c6e-4ef7-8fa9-d348ae66436f,VN_ABCD_001_GasCap_2029,EVN (Electricity of Vietnam) :: GasCap :: 2029,VN_ABCD_001,EVN (Electricity of Vietnam),VN,Power,GasCap,2029,8166071.999999999,8166071.999999999,10903131.479578948,11663509.013122806,0.012,0.085,1.6,0.22,62.4,62.4,43312845.888,26583000.147301976,31836234.7372521,19539298.685159467,VN_PDP8_BASELINE,VN_NZE_STRESS,Vietnam,increasing_carbon_tax_50,0.03,0.08,0.02,1,2029,0.25
4d182cde-9c6e-4ef7-8fa9-d348ae66436f,VN_ABCD_001_GasCap_2029,EVN (Electricity of Vietnam) :: GasCap :: 2029,VN_ABCD_001,EVN (Electricity of Vietnam),VN,Power,GasCap,2030,NA,11170430.10842105,11247926.44736842,15299354.026245613,0.012,0.085,1.6,0.22,63,58.5,59817653.230594724,30859810.937789783,40710889.674734555,21002668.787898146,VN_PDP8_BASELINE,VN_NZE_STRESS,Vietnam,increasing_carbon_tax_50,0.03,0.08,0.02,1,2029,0.25
4d182cde-9c6e-4ef7-8fa9-d348ae66436f,VN_ABCD_001_GasCap_2029,EVN (Electricity of Vietnam) :: GasCap :: 2029,VN_ABCD_001,EVN (Electricity of Vietnam),VN,Power,GasCap,2031,NA,NA,NA,NA,0.012,0.085,1.6,0.22,NA,NA,61014006.29520662,31477007.15654558,1016900104.9201103,524616785.9424263,VN_PDP8_BASELINE,VN_NZE_STRESS,Vietnam,increasing_carbon_tax_50,0.03,0.08,0.02,1,2029,0.25
4d182cde-9c6e-4ef7-8fa9-d348ae66436f,VN_ABCD_001_GasCap_2030,EVN (Electricity of Vietnam) :: GasCap :: 2030,VN_ABCD_001,EVN (Electricity of Vietnam),VN,Power,GasCap,2025,7708800.000000001,7708800.000000001,7708800.000000001,7708800.000000001,0.012,0.085,1.6,0.22,60,60,39314880.00000001,39314880.00000001,39314880.00000001,39314880.00000001,VN_PDP8_BASELINE,VN_NZE_STRESS,Vietnam,increasing_carbon_tax_50,0.03,0.08,0.02,1,2029,0.25
4d182cde-9c6e-4ef7-8fa9-d348ae66436f,VN_ABCD_001_GasCap_2030,EVN (Electricity of Vietnam) :: GasCap :: 2030,VN_ABCD_001,EVN (Electricity of Vietnam),VN,Power,GasCap,2026,7848960.000000001,7848960.000000001,8237793.347368422,7848960.000000001,0.012,0.085,1.6,0.22,60.6,60.6,40429992.96000001,40429992.96000001,37435178.66666667,37435178.66666667,VN_PDP8_BASELINE,VN_NZE_STRESS,Vietnam,increasing_carbon_tax_50,0.03,0.08,0.02,1,2029,0.25
4d182cde-9c6e-4ef7-8fa9-d348ae66436f,VN_ABCD_001_GasCap_2030,EVN (Electricity of Vietnam) :: GasCap :: 2030,VN_ABCD_001,EVN (Electricity of Vietnam),VN,Power,GasCap,2027,7989119.999999999,7989119.999999999,9849412.042105263,7989119.999999999,0.012,0.085,1.6,0.22,61.2,61.2,41559402.239999995,41559402.239999995,35630488.88888888,35630488.88888888,VN_PDP8_BASELINE,VN_NZE_STRESS,Vietnam,increasing_carbon_tax_50,0.03,0.08,0.02,1,2029,0.25
4d182cde-9c6e-4ef7-8fa9-d348ae66436f,VN_ABCD_001_GasCap_2030,EVN (Electricity of Vietnam) :: GasCap :: 2030,VN_ABCD_001,EVN (Electricity of Vietnam),VN,Power,GasCap,2028,8129279.999999999,8129279.999999999,10752868.648421051,8129279.999999999,0.012,0.085,1.6,0.22,61.8,61.8,42703107.839999996,42703107.839999996,33899103.79515317,33899103.79515317,VN_PDP8_BASELINE,VN_NZE_STRESS,Vietnam,increasing_carbon_tax_50,0.03,0.08,0.02,1,2029,0.25
4d182cde-9c6e-4ef7-8fa9-d348ae66436f,VN_ABCD_001_GasCap_2030,EVN (Electricity of Vietnam) :: GasCap :: 2030,VN_ABCD_001,EVN (Electricity of Vietnam),VN,Power,GasCap,2029,8269440,8269440,11041145.802105265,11811148.367719296,0.012,0.085,1.6,0.22,62.4,62.4,43861109.760000005,26919493.82005264,32239225.050381884,19786631.579908323,VN_PDP8_BASELINE,VN_NZE_STRESS,Vietnam,increasing_carbon_tax_50,0.03,0.08,0.02,1,2029,0.25
4d182cde-9c6e-4ef7-8fa9-d348ae66436f,VN_ABCD_001_GasCap_2030,EVN (Electricity of Vietnam) :: GasCap :: 2030,VN_ABCD_001,EVN (Electricity of Vietnam),VN,Power,GasCap,2030,8409600,8409600,11390305.263157895,15493016.735438596,0.012,0.085,1.6,0.22,63,58.5,45033408,16819112.935358092,30648980.789965384,11446805.652817758,VN_PDP8_BASELINE,VN_NZE_STRESS,Vietnam,increasing_carbon_tax_50,0.03,0.08,0.02,1,2029,0.25
4d182cde-9c6e-4ef7-8fa9-d348ae66436f,VN_ABCD_001_GasCap_2030,EVN (Electricity of Vietnam) :: GasCap :: 2030,VN_ABCD_001,EVN (Electricity of Vietnam),VN,Power,GasCap,2031,NA,NA,NA,NA,0.012,0.085,1.6,0.22,NA,NA,45934076.160000004,17155495.194065254,765567936.0000001,285924919.9010876,VN_PDP8_BASELINE,VN_NZE_STRESS,Vietnam,increasing_carbon_tax_50,0.03,0.08,0.02,1,2029,0.25
4d182cde-9c6e-4ef7-8fa9-d348ae66436f,VN_ABCD_001_HydroCap_2025,NA,VN_ABCD_001,NA,NA,Power,HydroCap,2025,NA,NA,NA,NA,NA,NA,NA,NA,NA,NA,146358576,NA,146358576,NA,VN_PDP8_BASELINE,VN_NZE_STRESS,Vietnam,increasing_carbon_tax_50,0.03,0.08,0.02,1,2029,0.25
4d182cde-9c6e-4ef7-8fa9-d348ae66436f,VN_ABCD_001_HydroCap_2025,NA,VN_ABCD_001,NA,NA,Power,HydroCap,2026,NA,NA,NA,NA,NA,NA,NA,NA,NA,NA,146587108.8573556,NA,135728804.49755147,NA,VN_PDP8_BASELINE,VN_NZE_STRESS,Vietnam,increasing_carbon_tax_50,0.03,0.08,0.02,1,2029,0.25
4d182cde-9c6e-4ef7-8fa9-d348ae66436f,VN_ABCD_001_HydroCap_2025,NA,VN_ABCD_001,NA,NA,Power,HydroCap,2027,NA,NA,NA,NA,NA,NA,NA,NA,NA,NA,146840468.33988684,NA,125892033.89907993,NA,VN_PDP8_BASELINE,VN_NZE_STRESS,Vietnam,increasing_carbon_tax_50,0.03,0.08,0.02,1,2029,0.25
4d182cde-9c6e-4ef7-8fa9-d348ae66436f,VN_ABCD_001_HydroCap_2025,NA,VN_ABCD_001,NA,NA,Power,HydroCap,2028,NA,NA,NA,NA,NA,NA,NA,NA,NA,NA,147146047.25733152,NA,116809276.45154727,NA,VN_PDP8_BASELINE,VN_NZE_STRESS,Vietnam,increasing_carbon_tax_50,0.03,0.08,0.02,1,2029,0.25
4d182cde-9c6e-4ef7-8fa9-d348ae66436f,VN_ABCD_001_HydroCap_2025,NA,VN_ABCD_001,NA,NA,Power,HydroCap,2029,NA,NA,NA,NA,NA,NA,NA,NA,NA,NA,147447232.18894553,NA,108378117.37108509,NA,VN_PDP8_BASELINE,VN_NZE_STRESS,Vietnam,increasing_carbon_tax_50,0.03,0.08,0.02,1,2029,0.25
4d182cde-9c6e-4ef7-8fa9-d348ae66436f,VN_ABCD_001_HydroCap_2025,NA,VN_ABCD_001,NA,NA,Power,HydroCap,2030,NA,NA,NA,NA,NA,NA,NA,NA,NA,NA,147881921.25845945,NA,100645950.75357604,NA,VN_PDP8_BASELINE,VN_NZE_STRESS,Vietnam,increasing_carbon_tax_50,0.03,0.08,0.02,1,2029,0.25
4d182cde-9c6e-4ef7-8fa9-d348ae66436f,VN_ABCD_001_HydroCap_2025,NA,VN_ABCD_001,NA,NA,Power,HydroCap,2031,NA,NA,NA,NA,NA,NA,NA,NA,NA,NA,150839559.68362865,NA,2513992661.3938107,NA,VN_PDP8_BASELINE,VN_NZE_STRESS,Vietnam,increasing_carbon_tax_50,0.03,0.08,0.02,1,2029,0.25
4d182cde-9c6e-4ef7-8fa9-d348ae66436f,VN_ABCD_001_HydroCap_2026,EVN (Electricity of Vietnam) :: HydroCap :: 2026,VN_ABCD_001,EVN (Electricity of Vietnam),VN,Power,HydroCap,2025,30944700.000000004,30944700.000000004,30944700.000000004,30944700.000000004,0.012,0.085,1.6,0.22,56,56,147296772.00000003,147296772.00000003,147296772.00000003,147296772.00000003,VN_PDP8_BASELINE,VN_NZE_STRESS,Vietnam,increasing_carbon_tax_50,0.03,0.08,0.02,1,2029,0.25
4d182cde-9c6e-4ef7-8fa9-d348ae66436f,VN_ABCD_001_HydroCap_2026,EVN (Electricity of Vietnam) :: HydroCap :: 2026,VN_ABCD_001,EVN (Electricity of Vietnam),VN,Power,HydroCap,2026,30944700.000000004,30944700.000000004,30888709.478523728,30944700.000000004,0.012,0.085,1.6,0.22,56.1,56.1,147559801.95000002,147559801.95000002,136629446.25,136629446.25,VN_PDP8_BASELINE,VN_NZE_STRESS,Vietnam,increasing_carbon_tax_50,0.03,0.08,0.02,1,2029,0.25
4d182cde-9c6e-4ef7-8fa9-d348ae66436f,VN_ABCD_001_HydroCap_2026,EVN (Electricity of Vietnam) :: HydroCap :: 2026,VN_ABCD_001,EVN (Electricity of Vietnam),VN,Power,HydroCap,2027,NA,30943027.928112913,30837209.664401356,30943027.928112913,0.012,0.085,1.6,0.22,56.2,56.2,147814844.4125954,147814844.4125954,126727404.33178616,126727404.33178616,VN_PDP8_BASELINE,VN_NZE_STRESS,Vietnam,increasing_carbon_tax_50,0.03,0.08,0.02,1,2029,0.25
4d182cde-9c6e-4ef7-8fa9-d348ae66436f,VN_ABCD_001_HydroCap_2026,EVN (Electricity of Vietnam) :: HydroCap :: 2026,VN_ABCD_001,EVN (Electricity of Vietnam),VN,Power,HydroCap,2028,NA,30952343.75719813,30845570.023836803,30952343.75719813,0.012,0.085,1.6,0.22,56.3,56.3,148122441.05007166,148122441.05007166,117584369.32415634,117584369.32415634,VN_PDP8_BASELINE,VN_NZE_STRESS,Vietnam,increasing_carbon_tax_50,0.03,0.08,0.02,1,2029,0.25
4d182cde-9c6e-4ef7-8fa9-d348ae66436f,VN_ABCD_001_HydroCap_2026,EVN (Electricity of Vietnam) :: HydroCap :: 2026,VN_ABCD_001,EVN (Electricity of Vietnam),VN,Power,HydroCap,2029,NA,30960704.11663358,30852974.91362249,30808195.2360368,0.012,0.085,1.6,0.22,56.4,56.4,148425615.53514138,147694487.96156043,109097258.33801793,108559857.7452333,VN_PDP8_BASELINE,VN_NZE_STRESS,Vietnam,increasing_carbon_tax_50,0.03,0.08,0.02,1,2029,0.25
4d182cde-9c6e-4ef7-8fa9-d348ae66436f,VN_ABCD_001_HydroCap_2026,EVN (Electricity of Vietnam) :: HydroCap :: 2026,VN_ABCD_001,EVN (Electricity of Vietnam),VN,Power,HydroCap,2030,NA,30997011.963324677,30887849.55583894,30664046.714875467,0.012,0.085,1.6,0.22,56.5,57,148863149.95386678,148567306.33357164,101313758.51611762,101112412.31919512,VN_PDP8_BASELINE,VN_NZE_STRESS,Vietnam,increasing_carbon_tax_50,0.03,0.08,0.02,1,2029,0.25
4d182cde-9c6e-4ef7-8fa9-d348ae66436f,VN_ABCD_001_HydroCap_2026,EVN (Electricity of Vietnam) :: HydroCap :: 2026,VN_ABCD_001,EVN (Electricity of Vietnam),VN,Power,HydroCap,2031,NA,NA,NA,NA,0.012,0.085,1.6,0.22,NA,NA,151840412.95294413,151538652.46024308,2530673549.2157354,2525644207.670718,VN_PDP8_BASELINE,VN_NZE_STRESS,Vietnam,increasing_carbon_tax_50,0.03,0.08,0.02,1,2029,0.25
4d182cde-9c6e-4ef7-8fa9-d348ae66436f,VN_ABCD_001_HydroCap_2027,EVN (Electricity of Vietnam) :: HydroCap :: 2027,VN_ABCD_001,EVN (Electricity of Vietnam),VN,Power,HydroCap,2025,31141800,31141800,31141800,31141800,0.012,0.085,1.6,0.22,56,56,148234968,148234968,148234968,148234968,VN_PDP8_BASELINE,VN_NZE_STRESS,Vietnam,increasing_carbon_tax_50,0.03,0.08,0.02,1,2029,0.25
4d182cde-9c6e-4ef7-8fa9-d348ae66436f,VN_ABCD_001_HydroCap_2027,EVN (Electricity of Vietnam) :: HydroCap :: 2027,VN_ABCD_001,EVN (Electricity of Vietnam),VN,Power,HydroCap,2026,31141800,31141800,31085452.8509984,31141800,0.012,0.085,1.6,0.22,56.1,56.1,148499673.3,148499673.3,137499697.5,137499697.5,VN_PDP8_BASELINE,VN_NZE_STRESS,Vietnam,increasing_carbon_tax_50,0.03,0.08,0.02,1,2029,0.25
4d182cde-9c6e-4ef7-8fa9-d348ae66436f,VN_ABCD_001_HydroCap_2027,EVN (Electricity of Vietnam) :: HydroCap :: 2027,VN_ABCD_001,EVN (Electricity of Vietnam),VN,Power,HydroCap,2027,31141800,31141800,31033625.01258225,31141800,0.012,0.085,1.6,0.22,56.2,56.2,148764378.60000002,148764378.60000002,127541476.85185187,127541476.85185187,VN_PDP8_BASELINE,VN_NZE_STRESS,Vietnam,increasing_carbon_tax_50,0.03,0.08,0.02,1,2029,0.25
4d182cde-9c6e-4ef7-8fa9-d348ae66436f,VN_ABCD_001_HydroCap_2027,EVN (Electricity of Vietnam) :: HydroCap :: 2027,VN_ABCD_001,EVN (Electricity of Vietnam),VN,Power,HydroCap,2028,NA,31151175.165576205,31042038.62271474,31151175.165576205,0.012,0.085,1.6,0.22,56.3,56.3,149073948.75486493,149073948.75486493,118339706.81780034,118339706.81780034,VN_PDP8_BASELINE,VN_NZE_STRESS,Vietnam,increasing_carbon_tax_50,0.03,0.08,0.02,1,2029,0.25
4d182cde-9c6e-4ef7-8fa9-d348ae66436f,VN_ABCD_001_HydroCap_2027,EVN (Electricity of Vietnam) :: HydroCap :: 2027,VN_ABCD_001,EVN (Electricity of Vietnam),VN,Power,HydroCap,2029,NA,31159588.775708698,31049490.677403517,31003864.871599317,0.012,0.085,1.6,0.22,56.4,56.4,149379068.5907475,148632528.19444713,109798074.79712844,109249345.31952916,VN_PDP8_BASELINE,VN_NZE_STRESS,Vietnam,increasing_carbon_tax_50,0.03,0.08,0.02,1,2029,0.25
4d182cde-9c6e-4ef7-8fa9-d348ae66436f,VN_ABCD_001_HydroCap_2027,EVN (Electricity of Vietnam) :: HydroCap :: 2027,VN_ABCD_001,EVN (Electricity of Vietnam),VN,Power,HydroCap,2030,NA,31196127.882569805,31084587.451099057,30856554.57762243,0.012,0.085,1.6,0.22,56.5,57,149819404.1560415,149500006.92858067,101964569.05821066,101747192.67202164,VN_PDP8_BASELINE,VN_NZE_STRESS,Vietnam,increasing_carbon_tax_50,0.03,0.08,0.02,1,2029,0.25
4d182cde-9c6e-4ef7-8fa9-d348ae66436f,VN_ABCD_001_HydroCap_2027,EVN (Electricity of Vietnam) :: HydroCap :: 2027,VN_ABCD_001,EVN (Electricity of Vietnam),VN,Power,HydroCap,2031,NA,NA,NA,NA,0.012,0.085,1.6,0.22,NA,NA,152815792.23916233,152490007.0671523,2546929870.6527057,2541500117.7858715,VN_PDP8_BASELINE,VN_NZE_STRESS,Vietnam,increasing_carbon_tax_50,0.03,0.08,0.02,1,2029,0.25
4d182cde-9c6e-4ef7-8fa9-d348ae66436f,VN_ABCD_001_HydroCap_2028,EVN (Electricity of Vietnam) :: HydroCap :: 2028,VN_ABCD_001,EVN (Electricity of Vietnam),VN,Power,HydroCap,2025,31338900.000000004,31338900.000000004,31338900.000000004,31338900.000000004,0.012,0.085,1.6,0.22,56,56,149173164.00000003,149173164.00000003,149173164.00000003,149173164.00000003,VN_PDP8_BASELINE,VN_NZE_STRESS,Vietnam,increasing_carbon_tax_50,0.03,0.08,0.02,1,2029,0.25
4d182cde-9c6e-4ef7-8fa9-d348ae66436f,VN_ABCD_001_HydroCap_2028,EVN (Electricity of Vietnam) :: HydroCap :: 2028,VN_ABCD_001,EVN (Electricity of Vietnam),VN,Power,HydroCap,2026,31338900.000000004,31338900.000000004,31282196.223473072,31338900.000000004,0.012,0.085,1.6,0.22,56.1,56.1,149439544.65000004,149439544.65000004,138369948.75000003,138369948.75000003,VN_PDP8_BASELINE,VN_NZE_STRESS,Vietnam,increasing_carbon_tax_50,0.03,0.08,0.02,1,2029,0.25
4d182cde-9c6e-4ef7-8fa9-d348ae66436f,VN_ABCD_001_HydroCap_2028,EVN (Electricity of Vietnam) :: HydroCap :: 2028,VN_ABCD_001,EVN (Electricity of Vietnam),VN,Power,HydroCap,2027,31338900.000000004,31338900.000000004,31230040.36076315,31338900.000000004,0.012,0.085,1.6,0.22,56.2,56.2,149705925.30000004,149705925.30000004,128348701.38888891,128348701.38888891,VN_PDP8_BASELINE,VN_NZE_STRESS,Vietnam,increasing_carbon_tax_50,0.03,0.08,0.02,1,2029,0.25
4d182cde-9c6e-4ef7-8fa9-d348ae66436f,VN_ABCD_001_HydroCap_2028,EVN (Electricity of Vietnam) :: HydroCap :: 2028,VN_ABCD_001,EVN (Electricity of Vietnam),VN,Power,HydroCap,2028,31338900.000000004,31338900.000000004,31238507.221592687,31338900.000000004,0.012,0.085,1.6,0.22,56.3,56.3,149972305.95000002,149972305.95000002,119052851.72325103,119052851.72325103,VN_PDP8_BASELINE,VN_NZE_STRESS,Vietnam,increasing_carbon_tax_50,0.03,0.08,0.02,1,2029,0.25
4d182cde-9c6e-4ef7-8fa9-d348ae66436f,VN_ABCD_001_HydroCap_2028,EVN (Electricity of Vietnam) :: HydroCap :: 2028,VN_ABCD_001,EVN (Electricity of Vietnam),VN,Power,HydroCap,2029,NA,31347366.860829536,31246006.44118456,31200091.864457544,0.012,0.085,1.6,0.22,56.4,56.4,150279276.7308168,149573240.39820948,110459754.65380974,109940796.87218443,VN_PDP8_BASELINE,VN_NZE_STRESS,Vietnam,increasing_carbon_tax_50,0.03,0.08,0.02,1,2029,0.25
4d182cde-9c6e-4ef7-8fa9-d348ae66436f,VN_ABCD_001_HydroCap_2028,EVN (Electricity of Vietnam) :: HydroCap :: 2028,VN_ABCD_001,EVN (Electricity of Vietnam),VN,Power,HydroCap,2030,NA,31384137.22786065,31281325.346359182,31061283.728915084,0.012,0.085,1.6,0.22,56.5,57,150722319.03680077,150491919.6665936,102579077.75440715,102422271.81443699,VN_PDP8_BASELINE,VN_NZE_STRESS,Vietnam,increasing_carbon_tax_50,0.03,0.08,0.02,1,2029,0.25
4d182cde-9c6e-4ef7-8fa9-d348ae66436f,VN_ABCD_001_HydroCap_2028,EVN (Electricity of Vietnam) :: HydroCap :: 2028,VN_ABCD_001,EVN (Electricity of Vietnam),VN,Power,HydroCap,2031,NA,NA,NA,NA,0.012,0.085,1.6,0.22,NA,NA,153736765.4175368,153501758.0599255,2562279423.625613,2558362634.332092,VN_PDP8_BASELINE,VN_NZE_STRESS,Vietnam,increasing_carbon_tax_50,0.03,0.08,0.02,1,2029,0.25
4d182cde-9c6e-4ef7-8fa9-d348ae66436f,VN_ABCD_001_HydroCap_2029,EVN (Electricity of Vietnam) :: HydroCap :: 2029,VN_ABCD_001,EVN (Electricity of Vietnam),VN,Power,HydroCap,2025,31536000,31536000,31536000,31536000,0.012,0.085,1.6,0.22,56,56,150111360,150111360,150111360,150111360,VN_PDP8_BASELINE,VN_NZE_STRESS,Vietnam,increasing_carbon_tax_50,0.03,0.08,0.02,1,2029,0.25
4d182cde-9c6e-4ef7-8fa9-d348ae66436f,VN_ABCD_001_HydroCap_2029,EVN (Electricity of Vietnam) :: HydroCap :: 2029,VN_ABCD_001,EVN (Electricity of Vietnam),VN,Power,HydroCap,2026,31536000,31536000,31478939.595947746,31536000,0.012,0.085,1.6,0.22,56.1,56.1,150379416,150379416,139240200,139240200,VN_PDP8_BASELINE,VN_NZE_STRESS,Vietnam,increasing_carbon_tax_50,0.03,0.08,0.02,1,2029,0.25
4d182cde-9c6e-4ef7-8fa9-d348ae66436f,VN_ABCD_001_HydroCap_2029,EVN (Electricity of Vietnam) :: HydroCap :: 2029,VN_ABCD_001,EVN (Electricity of Vietnam),VN,Power,HydroCap,2027,31536000,31536000,31426455.708944052,31536000,0.012,0.085,1.6,0.22,56.2,56.2,150647472,150647472,129155925.92592591,129155925.92592591,VN_PDP8_BASELINE,VN_NZE_STRESS,Vietnam,increasing_carbon_tax_50,0.03,0.08,0.02,1,2029,0.25
4d182cde-9c6e-4ef7-8fa9-d348ae66436f,VN_ABCD_001_HydroCap_2029,EVN (Electricity of Vietnam) :: HydroCap :: 2029,VN_ABCD_001,EVN (Electricity of Vietnam),VN,Power,HydroCap,2028,31536000,31536000,31434975.820470624,31536000,0.012,0.085,1.6,0.22,56.3,56.3,150915528,150915528,119801611.79698215,119801611.79698215,VN_PDP8_BASELINE,VN_NZE_STRESS,Vietnam,increasing_carbon_tax_50,0.03,0.08,0.02,1,2029,0.25
4d182cde-9c6e-4ef7-8fa9-d348ae66436f,VN_ABCD_001_HydroCap_2029,EVN (Electricity of Vietnam) :: HydroCap :: 2029,VN_ABCD_001,EVN (Electricity of Vietnam),VN,Power,HydroCap,2029,31536000,31536000,31442522.204965588,31396318.857315768,0.012,0.085,1.6,0.22,56.4,56.4,151183584,150513952.6019718,111124447.49276023,110632248.42483968,VN_PDP8_BASELINE,VN_NZE_STRESS,Vietnam,increasing_carbon_tax_50,0.03,0.08,0.02,1,2029,0.25
4d182cde-9c6e-4ef7-8fa9-d348ae66436f,VN_ABCD_001_HydroCap_2029,EVN (Electricity of Vietnam) :: HydroCap :: 2029,VN_ABCD_001,EVN (Electricity of Vietnam),VN,Power,HydroCap,2030,NA,31573001.627201125,31478063.241619296,31256637.71463154,0.012,0.085,1.6,0.22,56.5,57,151629340.31463343,151438409.7273898,103196381.19545214,103066437.04597434,VN_PDP8_BASELINE,VN_NZE_STRESS,Vietnam,increasing_carbon_tax_50,0.03,0.08,0.02,1,2029,0.25
4d182cde-9c6e-4ef7-8fa9-d348ae66436f,VN_ABCD_001_HydroCap_2029,EVN (Electricity of Vietnam) :: HydroCap :: 2029,VN_ABCD_001,EVN (Electricity of Vietnam),VN,Power,HydroCap,2031,NA,NA,NA,NA,0.012,0.085,1.6,0.22,NA,NA,154661927.1209261,154467177.9219376,2577698785.3487687,2574452965.365627,VN_PDP8_BASELINE,VN_NZE_STRESS,Vietnam,increasing_carbon_tax_50,0.03,0.08,0.02,1,2029,0.25
4d182cde-9c6e-4ef7-8fa9-d348ae66436f,VN_ABCD_001_HydroCap_2030,EVN (Electricity of Vietnam) :: HydroCap :: 2030,VN_ABCD_001,EVN (Electricity of Vietnam),VN,Power,HydroCap,2025,31930200,31930200,31930200,31930200,0.012,0.085,1.6,0.22,56,56,151987752,151987752,151987752,151987752,VN_PDP8_BASELINE,VN_NZE_STRESS,Vietnam,increasing_carbon_tax_50,0.03,0.08,0.02,1,2029,0.25
4d182cde-9c6e-4ef7-8fa9-d348ae66436f,VN_ABCD_001_HydroCap_2030,EVN (Electricity of Vietnam) :: HydroCap :: 2030,VN_ABCD_001,EVN (Electricity of Vietnam),VN,Power,HydroCap,2026,31930200,31930200,31872426.34089709,31930200,0.012,0.085,1.6,0.22,56.1,56.1,152259158.70000002,152259158.70000002,140980702.5,140980702.5,VN_PDP8_BASELINE,VN_NZE_STRESS,Vietnam,increasing_carbon_tax_50,0.03,0.08,0.02,1,2029,0.25
4d182cde-9c6e-4ef7-8fa9-d348ae66436f,VN_ABCD_001_HydroCap_2030,EVN (Electricity of Vietnam) :: HydroCap :: 2030,VN_ABCD_001,EVN (Electricity of Vietnam),VN,Power,HydroCap,2027,31930200,31930200,31819286.40530585,31930200,0.012,0.085,1.6,0.22,56.2,56.2,152530565.4,152530565.4,130770375,130770375,VN_PDP8_BASELINE,VN_NZE_STRESS,Vietnam,increasing_carbon_tax_50,0.03,0.08,0.02,1,2029,0.25
4d182cde-9c6e-4ef7-8fa9-d348ae66436f,VN_ABCD_001_HydroCap_2030,EVN (Electricity of Vietnam) :: HydroCap :: 2030,VN_ABCD_001,EVN (Electricity of Vietnam),VN,Power,HydroCap,2028,31930200,31930200,31827913.018226508,31930200,0.012,0.085,1.6,0.22,56.3,56.3,152801972.10000002,152801972.10000002,121299131.94444445,121299131.94444445,VN_PDP8_BASELINE,VN_NZE_STRESS,Vietnam,increasing_carbon_tax_50,0.03,0.08,0.02,1,2029,0.25
4d182cde-9c6e-4ef7-8fa9-d348ae66436f,VN_ABCD_001_HydroCap_2030,EVN (Electricity of Vietnam) :: HydroCap :: 2030,VN_ABCD_001,EVN (Electricity of Vietnam),VN,Power,HydroCap,2029,31930200,31930200,31835553.732527662,31788772.843032222,0.012,0.085,1.6,0.22,56.4,56.4,153073378.8,152395377.00949648,112513503.08641973,112015151.53015019,VN_PDP8_BASELINE,VN_NZE_STRESS,Vietnam,increasing_carbon_tax_50,0.03,0.08,0.02,1,2029,0.25
4d182cde-9c6e-4ef7-8fa9-d348ae66436f,VN_ABCD_001_HydroCap_2030,EVN (Electricity of Vietnam) :: HydroCap :: 2030,VN_ABCD_001,EVN (Electricity of Vietnam),VN,Power,HydroCap,2030,31930200,31930200,31871539.03213954,31647345.68606444,0.012,0.085,1.6,0.22,56.5,57,153344785.5,153331389.84898221,104363884.36404508,104354767.50904904,VN_PDP8_BASELINE,VN_NZE_STRESS,Vietnam,increasing_carbon_tax_50,0.03,0.08,0.02,1,2029,0.25
4d182cde-9c6e-4ef7-8fa9-d348ae66436f,VN_ABCD_001_HydroCap_2030,EVN (Electricity of Vietnam) :: HydroCap :: 2030,VN_ABCD_001,EVN (Electricity of Vietnam),VN,Power,HydroCap,2031,NA,NA,NA,NA,0.012,0.085,1.6,0.22,NA,NA,156411681.21,156398017.64596185,2606861353.5,2606633627.432698,VN_PDP8_BASELINE,VN_NZE_STRESS,Vietnam,increasing_carbon_tax_50,0.03,0.08,0.02,1,2029,0.25
4d182cde-9c6e-4ef7-8fa9-d348ae66436f,VN_ABCD_002_CoalCap_2025,NA,VN_ABCD_002,NA,NA,Power,CoalCap,2025,NA,NA,NA,NA,NA,NA,NA,NA,NA,NA,75889631.99999999,NA,75889631.99999999,NA,VN_PDP8_BASELINE,VN_NZE_STRESS,Vietnam,increasing_carbon_tax_50,0.03,0.08,0.02,1,2029,0.25
4d182cde-9c6e-4ef7-8fa9-d348ae66436f,VN_ABCD_002_CoalCap_2025,NA,VN_ABCD_002,NA,NA,Power,CoalCap,2026,NA,NA,NA,NA,NA,NA,NA,NA,NA,NA,73528417.65480666,NA,68081868.19889505,NA,VN_PDP8_BASELINE,VN_NZE_STRESS,Vietnam,increasing_carbon_tax_50,0.03,0.08,0.02,1,2029,0.25
4d182cde-9c6e-4ef7-8fa9-d348ae66436f,VN_ABCD_002_CoalCap_2025,NA,VN_ABCD_002,NA,NA,Power,CoalCap,2027,NA,NA,NA,NA,NA,NA,NA,NA,NA,NA,68094504.72636466,NA,58380062.35113568,NA,VN_PDP8_BASELINE,VN_NZE_STRESS,Vietnam,increasing_carbon_tax_50,0.03,0.08,0.02,1,2029,0.25
4d182cde-9c6e-4ef7-8fa9-d348ae66436f,VN_ABCD_002_CoalCap_2025,NA,VN_ABCD_002,NA,NA,Power,CoalCap,2028,NA,NA,NA,NA,NA,NA,NA,NA,NA,NA,63929435.333701655,NA,50749246.9181064,NA,VN_PDP8_BASELINE,VN_NZE_STRESS,Vietnam,increasing_carbon_tax_50,0.03,0.08,0.02,1,2029,0.25
4d182cde-9c6e-4ef7-8fa9-d348ae66436f,VN_ABCD_002_CoalCap_2025,NA,VN_ABCD_002,NA,NA,Power,CoalCap,2029,NA,NA,NA,NA,NA,NA,NA,NA,NA,NA,59266170.00875137,NA,43562404.21734209,NA,VN_PDP8_BASELINE,VN_NZE_STRESS,Vietnam,increasing_carbon_tax_50,0.03,0.08,0.02,1,2029,0.25
4d182cde-9c6e-4ef7-8fa9-d348ae66436f,VN_ABCD_002_CoalCap_2025,NA,VN_ABCD_002,NA,NA,Power,CoalCap,2030,NA,NA,NA,NA,NA,NA,NA,NA,NA,NA,54364858.61436464,NA,36999809.28205225,NA,VN_PDP8_BASELINE,VN_NZE_STRESS,Vietnam,increasing_carbon_tax_50,0.03,0.08,0.02,1,2029,0.25
4d182cde-9c6e-4ef7-8fa9-d348ae66436f,VN_ABCD_002_CoalCap_2025,NA,VN_ABCD_002,NA,NA,Power,CoalCap,2031,NA,NA,NA,NA,NA,NA,NA,NA,NA,NA,55452155.78665193,NA,924202596.4441988,NA,VN_PDP8_BASELINE,VN_NZE_STRESS,Vietnam,increasing_carbon_tax_50,0.03,0.08,0.02,1,2029,0.25
4d182cde-9c6e-4ef7-8fa9-d348ae66436f,VN_ABCD_002_CoalCap_2026,Vinacomin Power JSC :: CoalCap :: 2026,VN_ABCD_002,Vinacomin Power JSC,VN,Power,CoalCap,2025,15820559.999999998,15820559.999999998,15820559.999999998,15820559.999999998,0.02,0.07,1.85,0.26,68,68,75305865.6,75305865.6,75305865.6,75305865.6,VN_PDP8_BASELINE,VN_NZE_STRESS,Vietnam,increasing_carbon_tax_50,0.03,0.08,0.02,1,2029,0.25
4d182cde-9c6e-4ef7-8fa9-d348ae66436f,VN_ABCD_002_CoalCap_2026,Vinacomin Power JSC :: CoalCap :: 2026,VN_ABCD_002,Vinacomin Power JSC,VN,Power,CoalCap,2026,15255540.000000002,15255540.000000002,13297161.950055249,15255540.000000002,0.02,0.07,1.85,0.26,68.4,68.4,73043525.52000003,73043525.52000003,67632894.00000001,67632894.00000001,VN_PDP8_BASELINE,VN_NZE_STRESS,Vietnam,increasing_carbon_tax_50,0.03,0.08,0.02,1,2029,0.25
4d182cde-9c6e-4ef7-8fa9-d348ae66436f,VN_ABCD_002_CoalCap_2026,Vinacomin Power JSC :: CoalCap :: 2026,VN_ABCD_002,Vinacomin Power JSC,VN,Power,CoalCap,2027,NA,14047318.088950276,10472717.498121548,14047318.088950276,0.02,0.07,1.85,0.26,68.8,68.8,67651883.91638453,67651883.91638453,58000586.34806629,58000586.34806629,VN_PDP8_BASELINE,VN_NZE_STRESS,Vietnam,increasing_carbon_tax_50,0.03,0.08,0.02,1,2029,0.25
4d182cde-9c6e-4ef7-8fa9-d348ae66436f,VN_ABCD_002_CoalCap_2026,Vinacomin Power JSC :: CoalCap :: 2026,VN_ABCD_002,Vinacomin Power JSC,VN,Power,CoalCap,2028,NA,13112990.403314918,7949488.017679557,13112990.403314918,0.02,0.07,1.85,0.26,69.2,69.2,63519325.51365747,63519325.51365747,50423688.52059635,50423688.52059635,VN_PDP8_BASELINE,VN_NZE_STRESS,Vietnam,increasing_carbon_tax_50,0.03,0.08,0.02,1,2029,0.25
4d182cde-9c6e-4ef7-8fa9-d348ae66436f,VN_ABCD_002_CoalCap_2026,Vinacomin Power JSC :: CoalCap :: 2026,VN_ABCD_002,Vinacomin Power JSC,VN,Power,CoalCap,2029,NA,12087931.74364641,5794115.900817679,4047471.7599778995,0.02,0.07,1.85,0.26,69.6,69.6,58892403.455045305,9625899.713167438,43287674.64239129,7075323.649202884,VN_PDP8_BASELINE,VN_NZE_STRESS,Vietnam,increasing_carbon_tax_50,0.03,0.08,0.02,1,2029,0.25
4d182cde-9c6e-4ef7-8fa9-d348ae66436f,VN_ABCD_002_CoalCap_2026,Vinacomin Power JSC :: CoalCap :: 2026,VN_ABCD_002,Vinacomin Power JSC,VN,Power,CoalCap,2030,NA,11026380.908287294,3931790.002209944,0,0.02,0.07,1.85,0.26,70,60,54029266.45060775,0,36771410.89434311,0,VN_PDP8_BASELINE,VN_NZE_STRESS,Vietnam,increasing_carbon_tax_50,0.03,0.08,0.02,1,2029,0.25
4d182cde-9c6e-4ef7-8fa9-d348ae66436f,VN_ABCD_002_CoalCap_2026,Vinacomin Power JSC :: CoalCap :: 2026,VN_ABCD_002,Vinacomin Power JSC,VN,Power,CoalCap,2031,NA,NA,NA,NA,0.02,0.07,1.85,0.26,NA,NA,55109851.7796199,0,918497529.6603317,0,VN_PDP8_BASELINE,VN_NZE_STRESS,Vietnam,increasing_carbon_tax_50,0.03,0.08,0.02,1,2029,0.25
4d182cde-9c6e-4ef7-8fa9-d348ae66436f,VN_ABCD_002_CoalCap_2027,Vinacomin Power JSC :: CoalCap :: 2027,VN_ABCD_002,Vinacomin Power JSC,VN,Power,CoalCap,2025,15636600,15636600,15636600,15636600,0.02,0.07,1.85,0.26,68,68,74430216,74430216,74430216,74430216,VN_PDP8_BASELINE,VN_NZE_STRESS,Vietnam,increasing_carbon_tax_50,0.03,0.08,0.02,1,2029,0.25
4d182cde-9c6e-4ef7-8fa9-d348ae66436f,VN_ABCD_002_CoalCap_2027,Vinacomin Power JSC :: CoalCap :: 2027,VN_ABCD_002,Vinacomin Power JSC,VN,Power,CoalCap,2026,15078150,15078150,13142543.787845302,15078150,0.02,0.07,1.85,0.26,68.4,68.4,72194182.20000002,72194182.20000002,66846465.000000015,66846465.000000015,VN_PDP8_BASELINE,VN_NZE_STRESS,Vietnam,increasing_carbon_tax_50,0.03,0.08,0.02,1,2029,0.25
4d182cde-9c6e-4ef7-8fa9-d348ae66436f,VN_ABCD_002_CoalCap_2027,Vinacomin Power JSC :: CoalCap :: 2027,VN_ABCD_002,Vinacomin Power JSC,VN,Power,CoalCap,2027,14519700,14519700,10350941.713259669,14519700,0.02,0.07,1.85,0.26,68.8,68.8,69926875.2,69926875.2,59951024.69135802,59951024.69135802,VN_PDP8_BASELINE,VN_NZE_STRESS,Vietnam,increasing_carbon_tax_50,0.03,0.08,0.02,1,2029,0.25
4d182cde-9c6e-4ef7-8fa9-d348ae66436f,VN_ABCD_002_CoalCap_2027,Vinacomin Power JSC :: CoalCap :: 2027,VN_ABCD_002,Vinacomin Power JSC,VN,Power,CoalCap,2028,NA,13596236.589779006,7857052.110497238,13596236.589779006,0.02,0.07,1.85,0.26,69.2,69.2,65860170.04088951,65860170.04088951,52281926.37752875,52281926.37752875,VN_PDP8_BASELINE,VN_NZE_STRESS,Vietnam,increasing_carbon_tax_50,0.03,0.08,0.02,1,2029,0.25
4d182cde-9c6e-4ef7-8fa9-d348ae66436f,VN_ABCD_002_CoalCap_2027,Vinacomin Power JSC :: CoalCap :: 2027,VN_ABCD_002,Vinacomin Power JSC,VN,Power,CoalCap,2029,NA,12583097.216850828,5726742.460110497,3788500.528508289,0.02,0.07,1.85,0.26,69.6,69.6,61304849.64049724,9010001.381924838,45060894.60696338,6622619.989452054,VN_PDP8_BASELINE,VN_NZE_STRESS,Vietnam,increasing_carbon_tax_50,0.03,0.08,0.02,1,2029,0.25
4d182cde-9c6e-4ef7-8fa9-d348ae66436f,VN_ABCD_002_CoalCap_2027,Vinacomin Power JSC :: CoalCap :: 2027,VN_ABCD_002,Vinacomin Power JSC,VN,Power,CoalCap,2030,NA,11533889.995856352,3886071.513812155,0,0.02,0.07,1.85,0.26,70,60,56516060.979696125,0,38463881.465316124,0,VN_PDP8_BASELINE,VN_NZE_STRESS,Vietnam,increasing_carbon_tax_50,0.03,0.08,0.02,1,2029,0.25
4d182cde-9c6e-4ef7-8fa9-d348ae66436f,VN_ABCD_002_CoalCap_2027,Vinacomin Power JSC :: CoalCap :: 2027,VN_ABCD_002,Vinacomin Power JSC,VN,Power,CoalCap,2031,NA,NA,NA,NA,0.02,0.07,1.85,0.26,NA,NA,57646382.199290045,0,960773036.6548342,0,VN_PDP8_BASELINE,VN_NZE_STRESS,Vietnam,increasing_carbon_tax_50,0.03,0.08,0.02,1,2029,0.25
4d182cde-9c6e-4ef7-8fa9-d348ae66436f,VN_ABCD_002_CoalCap_2028,Vinacomin Power JSC :: CoalCap :: 2028,VN_ABCD_002,Vinacomin Power JSC,VN,Power,CoalCap,2025,15330000,15330000,15330000,15330000,0.02,0.07,1.85,0.26,68,68,72970800,72970800,72970800,72970800,VN_PDP8_BASELINE,VN_NZE_STRESS,Vietnam,increasing_carbon_tax_50,0.03,0.08,0.02,1,2029,0.25
4d182cde-9c6e-4ef7-8fa9-d348ae66436f,VN_ABCD_002_CoalCap_2028,Vinacomin Power JSC :: CoalCap :: 2028,VN_ABCD_002,Vinacomin Power JSC,VN,Power,CoalCap,2026,14782500,14782500,12884846.85082873,14782500,0.02,0.07,1.85,0.26,68.4,68.4,70778610.00000001,70778610.00000001,65535750.00000001,65535750.00000001,VN_PDP8_BASELINE,VN_NZE_STRESS,Vietnam,increasing_carbon_tax_50,0.03,0.08,0.02,1,2029,0.25
4d182cde-9c6e-4ef7-8fa9-d348ae66436f,VN_ABCD_002_CoalCap_2028,Vinacomin Power JSC :: CoalCap :: 2028,VN_ABCD_002,Vinacomin Power JSC,VN,Power,CoalCap,2027,14235000,14235000,10147982.071823204,14235000,0.02,0.07,1.85,0.26,68.8,68.8,68555760,68555760,58775514.40329218,58775514.40329218,VN_PDP8_BASELINE,VN_NZE_STRESS,Vietnam,increasing_carbon_tax_50,0.03,0.08,0.02,1,2029,0.25
4d182cde-9c6e-4ef7-8fa9-d348ae66436f,VN_ABCD_002_CoalCap_2028,Vinacomin Power JSC :: CoalCap :: 2028,VN_ABCD_002,Vinacomin Power JSC,VN,Power,CoalCap,2028,13687500,13687500,7702992.265193371,13687500,0.02,0.07,1.85,0.26,69.2,69.2,66302250.00000001,66302250.00000001,52632863.70217954,52632863.70217954,VN_PDP8_BASELINE,VN_NZE_STRESS,Vietnam,increasing_carbon_tax_50,0.03,0.08,0.02,1,2029,0.25
4d182cde-9c6e-4ef7-8fa9-d348ae66436f,VN_ABCD_002_CoalCap_2028,Vinacomin Power JSC :: CoalCap :: 2028,VN_ABCD_002,Vinacomin Power JSC,VN,Power,CoalCap,2029,NA,12694226.104972374,5614453.392265193,3714216.2044198886,0.02,0.07,1.85,0.26,69.6,69.6,61846269.5834254,8833334.688161599,45458854.42791494,6492764.695541224,VN_PDP8_BASELINE,VN_NZE_STRESS,Vietnam,increasing_carbon_tax_50,0.03,0.08,0.02,1,2029,0.25
4d182cde-9c6e-4ef7-8fa9-d348ae66436f,VN_ABCD_002_CoalCap_2028,Vinacomin Power JSC :: CoalCap :: 2028,VN_ABCD_002,Vinacomin Power JSC,VN,Power,CoalCap,2030,NA,11665591.574585633,3809874.0331491707,0,0.02,0.07,1.85,0.26,70,60,57161398.71546961,0,38903087.48469537,0,VN_PDP8_BASELINE,VN_NZE_STRESS,Vietnam,increasing_carbon_tax_50,0.03,0.08,0.02,1,2029,0.25
4d182cde-9c6e-4ef7-8fa9-d348ae66436f,VN_ABCD_002_CoalCap_2028,Vinacomin Power JSC :: CoalCap :: 2028,VN_ABCD_002,Vinacomin Power JSC,VN,Power,CoalCap,2031,NA,NA,NA,NA,0.02,0.07,1.85,0.26,NA,NA,58304626.689779006,0,971743778.1629834,0,VN_PDP8_BASELINE,VN_NZE_STRESS,Vietnam,increasing_carbon_tax_50,0.03,0.08,0.02,1,2029,0.25
4d182cde-9c6e-4ef7-8fa9-d348ae66436f,VN_ABCD_002_CoalCap_2029,Vinacomin Power JSC :: CoalCap :: 2029,VN_ABCD_002,Vinacomin Power JSC,VN,Power,CoalCap,2025,15084720,15084720,15084720,15084720,0.02,0.07,1.85,0.26,68,68,71803267.2,71803267.2,71803267.2,71803267.2,VN_PDP8_BASELINE,VN_NZE_STRESS,Vietnam,increasing_carbon_tax_50,0.03,0.08,0.02,1,2029,0.25
4d182cde-9c6e-4ef7-8fa9-d348ae66436f,VN_ABCD_002_CoalCap_2029,Vinacomin Power JSC :: CoalCap :: 2029,VN_ABCD_002,Vinacomin Power JSC,VN,Power,CoalCap,2026,14545980,14545980,12678689.30121547,14545980,0.02,0.07,1.85,0.26,68.4,68.4,69646152.24000001,69646152.24000001,64487178.00000001,64487178.00000001,VN_PDP8_BASELINE,VN_NZE_STRESS,Vietnam,increasing_carbon_tax_50,0.03,0.08,0.02,1,2029,0.25
4d182cde-9c6e-4ef7-8fa9-d348ae66436f,VN_ABCD_002_CoalCap_2029,Vinacomin Power JSC :: CoalCap :: 2029,VN_ABCD_002,Vinacomin Power JSC,VN,Power,CoalCap,2027,14007240,14007240,9985614.358674034,14007240,0.02,0.07,1.85,0.26,68.8,68.8,67458867.84,67458867.84,57835106.17283951,57835106.17283951,VN_PDP8_BASELINE,VN_NZE_STRESS,Vietnam,increasing_carbon_tax_50,0.03,0.08,0.02,1,2029,0.25
4d182cde-9c6e-4ef7-8fa9-d348ae66436f,VN_ABCD_002_CoalCap_2029,Vinacomin Power JSC :: CoalCap :: 2029,VN_ABCD_002,Vinacomin Power JSC,VN,Power,CoalCap,2028,13468500,13468500,7579744.388950275,13468500,0.02,0.07,1.85,0.26,69.2,69.2,65241414.00000001,65241414.00000001,51790737.88294467,51790737.88294467,VN_PDP8_BASELINE,VN_NZE_STRESS,Vietnam,increasing_carbon_tax_50,0.03,0.08,0.02,1,2029,0.25
4d182cde-9c6e-4ef7-8fa9-d348ae66436f,VN_ABCD_002_CoalCap_2029,Vinacomin Power JSC :: CoalCap :: 2029,VN_ABCD_002,Vinacomin Power JSC,VN,Power,CoalCap,2029,12929760,12929760,5524622.13798895,3654788.745149171,0.02,0.07,1.85,0.26,69.6,69.6,62993790.72,8692001.333151016,46302316.72001218,6388880.460412567,VN_PDP8_BASELINE,VN_NZE_STRESS,Vietnam,increasing_carbon_tax_50,0.03,0.08,0.02,1,2029,0.25
4d182cde-9c6e-4ef7-8fa9-d348ae66436f,VN_ABCD_002_CoalCap_2029,Vinacomin Power JSC :: CoalCap :: 2029,VN_ABCD_002,Vinacomin Power JSC,VN,Power,CoalCap,2030,NA,11917583.622099446,3748916.048618784,0,0.02,0.07,1.85,0.26,70,60,58396159.74828729,0,39743445.09598312,0,VN_PDP8_BASELINE,VN_NZE_STRESS,Vietnam,increasing_carbon_tax_50,0.03,0.08,0.02,1,2029,0.25
4d182cde-9c6e-4ef7-8fa9-d348ae66436f,VN_ABCD_002_CoalCap_2029,Vinacomin Power JSC :: CoalCap :: 2029,VN_ABCD_002,Vinacomin Power JSC,VN,Power,CoalCap,2031,NA,NA,NA,NA,0.02,0.07,1.85,0.26,NA,NA,59564082.94325304,0,992734715.7208841,0,VN_PDP8_BASELINE,VN_NZE_STRESS,Vietnam,increasing_carbon_tax_50,0.03,0.08,0.02,1,2029,0.25
4d182cde-9c6e-4ef7-8fa9-d348ae66436f,VN_ABCD_002_CoalCap_2030,Vinacomin Power JSC :: CoalCap :: 2030,VN_ABCD_002,Vinacomin Power JSC,VN,Power,CoalCap,2025,14716800,14716800,14716800,14716800,0.02,0.07,1.85,0.26,68,68,70051968,70051968,70051968,70051968,VN_PDP8_BASELINE,VN_NZE_STRESS,Vietnam,increasing_carbon_tax_50,0.03,0.08,0.02,1,2029,0.25
4d182cde-9c6e-4ef7-8fa9-d348ae66436f,VN_ABCD_002_CoalCap_2030,Vinacomin Power JSC :: CoalCap :: 2030,VN_ABCD_002,Vinacomin Power JSC,VN,Power,CoalCap,2026,14191200,14191200,12369452.976795578,14191200,0.02,0.07,1.85,0.26,68.4,68.4,67947465.60000001,67947465.60000001,62914320.00000001,62914320.00000001,VN_PDP8_BASELINE,VN_NZE_STRESS,Vietnam,increasing_carbon_tax_50,0.03,0.08,0.02,1,2029,0.25
4d182cde-9c6e-4ef7-8fa9-d348ae66436f,VN_ABCD_002_CoalCap_2030,Vinacomin Power JSC :: CoalCap :: 2030,VN_ABCD_002,Vinacomin Power JSC,VN,Power,CoalCap,2027,13665600,13665600,9742062.788950277,13665600,0.02,0.07,1.85,0.26,68.8,68.8,65813529.60000001,65813529.60000001,56424493.8271605,56424493.8271605,VN_PDP8_BASELINE,VN_NZE_STRESS,Vietnam,increasing_carbon_tax_50,0.03,0.08,0.02,1,2029,0.25
4d182cde-9c6e-4ef7-8fa9-d348ae66436f,VN_ABCD_002_CoalCap_2030,Vinacomin Power JSC :: CoalCap :: 2030,VN_ABCD_002,Vinacomin Power JSC,VN,Power,CoalCap,2028,13140000,13140000,7394872.574585634,13140000,0.02,0.07,1.85,0.26,69.2,69.2,63650160.00000001,63650160.00000001,50527549.154092364,50527549.154092364,VN_PDP8_BASELINE,VN_NZE_STRESS,Vietnam,increasing_carbon_tax_50,0.03,0.08,0.02,1,2029,0.25
4d182cde-9c6e-4ef7-8fa9-d348ae66436f,VN_ABCD_002_CoalCap_2030,Vinacomin Power JSC :: CoalCap :: 2030,VN_ABCD_002,Vinacomin Power JSC,VN,Power,CoalCap,2029,12614400,12614400,5389875.256574585,3565647.556243092,0.02,0.07,1.85,0.26,69.6,69.6,61457356.8,8480001.300635133,45172991.9219631,6233054.107719574,VN_PDP8_BASELINE,VN_NZE_STRESS,Vietnam,increasing_carbon_tax_50,0.03,0.08,0.02,1,2029,0.25
4d182cde-9c6e-4ef7-8fa9-d348ae66436f,VN_ABCD_002_CoalCap_2030,Vinacomin Power JSC :: CoalCap :: 2030,VN_ABCD_002,Vinacomin Power JSC,VN,Power,CoalCap,2030,12088800,12088800,3657479.071823204,0,0.02,0.07,1.85,0.26,70,60,59235120.00000001,0,40314427.346278004,0,VN_PDP8_BASELINE,VN_NZE_STRESS,Vietnam,increasing_carbon_tax_50,0.03,0.08,0.02,1,2029,0.25
4d182cde-9c6e-4ef7-8fa9-d348ae66436f,VN_ABCD_002_CoalCap_2030,Vinacomin Power JSC :: CoalCap :: 2030,VN_ABCD_002,Vinacomin Power JSC,VN,Power,CoalCap,2031,NA,NA,NA,NA,0.02,0.07,1.85,0.26,NA,NA,60419822.400000006,0,1006997040.0000001,0,VN_PDP8_BASELINE,VN_NZE_STRESS,Vietnam,increasing_carbon_tax_50,0.03,0.08,0.02,1,2029,0.25
4d182cde-9c6e-4ef7-8fa9-d348ae66436f,VN_ABCD_003_CoalCap_2025,NA,VN_ABCD_003,NA,NA,Power,CoalCap,2025,NA,NA,NA,NA,NA,NA,NA,NA,NA,NA,45033408,NA,45033408,NA,VN_PDP8_BASELINE,VN_NZE_STRESS,Vietnam,increasing_carbon_tax_50,0.03,0.08,0.02,1,2029,0.25
4d182cde-9c6e-4ef7-8fa9-d348ae66436f,VN_ABCD_003_CoalCap_2025,NA,VN_ABCD_003,NA,NA,Power,CoalCap,2026,NA,NA,NA,NA,NA,NA,NA,NA,NA,NA,43632247.83911603,NA,40400229.48066299,NA,VN_PDP8_BASELINE,VN_NZE_STRESS,Vietnam,increasing_carbon_tax_50,0.03,0.08,0.02,1,2029,0.25
4d182cde-9c6e-4ef7-8fa9-d348ae66436f,VN_ABCD_003_CoalCap_2025,NA,VN_ABCD_003,NA,NA,Power,CoalCap,2027,NA,NA,NA,NA,NA,NA,NA,NA,NA,NA,40407728.07938121,NA,34643113.92265193,NA,VN_PDP8_BASELINE,VN_NZE_STRESS,Vietnam,increasing_carbon_tax_50,0.03,0.08,0.02,1,2029,0.25
4d182cde-9c6e-4ef7-8fa9-d348ae66436f,VN_ABCD_003_CoalCap_2025,NA,VN_ABCD_003,NA,NA,Power,CoalCap,2028,NA,NA,NA,NA,NA,NA,NA,NA,NA,NA,37936148.439779006,NA,30114937.73162358,NA,VN_PDP8_BASELINE,VN_NZE_STRESS,Vietnam,increasing_carbon_tax_50,0.03,0.08,0.02,1,2029,0.25
4d182cde-9c6e-4ef7-8fa9-d348ae66436f,VN_ABCD_003_CoalCap_2025,NA,VN_ABCD_003,NA,NA,Power,CoalCap,2029,NA,NA,NA,NA,NA,NA,NA,NA,NA,NA,35168936.04914916,NA,25850217.887213986,NA,VN_PDP8_BASELINE,VN_NZE_STRESS,Vietnam,increasing_carbon_tax_50,0.03,0.08,0.02,1,2029,0.25
4d182cde-9c6e-4ef7-8fa9-d348ae66436f,VN_ABCD_003_CoalCap_2025,NA,VN_ABCD_003,NA,NA,Power,CoalCap,2030,NA,NA,NA,NA,NA,NA,NA,NA,NA,NA,32260465.55138121,NA,21955930.782756276,NA,VN_PDP8_BASELINE,VN_NZE_STRESS,Vietnam,increasing_carbon_tax_50,0.03,0.08,0.02,1,2029,0.25
4d182cde-9c6e-4ef7-8fa9-d348ae66436f,VN_ABCD_003_CoalCap_2025,NA,VN_ABCD_003,NA,NA,Power,CoalCap,2031,NA,NA,NA,NA,NA,NA,NA,NA,NA,NA,32905674.862408835,NA,548427914.3734806,NA,VN_PDP8_BASELINE,VN_NZE_STRESS,Vietnam,increasing_carbon_tax_50,0.03,0.08,0.02,1,2029,0.25
4d182cde-9c6e-4ef7-8fa9-d348ae66436f,VN_ABCD_003_CoalCap_2026,International Power Mong Duong :: CoalCap :: 2026,VN_ABCD_003,International Power Mong Duong,VN,Power,CoalCap,2025,7358400,7358400,7358400,7358400,0.024,0.09,2.4,0.2,68,68,45033408,45033408,45033408,45033408,VN_PDP8_BASELINE,VN_NZE_STRESS,Vietnam,increasing_carbon_tax_50,0.03,0.08,0.02,1,2029,0.25
4d182cde-9c6e-4ef7-8fa9-d348ae66436f,VN_ABCD_003_CoalCap_2026,International Power Mong Duong :: CoalCap :: 2026,VN_ABCD_003,International Power Mong Duong,VN,Power,CoalCap,2026,7095600,7095600,6184726.488397789,7095600,0.024,0.09,2.4,0.2,68.4,68.4,43680513.6,43680513.6,40444920,40444920,VN_PDP8_BASELINE,VN_NZE_STRESS,Vietnam,increasing_carbon_tax_50,0.03,0.08,0.02,1,2029,0.25
4d182cde-9c6e-4ef7-8fa9-d348ae66436f,VN_ABCD_003_CoalCap_2026,International Power Mong Duong :: CoalCap :: 2026,VN_ABCD_003,International Power Mong Duong,VN,Power,CoalCap,2027,NA,6533636.320441988,4871031.394475139,6533636.320441988,0.024,0.09,2.4,0.2,68.8,68.8,40456276.09617679,40456276.09617679,34684736.022099435,34684736.022099435,VN_PDP8_BASELINE,VN_NZE_STRESS,Vietnam,increasing_carbon_tax_50,0.03,0.08,0.02,1,2029,0.25
4d182cde-9c6e-4ef7-8fa9-d348ae66436f,VN_ABCD_003_CoalCap_2026,International Power Mong Duong :: CoalCap :: 2026,VN_ABCD_003,International Power Mong Duong,VN,Power,CoalCap,2028,NA,6099065.303867403,3697436.287292817,6099065.303867403,0.024,0.09,2.4,0.2,69.2,69.2,37984978.712486185,37984978.712486185,30153700.776436344,30153700.776436344,VN_PDP8_BASELINE,VN_NZE_STRESS,Vietnam,increasing_carbon_tax_50,0.03,0.08,0.02,1,2029,0.25
4d182cde-9c6e-4ef7-8fa9-d348ae66436f,VN_ABCD_003_CoalCap_2026,International Power Mong Duong :: CoalCap :: 2026,VN_ABCD_003,International Power Mong Duong,VN,Power,CoalCap,2029,NA,5622293.834254143,2694937.6282872926,1882545.0046408838,0.024,0.09,2.4,0.2,69.6,69.6,35218048.577767946,5756351.987940661,25886317.061895113,4231090.554340594,VN_PDP8_BASELINE,VN_NZE_STRESS,Vietnam,increasing_carbon_tax_50,0.03,0.08,0.02,1,2029,0.25
4d182cde-9c6e-4ef7-8fa9-d348ae66436f,VN_ABCD_003_CoalCap_2026,International Power Mong Duong :: CoalCap :: 2026,VN_ABCD_003,International Power Mong Duong,VN,Power,CoalCap,2030,NA,5128549.259668508,1828739.535911602,0,0.024,0.09,2.4,0.2,70,60,32309860.335911598,0,21989548.043128762,0,VN_PDP8_BASELINE,VN_NZE_STRESS,Vietnam,increasing_carbon_tax_50,0.03,0.08,0.02,1,2029,0.25
4d182cde-9c6e-4ef7-8fa9-d348ae66436f,VN_ABCD_003_CoalCap_2026,International Power Mong Duong :: CoalCap :: 2026,VN_ABCD_003,International Power Mong Duong,VN,Power,CoalCap,2031,NA,NA,NA,NA,0.024,0.09,2.4,0.2,NA,NA,32956057.54262983,0,549267625.7104971,0,VN_PDP8_BASELINE,VN_NZE_STRESS,Vietnam,increasing_carbon_tax_50,0.03,0.08,0.02,1,2029,0.25
4d182cde-9c6e-4ef7-8fa9-d348ae66436f,VN_ABCD_003_CoalCap_2027,International Power Mong Duong :: CoalCap :: 2027,VN_ABCD_003,International Power Mong Duong,VN,Power,CoalCap,2025,7358400,7358400,7358400,7358400,0.024,0.09,2.4,0.2,68,68,45033408,45033408,45033408,45033408,VN_PDP8_BASELINE,VN_NZE_STRESS,Vietnam,increasing_carbon_tax_50,0.03,0.08,0.02,1,2029,0.25
4d182cde-9c6e-4ef7-8fa9-d348ae66436f,VN_ABCD_003_CoalCap_2027,International Power Mong Duong :: CoalCap :: 2027,VN_ABCD_003,International Power Mong Duong,VN,Power,CoalCap,2026,7095600,7095600,6184726.488397789,7095600,0.024,0.09,2.4,0.2,68.4,68.4,43680513.6,43680513.6,40444920,40444920,VN_PDP8_BASELINE,VN_NZE_STRESS,Vietnam,increasing_carbon_tax_50,0.03,0.08,0.02,1,2029,0.25
4d182cde-9c6e-4ef7-8fa9-d348ae66436f,VN_ABCD_003_CoalCap_2027,International Power Mong Duong :: CoalCap :: 2027,VN_ABCD_003,International Power Mong Duong,VN,Power,CoalCap,2027,6832800,6832800,4871031.394475139,6832800,0.024,0.09,2.4,0.2,68.8,68.8,42308697.6,42308697.6,36272888.88888889,36272888.88888889,VN_PDP8_BASELINE,VN_NZE_STRESS,Vietnam,increasing_carbon_tax_50,0.03,0.08,0.02,1,2029,0.25
4d182cde-9c6e-4ef7-8fa9-d348ae66436f,VN_ABCD_003_CoalCap_2027,International Power Mong Duong :: CoalCap :: 2027,VN_ABCD_003,International Power Mong Duong,VN,Power,CoalCap,2028,NA,6398228.983425415,3697436.287292817,6398228.983425415,0.024,0.09,2.4,0.2,69.2,69.2,39848170.108773485,39848170.108773485,31632762.17800059,31632762.17800059,VN_PDP8_BASELINE,VN_NZE_STRESS,Vietnam,increasing_carbon_tax_50,0.03,0.08,0.02,1,2029,0.25
4d182cde-9c6e-4ef7-8fa9-d348ae66436f,VN_ABCD_003_CoalCap_2027,International Power Mong Duong :: CoalCap :: 2027,VN_ABCD_003,International Power Mong Duong,VN,Power,CoalCap,2029,NA,5921457.5138121545,2694937.6282872926,1782823.778121546,0.024,0.09,2.4,0.2,69.6,69.6,37092009.86651933,5451429.407551155,27263734.552112296,4006963.3549625822,VN_PDP8_BASELINE,VN_NZE_STRESS,Vietnam,increasing_carbon_tax_50,0.03,0.08,0.02,1,2029,0.25
4d182cde-9c6e-4ef7-8fa9-d348ae66436f,VN_ABCD_003_CoalCap_2027,International Power Mong Duong :: CoalCap :: 2027,VN_ABCD_003,International Power Mong Duong,VN,Power,CoalCap,2030,NA,5427712.939226519,1828739.535911602,0,0.024,0.09,2.4,0.2,70,60,34194591.51712707,0,23272264.415989585,0,VN_PDP8_BASELINE,VN_NZE_STRESS,Vietnam,increasing_carbon_tax_50,0.03,0.08,0.02,1,2029,0.25
4d182cde-9c6e-4ef7-8fa9-d348ae66436f,VN_ABCD_003_CoalCap_2027,International Power Mong Duong :: CoalCap :: 2027,VN_ABCD_003,International Power Mong Duong,VN,Power,CoalCap,2031,NA,NA,NA,NA,0.024,0.09,2.4,0.2,NA,NA,34878483.347469606,0,581308055.7911601,0,VN_PDP8_BASELINE,VN_NZE_STRESS,Vietnam,increasing_carbon_tax_50,0.03,0.08,0.02,1,2029,0.25
4d182cde-9c6e-4ef7-8fa9-d348ae66436f,VN_ABCD_003_CoalCap_2028,International Power Mong Duong :: CoalCap :: 2028,VN_ABCD_003,International Power Mong Duong,VN,Power,CoalCap,2025,7358400,7358400,7358400,7358400,0.024,0.09,2.4,0.2,68,68,45033408,45033408,45033408,45033408,VN_PDP8_BASELINE,VN_NZE_STRESS,Vietnam,increasing_carbon_tax_50,0.03,0.08,0.02,1,2029,0.25
4d182cde-9c6e-4ef7-8fa9-d348ae66436f,VN_ABCD_003_CoalCap_2028,International Power Mong Duong :: CoalCap :: 2028,VN_ABCD_003,International Power Mong Duong,VN,Power,CoalCap,2026,7095600,7095600,6184726.488397789,7095600,0.024,0.09,2.4,0.2,68.4,68.4,43680513.6,43680513.6,40444920,40444920,VN_PDP8_BASELINE,VN_NZE_STRESS,Vietnam,increasing_carbon_tax_50,0.03,0.08,0.02,1,2029,0.25
4d182cde-9c6e-4ef7-8fa9-d348ae66436f,VN_ABCD_003_CoalCap_2028,International Power Mong Duong :: CoalCap :: 2028,VN_ABCD_003,International Power Mong Duong,VN,Power,CoalCap,2027,6832800,6832800,4871031.394475139,6832800,0.024,0.09,2.4,0.2,68.8,68.8,42308697.6,42308697.6,36272888.88888889,36272888.88888889,VN_PDP8_BASELINE,VN_NZE_STRESS,Vietnam,increasing_carbon_tax_50,0.03,0.08,0.02,1,2029,0.25
4d182cde-9c6e-4ef7-8fa9-d348ae66436f,VN_ABCD_003_CoalCap_2028,International Power Mong Duong :: CoalCap :: 2028,VN_ABCD_003,International Power Mong Duong,VN,Power,CoalCap,2028,6570000,6570000,3697436.287292817,6570000,0.024,0.09,2.4,0.2,69.2,69.2,40917960,40917960,32481995.884773657,32481995.884773657,VN_PDP8_BASELINE,VN_NZE_STRESS,Vietnam,increasing_carbon_tax_50,0.03,0.08,0.02,1,2029,0.25
4d182cde-9c6e-4ef7-8fa9-d348ae66436f,VN_ABCD_003_CoalCap_2028,International Power Mong Duong :: CoalCap :: 2028,VN_ABCD_003,International Power Mong Duong,VN,Power,CoalCap,2029,NA,6093228.530386739,2694937.6282872926,1782823.778121546,0.024,0.09,2.4,0.2,69.6,69.6,38167983.51434253,5451429.407551155,28054607.304084644,4006963.3549625822,VN_PDP8_BASELINE,VN_NZE_STRESS,Vietnam,increasing_carbon_tax_50,0.03,0.08,0.02,1,2029,0.25
4d182cde-9c6e-4ef7-8fa9-d348ae66436f,VN_ABCD_003_CoalCap_2028,International Power Mong Duong :: CoalCap :: 2028,VN_ABCD_003,International Power Mong Duong,VN,Power,CoalCap,2030,NA,5599483.955801104,1828739.535911602,0,0.024,0.09,2.4,0.2,70,60,35276748.92154695,0,24008762.561983418,0,VN_PDP8_BASELINE,VN_NZE_STRESS,Vietnam,increasing_carbon_tax_50,0.03,0.08,0.02,1,2029,0.25
4d182cde-9c6e-4ef7-8fa9-d348ae66436f,VN_ABCD_003_CoalCap_2028,International Power Mong Duong :: CoalCap :: 2028,VN_ABCD_003,International Power Mong Duong,VN,Power,CoalCap,2031,NA,NA,NA,NA,0.024,0.09,2.4,0.2,NA,NA,35982283.89997789,0,599704731.6662983,0,VN_PDP8_BASELINE,VN_NZE_STRESS,Vietnam,increasing_carbon_tax_50,0.03,0.08,0.02,1,2029,0.25
4d182cde-9c6e-4ef7-8fa9-d348ae66436f,VN_ABCD_003_CoalCap_2029,International Power Mong Duong :: CoalCap :: 2029,VN_ABCD_003,International Power Mong Duong,VN,Power,CoalCap,2025,7358400,7358400,7358400,7358400,0.024,0.09,2.4,0.2,68,68,45033408,45033408,45033408,45033408,VN_PDP8_BASELINE,VN_NZE_STRESS,Vietnam,increasing_carbon_tax_50,0.03,0.08,0.02,1,2029,0.25
4d182cde-9c6e-4ef7-8fa9-d348ae66436f,VN_ABCD_003_CoalCap_2029,International Power Mong Duong :: CoalCap :: 2029,VN_ABCD_003,International Power Mong Duong,VN,Power,CoalCap,2026,7095600,7095600,6184726.488397789,7095600,0.024,0.09,2.4,0.2,68.4,68.4,43680513.6,43680513.6,40444920,40444920,VN_PDP8_BASELINE,VN_NZE_STRESS,Vietnam,increasing_carbon_tax_50,0.03,0.08,0.02,1,2029,0.25
4d182cde-9c6e-4ef7-8fa9-d348ae66436f,VN_ABCD_003_CoalCap_2029,International Power Mong Duong :: CoalCap :: 2029,VN_ABCD_003,International Power Mong Duong,VN,Power,CoalCap,2027,6832800,6832800,4871031.394475139,6832800,0.024,0.09,2.4,0.2,68.8,68.8,42308697.6,42308697.6,36272888.88888889,36272888.88888889,VN_PDP8_BASELINE,VN_NZE_STRESS,Vietnam,increasing_carbon_tax_50,0.03,0.08,0.02,1,2029,0.25
4d182cde-9c6e-4ef7-8fa9-d348ae66436f,VN_ABCD_003_CoalCap_2029,International Power Mong Duong :: CoalCap :: 2029,VN_ABCD_003,International Power Mong Duong,VN,Power,CoalCap,2028,6570000,6570000,3697436.287292817,6570000,0.024,0.09,2.4,0.2,69.2,69.2,40917960,40917960,32481995.884773657,32481995.884773657,VN_PDP8_BASELINE,VN_NZE_STRESS,Vietnam,increasing_carbon_tax_50,0.03,0.08,0.02,1,2029,0.25
4d182cde-9c6e-4ef7-8fa9-d348ae66436f,VN_ABCD_003_CoalCap_2029,International Power Mong Duong :: CoalCap :: 2029,VN_ABCD_003,International Power Mong Duong,VN,Power,CoalCap,2029,6307200,6307200,2694937.6282872926,1782823.778121546,0.024,0.09,2.4,0.2,69.6,69.6,39508300.79999999,5451429.407551155,29039780.52126199,4006963.3549625822,VN_PDP8_BASELINE,VN_NZE_STRESS,Vietnam,increasing_carbon_tax_50,0.03,0.08,0.02,1,2029,0.25
4d182cde-9c6e-4ef7-8fa9-d348ae66436f,VN_ABCD_003_CoalCap_2029,International Power Mong Duong :: CoalCap :: 2029,VN_ABCD_003,International Power Mong Duong,VN,Power,CoalCap,2030,NA,5813455.425414365,1828739.535911602,0,0.024,0.09,2.4,0.2,70,60,36624769.1801105,0,24926202.499222863,0,VN_PDP8_BASELINE,VN_NZE_STRESS,Vietnam,increasing_carbon_tax_50,0.03,0.08,0.02,1,2029,0.25
4d182cde-9c6e-4ef7-8fa9-d348ae66436f,VN_ABCD_003_CoalCap_2029,International Power Mong Duong :: CoalCap :: 2029,VN_ABCD_003,International Power Mong Duong,VN,Power,CoalCap,2031,NA,NA,NA,NA,0.024,0.09,2.4,0.2,NA,NA,37357264.56371271,0,622621076.0618784,0,VN_PDP8_BASELINE,VN_NZE_STRESS,Vietnam,increasing_carbon_tax_50,0.03,0.08,0.02,1,2029,0.25
4d182cde-9c6e-4ef7-8fa9-d348ae66436f,VN_ABCD_003_CoalCap_2030,International Power Mong Duong :: CoalCap :: 2030,VN_ABCD_003,International Power Mong Duong,VN,Power,CoalCap,2025,7358400,7358400,7358400,7358400,0.024,0.09,2.4,0.2,68,68,45033408,45033408,45033408,45033408,VN_PDP8_BASELINE,VN_NZE_STRESS,Vietnam,increasing_carbon_tax_50,0.03,0.08,0.02,1,2029,0.25
4d182cde-9c6e-4ef7-8fa9-d348ae66436f,VN_ABCD_003_CoalCap_2030,International Power Mong Duong :: CoalCap :: 2030,VN_ABCD_003,International Power Mong Duong,VN,Power,CoalCap,2026,7095600,7095600,6184726.488397789,7095600,0.024,0.09,2.4,0.2,68.4,68.4,43680513.6,43680513.6,40444920,40444920,VN_PDP8_BASELINE,VN_NZE_STRESS,Vietnam,increasing_carbon_tax_50,0.03,0.08,0.02,1,2029,0.25
4d182cde-9c6e-4ef7-8fa9-d348ae66436f,VN_ABCD_003_CoalCap_2030,International Power Mong Duong :: CoalCap :: 2030,VN_ABCD_003,International Power Mong Duong,VN,Power,CoalCap,2027,6832800,6832800,4871031.394475139,6832800,0.024,0.09,2.4,0.2,68.8,68.8,42308697.6,42308697.6,36272888.88888889,36272888.88888889,VN_PDP8_BASELINE,VN_NZE_STRESS,Vietnam,increasing_carbon_tax_50,0.03,0.08,0.02,1,2029,0.25
4d182cde-9c6e-4ef7-8fa9-d348ae66436f,VN_ABCD_003_CoalCap_2030,International Power Mong Duong :: CoalCap :: 2030,VN_ABCD_003,International Power Mong Duong,VN,Power,CoalCap,2028,6570000,6570000,3697436.287292817,6570000,0.024,0.09,2.4,0.2,69.2,69.2,40917960,40917960,32481995.884773657,32481995.884773657,VN_PDP8_BASELINE,VN_NZE_STRESS,Vietnam,increasing_carbon_tax_50,0.03,0.08,0.02,1,2029,0.25
4d182cde-9c6e-4ef7-8fa9-d348ae66436f,VN_ABCD_003_CoalCap_2030,International Power Mong Duong :: CoalCap :: 2030,VN_ABCD_003,International Power Mong Duong,VN,Power,CoalCap,2029,6307200,6307200,2694937.6282872926,1782823.778121546,0.024,0.09,2.4,0.2,69.6,69.6,39508300.79999999,5451429.407551155,29039780.52126199,4006963.3549625822,VN_PDP8_BASELINE,VN_NZE_STRESS,Vietnam,increasing_carbon_tax_50,0.03,0.08,0.02,1,2029,0.25
4d182cde-9c6e-4ef7-8fa9-d348ae66436f,VN_ABCD_003_CoalCap_2030,International Power Mong Duong :: CoalCap :: 2030,VN_ABCD_003,International Power Mong Duong,VN,Power,CoalCap,2030,6044400,6044400,1828739.535911602,0,0.024,0.09,2.4,0.2,70,60,38079720,0,25916417.579750143,0,VN_PDP8_BASELINE,VN_NZE_STRESS,Vietnam,increasing_carbon_tax_50,0.03,0.08,0.02,1,2029,0.25
4d182cde-9c6e-4ef7-8fa9-d348ae66436f,VN_ABCD_003_CoalCap_2030,International Power Mong Duong :: CoalCap :: 2030,VN_ABCD_003,International Power Mong Duong,VN,Power,CoalCap,2031,NA,NA,NA,NA,0.024,0.09,2.4,0.2,NA,NA,38841314.4,0,647355240,0,VN_PDP8_BASELINE,VN_NZE_STRESS,Vietnam,increasing_carbon_tax_50,0.03,0.08,0.02,1,2029,0.25
4d182cde-9c6e-4ef7-8fa9-d348ae66436f,VN_ABCD_004_CoalCap_2025,NA,VN_ABCD_004,NA,NA,Power,CoalCap,2025,NA,NA,NA,NA,NA,NA,NA,NA,NA,NA,23767632,NA,23767632,NA,VN_PDP8_BASELINE,VN_NZE_STRESS,Vietnam,increasing_carbon_tax_50,0.03,0.08,0.02,1,2029,0.25
4d182cde-9c6e-4ef7-8fa9-d348ae66436f,VN_ABCD_004_CoalCap_2025,NA,VN_ABCD_004,NA,NA,Power,CoalCap,2026,NA,NA,NA,NA,NA,NA,NA,NA,NA,NA,23028130.803977907,NA,21322343.33701658,NA,VN_PDP8_BASELINE,VN_NZE_STRESS,Vietnam,increasing_carbon_tax_50,0.03,0.08,0.02,1,2029,0.25
4d182cde-9c6e-4ef7-8fa9-d348ae66436f,VN_ABCD_004_CoalCap_2025,NA,VN_ABCD_004,NA,NA,Power,CoalCap,2027,NA,NA,NA,NA,NA,NA,NA,NA,NA,NA,21326300.930784527,NA,18283865.68139963,NA,VN_PDP8_BASELINE,VN_NZE_STRESS,Vietnam,increasing_carbon_tax_50,0.03,0.08,0.02,1,2029,0.25
4d182cde-9c6e-4ef7-8fa9-d348ae66436f,VN_ABCD_004_CoalCap_2025,NA,VN_ABCD_004,NA,NA,Power,CoalCap,2028,NA,NA,NA,NA,NA,NA,NA,NA,NA,NA,20021856.12099448,NA,15893994.913912447,NA,VN_PDP8_BASELINE,VN_NZE_STRESS,Vietnam,increasing_carbon_tax_50,0.03,0.08,0.02,1,2029,0.25
4d182cde-9c6e-4ef7-8fa9-d348ae66436f,VN_ABCD_004_CoalCap_2025,NA,VN_ABCD_004,NA,NA,Power,CoalCap,2029,NA,NA,NA,NA,NA,NA,NA,NA,NA,NA,18561382.914828725,NA,13643170.55158516,NA,VN_PDP8_BASELINE,VN_NZE_STRESS,Vietnam,increasing_carbon_tax_50,0.03,0.08,0.02,1,2029,0.25
4d182cde-9c6e-4ef7-8fa9-d348ae66436f,VN_ABCD_004_CoalCap_2025,NA,VN_ABCD_004,NA,NA,Power,CoalCap,2030,NA,NA,NA,NA,NA,NA,NA,NA,NA,NA,17026356.818784527,NA,11587852.357565813,NA,VN_PDP8_BASELINE,VN_NZE_STRESS,Vietnam,increasing_carbon_tax_50,0.03,0.08,0.02,1,2029,0.25
4d182cde-9c6e-4ef7-8fa9-d348ae66436f,VN_ABCD_004_CoalCap_2025,NA,VN_ABCD_004,NA,NA,Power,CoalCap,2031,NA,NA,NA,NA,NA,NA,NA,NA,NA,NA,17366883.95516022,NA,289448065.919337,NA,VN_PDP8_BASELINE,VN_NZE_STRESS,Vietnam,increasing_carbon_tax_50,0.03,0.08,0.02,1,2029,0.25
4d182cde-9c6e-4ef7-8fa9-d348ae66436f,VN_ABCD_004_CoalCap_2026,PVN Power Corporation :: CoalCap :: 2026,VN_ABCD_004,PVN Power Corporation,VN,Power,CoalCap,2025,3679200,3679200,3679200,3679200,0.015,0.095,1.45,0.21,68,68,23767632,23767632,23767632,23767632,VN_PDP8_BASELINE,VN_NZE_STRESS,Vietnam,increasing_carbon_tax_50,0.03,0.08,0.02,1,2029,0.25
4d182cde-9c6e-4ef7-8fa9-d348ae66436f,VN_ABCD_004_CoalCap_2026,PVN Power Corporation :: CoalCap :: 2026,VN_ABCD_004,PVN Power Corporation,VN,Power,CoalCap,2026,3547800,3547800,3092363.2441988946,3547800,0.015,0.095,1.45,0.21,68.4,68.4,23053604.400000002,23053604.400000002,21345930,21345930,VN_PDP8_BASELINE,VN_NZE_STRESS,Vietnam,increasing_carbon_tax_50,0.03,0.08,0.02,1,2029,0.25
4d182cde-9c6e-4ef7-8fa9-d348ae66436f,VN_ABCD_004_CoalCap_2026,PVN Power Corporation :: CoalCap :: 2026,VN_ABCD_004,PVN Power Corporation,VN,Power,CoalCap,2027,NA,3266818.160220994,2435515.6972375694,3266818.160220994,0.015,0.095,1.45,0.21,68.8,68.8,21351923.49520442,21351923.49520442,18305832.900552485,18305832.900552485,VN_PDP8_BASELINE,VN_NZE_STRESS,Vietnam,increasing_carbon_tax_50,0.03,0.08,0.02,1,2029,0.25
4d182cde-9c6e-4ef7-8fa9-d348ae66436f,VN_ABCD_004_CoalCap_2026,PVN Power Corporation :: CoalCap :: 2026,VN_ABCD_004,PVN Power Corporation,VN,Power,CoalCap,2028,NA,3049532.6519337017,1848718.1436464086,3049532.6519337017,0.015,0.095,1.45,0.21,69.2,69.2,20047627.653812155,20047627.653812155,15914453.187563628,15914453.187563628,VN_PDP8_BASELINE,VN_NZE_STRESS,Vietnam,increasing_carbon_tax_50,0.03,0.08,0.02,1,2029,0.25
4d182cde-9c6e-4ef7-8fa9-d348ae66436f,VN_ABCD_004_CoalCap_2026,PVN Power Corporation :: CoalCap :: 2026,VN_ABCD_004,PVN Power Corporation,VN,Power,CoalCap,2029,NA,2811146.9171270714,1347468.8141436463,941272.5023204419,0.015,0.095,1.45,0.21,69.6,69.6,18587303.416044194,3038074.660302016,13662222.893777978,2233075.5703464253,VN_PDP8_BASELINE,VN_NZE_STRESS,Vietnam,increasing_carbon_tax_50,0.03,0.08,0.02,1,2029,0.25
4d182cde-9c6e-4ef7-8fa9-d348ae66436f,VN_ABCD_004_CoalCap_2026,PVN Power Corporation :: CoalCap :: 2026,VN_ABCD_004,PVN Power Corporation,VN,Power,CoalCap,2030,NA,2564274.629834254,914369.767955801,0,0.015,0.095,1.45,0.21,70,60,17052426.28839779,0,11605594.80054018,0,VN_PDP8_BASELINE,VN_NZE_STRESS,Vietnam,increasing_carbon_tax_50,0.03,0.08,0.02,1,2029,0.25
4d182cde-9c6e-4ef7-8fa9-d348ae66436f,VN_ABCD_004_CoalCap_2026,PVN Power Corporation :: CoalCap :: 2026,VN_ABCD_004,PVN Power Corporation,VN,Power,CoalCap,2031,NA,NA,NA,NA,0.015,0.095,1.45,0.21,NA,NA,17393474.814165745,0,289891246.9027624,0,VN_PDP8_BASELINE,VN_NZE_STRESS,Vietnam,increasing_carbon_tax_50,0.03,0.08,0.02,1,2029,0.25
4d182cde-9c6e-4ef7-8fa9-d348ae66436f,VN_ABCD_004_CoalCap_2027,PVN Power Corporation :: CoalCap :: 2027,VN_ABCD_004,PVN Power Corporation,VN,Power,CoalCap,2025,3679200,3679200,3679200,3679200,0.015,0.095,1.45,0.21,68,68,23767632,23767632,23767632,23767632,VN_PDP8_BASELINE,VN_NZE_STRESS,Vietnam,increasing_carbon_tax_50,0.03,0.08,0.02,1,2029,0.25
4d182cde-9c6e-4ef7-8fa9-d348ae66436f,VN_ABCD_004_CoalCap_2027,PVN Power Corporation :: CoalCap :: 2027,VN_ABCD_004,PVN Power Corporation,VN,Power,CoalCap,2026,3547800,3547800,3092363.2441988946,3547800,0.015,0.095,1.45,0.21,68.4,68.4,23053604.400000002,23053604.400000002,21345930,21345930,VN_PDP8_BASELINE,VN_NZE_STRESS,Vietnam,increasing_carbon_tax_50,0.03,0.08,0.02,1,2029,0.25
4d182cde-9c6e-4ef7-8fa9-d348ae66436f,VN_ABCD_004_CoalCap_2027,PVN Power Corporation :: CoalCap :: 2027,VN_ABCD_004,PVN Power Corporation,VN,Power,CoalCap,2027,3416400,3416400,2435515.6972375694,3416400,0.015,0.095,1.45,0.21,68.8,68.8,22329590.4,22329590.4,19144024.691358022,19144024.691358022,VN_PDP8_BASELINE,VN_NZE_STRESS,Vietnam,increasing_carbon_tax_50,0.03,0.08,0.02,1,2029,0.25
4d182cde-9c6e-4ef7-8fa9-d348ae66436f,VN_ABCD_004_CoalCap_2027,PVN Power Corporation :: CoalCap :: 2027,VN_ABCD_004,PVN Power Corporation,VN,Power,CoalCap,2028,NA,3199114.4917127076,1848718.1436464086,3199114.4917127076,0.015,0.095,1.45,0.21,69.2,69.2,21030978.66851934,21030978.66851934,16695068.92727809,16695068.92727809,VN_PDP8_BASELINE,VN_NZE_STRESS,Vietnam,increasing_carbon_tax_50,0.03,0.08,0.02,1,2029,0.25
4d182cde-9c6e-4ef7-8fa9-d348ae66436f,VN_ABCD_004_CoalCap_2027,PVN Power Corporation :: CoalCap :: 2027,VN_ABCD_004,PVN Power Corporation,VN,Power,CoalCap,2029,NA,2960728.7569060773,1347468.8141436463,891411.889060773,0.015,0.095,1.45,0.21,69.6,69.6,19576338.54066298,2877143.298429777,14389193.235837046,2114786.2151191407,VN_PDP8_BASELINE,VN_NZE_STRESS,Vietnam,increasing_carbon_tax_50,0.03,0.08,0.02,1,2029,0.25
4d182cde-9c6e-4ef7-8fa9-d348ae66436f,VN_ABCD_004_CoalCap_2027,PVN Power Corporation :: CoalCap :: 2027,VN_ABCD_004,PVN Power Corporation,VN,Power,CoalCap,2030,NA,2713856.4696132597,914369.767955801,0,0.015,0.095,1.45,0.21,70,60,18047145.52292818,0,12282583.99732784,0,VN_PDP8_BASELINE,VN_NZE_STRESS,Vietnam,increasing_carbon_tax_50,0.03,0.08,0.02,1,2029,0.25
4d182cde-9c6e-4ef7-8fa9-d348ae66436f,VN_ABCD_004_CoalCap_2027,PVN Power Corporation :: CoalCap :: 2027,VN_ABCD_004,PVN Power Corporation,VN,Power,CoalCap,2031,NA,NA,NA,NA,0.015,0.095,1.45,0.21,NA,NA,18408088.433386743,0,306801473.8897791,0,VN_PDP8_BASELINE,VN_NZE_STRESS,Vietnam,increasing_carbon_tax_50,0.03,0.08,0.02,1,2029,0.25
4d182cde-9c6e-4ef7-8fa9-d348ae66436f,VN_ABCD_004_CoalCap_2028,PVN Power Corporation :: CoalCap :: 2028,VN_ABCD_004,PVN Power Corporation,VN,Power,CoalCap,2025,3679200,3679200,3679200,3679200,0.015,0.095,1.45,0.21,68,68,23767632,23767632,23767632,23767632,VN_PDP8_BASELINE,VN_NZE_STRESS,Vietnam,increasing_carbon_tax_50,0.03,0.08,0.02,1,2029,0.25
4d182cde-9c6e-4ef7-8fa9-d348ae66436f,VN_ABCD_004_CoalCap_2028,PVN Power Corporation :: CoalCap :: 2028,VN_ABCD_004,PVN Power Corporation,VN,Power,CoalCap,2026,3547800,3547800,3092363.2441988946,3547800,0.015,0.095,1.45,0.21,68.4,68.4,23053604.400000002,23053604.400000002,21345930,21345930,VN_PDP8_BASELINE,VN_NZE_STRESS,Vietnam,increasing_carbon_tax_50,0.03,0.08,0.02,1,2029,0.25
4d182cde-9c6e-4ef7-8fa9-d348ae66436f,VN_ABCD_004_CoalCap_2028,PVN Power Corporation :: CoalCap :: 2028,VN_ABCD_004,PVN Power Corporation,VN,Power,CoalCap,2027,3416400,3416400,2435515.6972375694,3416400,0.015,0.095,1.45,0.21,68.8,68.8,22329590.4,22329590.4,19144024.691358022,19144024.691358022,VN_PDP8_BASELINE,VN_NZE_STRESS,Vietnam,increasing_carbon_tax_50,0.03,0.08,0.02,1,2029,0.25
4d182cde-9c6e-4ef7-8fa9-d348ae66436f,VN_ABCD_004_CoalCap_2028,PVN Power Corporation :: CoalCap :: 2028,VN_ABCD_004,PVN Power Corporation,VN,Power,CoalCap,2028,3285000,3285000,1848718.1436464086,3285000,0.015,0.095,1.45,0.21,69.2,69.2,21595590,21595590,17143275.605852764,17143275.605852764,VN_PDP8_BASELINE,VN_NZE_STRESS,Vietnam,increasing_carbon_tax_50,0.03,0.08,0.02,1,2029,0.25
4d182cde-9c6e-4ef7-8fa9-d348ae66436f,VN_ABCD_004_CoalCap_2028,PVN Power Corporation :: CoalCap :: 2028,VN_ABCD_004,PVN Power Corporation,VN,Power,CoalCap,2029,NA,3046614.2651933697,1347468.8141436463,891411.889060773,0.015,0.095,1.45,0.21,69.6,69.6,20144213.52145856,2877143.298429777,14806598.299378008,2114786.2151191407,VN_PDP8_BASELINE,VN_NZE_STRESS,Vietnam,increasing_carbon_tax_50,0.03,0.08,0.02,1,2029,0.25
4d182cde-9c6e-4ef7-8fa9-d348ae66436f,VN_ABCD_004_CoalCap_2028,PVN Power Corporation :: CoalCap :: 2028,VN_ABCD_004,PVN Power Corporation,VN,Power,CoalCap,2030,NA,2799741.977900552,914369.767955801,0,0.015,0.095,1.45,0.21,70,60,18618284.15303867,0,12671291.352157917,0,VN_PDP8_BASELINE,VN_NZE_STRESS,Vietnam,increasing_carbon_tax_50,0.03,0.08,0.02,1,2029,0.25
4d182cde-9c6e-4ef7-8fa9-d348ae66436f,VN_ABCD_004_CoalCap_2028,PVN Power Corporation :: CoalCap :: 2028,VN_ABCD_004,PVN Power Corporation,VN,Power,CoalCap,2031,NA,NA,NA,NA,0.015,0.095,1.45,0.21,NA,NA,18990649.836099442,0,316510830.6016574,0,VN_PDP8_BASELINE,VN_NZE_STRESS,Vietnam,increasing_carbon_tax_50,0.03,0.08,0.02,1,2029,0.25
4d182cde-9c6e-4ef7-8fa9-d348ae66436f,VN_ABCD_004_CoalCap_2029,PVN Power Corporation :: CoalCap :: 2029,VN_ABCD_004,PVN Power Corporation,VN,Power,CoalCap,2025,3679200,3679200,3679200,3679200,0.015,0.095,1.45,0.21,68,68,23767632,23767632,23767632,23767632,VN_PDP8_BASELINE,VN_NZE_STRESS,Vietnam,increasing_carbon_tax_50,0.03,0.08,0.02,1,2029,0.25
4d182cde-9c6e-4ef7-8fa9-d348ae66436f,VN_ABCD_004_CoalCap_2029,PVN Power Corporation :: CoalCap :: 2029,VN_ABCD_004,PVN Power Corporation,VN,Power,CoalCap,2026,3547800,3547800,3092363.2441988946,3547800,0.015,0.095,1.45,0.21,68.4,68.4,23053604.400000002,23053604.400000002,21345930,21345930,VN_PDP8_BASELINE,VN_NZE_STRESS,Vietnam,increasing_carbon_tax_50,0.03,0.08,0.02,1,2029,0.25
4d182cde-9c6e-4ef7-8fa9-d348ae66436f,VN_ABCD_004_CoalCap_2029,PVN Power Corporation :: CoalCap :: 2029,VN_ABCD_004,PVN Power Corporation,VN,Power,CoalCap,2027,3416400,3416400,2435515.6972375694,3416400,0.015,0.095,1.45,0.21,68.8,68.8,22329590.4,22329590.4,19144024.691358022,19144024.691358022,VN_PDP8_BASELINE,VN_NZE_STRESS,Vietnam,increasing_carbon_tax_50,0.03,0.08,0.02,1,2029,0.25
4d182cde-9c6e-4ef7-8fa9-d348ae66436f,VN_ABCD_004_CoalCap_2029,PVN Power Corporation :: CoalCap :: 2029,VN_ABCD_004,PVN Power Corporation,VN,Power,CoalCap,2028,3285000,3285000,1848718.1436464086,3285000,0.015,0.095,1.45,0.21,69.2,69.2,21595590,21595590,17143275.605852764,17143275.605852764,VN_PDP8_BASELINE,VN_NZE_STRESS,Vietnam,increasing_carbon_tax_50,0.03,0.08,0.02,1,2029,0.25
4d182cde-9c6e-4ef7-8fa9-d348ae66436f,VN_ABCD_004_CoalCap_2029,PVN Power Corporation :: CoalCap :: 2029,VN_ABCD_004,PVN Power Corporation,VN,Power,CoalCap,2029,3153600,3153600,1347468.8141436463,891411.889060773,0.015,0.095,1.45,0.21,69.6,69.6,20851603.2,2877143.298429777,15326550.830666052,2114786.2151191407,VN_PDP8_BASELINE,VN_NZE_STRESS,Vietnam,increasing_carbon_tax_50,0.03,0.08,0.02,1,2029,0.25
4d182cde-9c6e-4ef7-8fa9-d348ae66436f,VN_ABCD_004_CoalCap_2029,PVN Power Corporation :: CoalCap :: 2029,VN_ABCD_004,PVN Power Corporation,VN,Power,CoalCap,2030,NA,2906727.7127071824,914369.767955801,0,0.015,0.095,1.45,0.21,70,60,19329739.289502762,0,13155495.763478734,0,VN_PDP8_BASELINE,VN_NZE_STRESS,Vietnam,increasing_carbon_tax_50,0.03,0.08,0.02,1,2029,0.25
4d182cde-9c6e-4ef7-8fa9-d348ae66436f,VN_ABCD_004_CoalCap_2029,PVN Power Corporation :: CoalCap :: 2029,VN_ABCD_004,PVN Power Corporation,VN,Power,CoalCap,2031,NA,NA,NA,NA,0.015,0.095,1.45,0.21,NA,NA,19716334.07529282,0,328605567.921547,0,VN_PDP8_BASELINE,VN_NZE_STRESS,Vietnam,increasing_carbon_tax_50,0.03,0.08,0.02,1,2029,0.25
4d182cde-9c6e-4ef7-8fa9-d348ae66436f,VN_ABCD_004_CoalCap_2030,PVN Power Corporation :: CoalCap :: 2030,VN_ABCD_004,PVN Power Corporation,VN,Power,CoalCap,2025,3679200,3679200,3679200,3679200,0.015,0.095,1.45,0.21,68,68,23767632,23767632,23767632,23767632,VN_PDP8_BASELINE,VN_NZE_STRESS,Vietnam,increasing_carbon_tax_50,0.03,0.08,0.02,1,2029,0.25
4d182cde-9c6e-4ef7-8fa9-d348ae66436f,VN_ABCD_004_CoalCap_2030,PVN Power Corporation :: CoalCap :: 2030,VN_ABCD_004,PVN Power Corporation,VN,Power,CoalCap,2026,3547800,3547800,3092363.2441988946,3547800,0.015,0.095,1.45,0.21,68.4,68.4,23053604.400000002,23053604.400000002,21345930,21345930,VN_PDP8_BASELINE,VN_NZE_STRESS,Vietnam,increasing_carbon_tax_50,0.03,0.08,0.02,1,2029,0.25
4d182cde-9c6e-4ef7-8fa9-d348ae66436f,VN_ABCD_004_CoalCap_2030,PVN Power Corporation :: CoalCap :: 2030,VN_ABCD_004,PVN Power Corporation,VN,Power,CoalCap,2027,3416400,3416400,2435515.6972375694,3416400,0.015,0.095,1.45,0.21,68.8,68.8,22329590.4,22329590.4,19144024.691358022,19144024.691358022,VN_PDP8_BASELINE,VN_NZE_STRESS,Vietnam,increasing_carbon_tax_50,0.03,0.08,0.02,1,2029,0.25
4d182cde-9c6e-4ef7-8fa9-d348ae66436f,VN_ABCD_004_CoalCap_2030,PVN Power Corporation :: CoalCap :: 2030,VN_ABCD_004,PVN Power Corporation,VN,Power,CoalCap,2028,3285000,3285000,1848718.1436464086,3285000,0.015,0.095,1.45,0.21,69.2,69.2,21595590,21595590,17143275.605852764,17143275.605852764,VN_PDP8_BASELINE,VN_NZE_STRESS,Vietnam,increasing_carbon_tax_50,0.03,0.08,0.02,1,2029,0.25
4d182cde-9c6e-4ef7-8fa9-d348ae66436f,VN_ABCD_004_CoalCap_2030,PVN Power Corporation :: CoalCap :: 2030,VN_ABCD_004,PVN Power Corporation,VN,Power,CoalCap,2029,3153600,3153600,1347468.8141436463,891411.889060773,0.015,0.095,1.45,0.21,69.6,69.6,20851603.2,2877143.298429777,15326550.830666052,2114786.2151191407,VN_PDP8_BASELINE,VN_NZE_STRESS,Vietnam,increasing_carbon_tax_50,0.03,0.08,0.02,1,2029,0.25
4d182cde-9c6e-4ef7-8fa9-d348ae66436f,VN_ABCD_004_CoalCap_2030,PVN Power Corporation :: CoalCap :: 2030,VN_ABCD_004,PVN Power Corporation,VN,Power,CoalCap,2030,3022200,3022200,914369.767955801,0,0.015,0.095,1.45,0.21,70,60,20097630,0,13678109.278201463,0,VN_PDP8_BASELINE,VN_NZE_STRESS,Vietnam,increasing_carbon_tax_50,0.03,0.08,0.02,1,2029,0.25
4d182cde-9c6e-4ef7-8fa9-d348ae66436f,VN_ABCD_004_CoalCap_2030,PVN Power Corporation :: CoalCap :: 2030,VN_ABCD_004,PVN Power Corporation,VN,Power,CoalCap,2031,NA,NA,NA,NA,0.015,0.095,1.45,0.21,NA,NA,20499582.6,0,341659710.00000006,0,VN_PDP8_BASELINE,VN_NZE_STRESS,Vietnam,increasing_carbon_tax_50,0.03,0.08,0.02,1,2029,0.25
4d182cde-9c6e-4ef7-8fa9-d348ae66436f,VN_ABCD_004_GasCap_2025,NA,VN_ABCD_004,NA,NA,Power,GasCap,2025,NA,NA,NA,NA,NA,NA,NA,NA,NA,NA,115342920,NA,115342920,NA,VN_PDP8_BASELINE,VN_NZE_STRESS,Vietnam,increasing_carbon_tax_50,0.03,0.08,0.02,1,2029,0.25
4d182cde-9c6e-4ef7-8fa9-d348ae66436f,VN_ABCD_004_GasCap_2025,NA,VN_ABCD_004,NA,NA,Power,GasCap,2026,NA,NA,NA,NA,NA,NA,NA,NA,NA,NA,132789933.64223999,NA,122953642.26133332,NA,VN_PDP8_BASELINE,VN_NZE_STRESS,Vietnam,increasing_carbon_tax_50,0.03,0.08,0.02,1,2029,0.25
4d182cde-9c6e-4ef7-8fa9-d348ae66436f,VN_ABCD_004_GasCap_2025,NA,VN_ABCD_004,NA,NA,Power,GasCap,2027,NA,NA,NA,NA,NA,NA,NA,NA,NA,NA,174113115.68447998,NA,149273933.19999996,NA,VN_PDP8_BASELINE,VN_NZE_STRESS,Vietnam,increasing_carbon_tax_50,0.03,0.08,0.02,1,2029,0.25
4d182cde-9c6e-4ef7-8fa9-d348ae66436f,VN_ABCD_004_GasCap_2025,NA,VN_ABCD_004,NA,NA,Power,GasCap,2028,NA,NA,NA,NA,NA,NA,NA,NA,NA,NA,217360074.87936,NA,172547435.3497942,NA,VN_PDP8_BASELINE,VN_NZE_STRESS,Vietnam,increasing_carbon_tax_50,0.03,0.08,0.02,1,2029,0.25
4d182cde-9c6e-4ef7-8fa9-d348ae66436f,VN_ABCD_004_GasCap_2025,NA,VN_ABCD_004,NA,NA,Power,GasCap,2029,NA,NA,NA,NA,NA,NA,NA,NA,NA,NA,255154749.59519997,NA,187546358.03527573,NA,VN_PDP8_BASELINE,VN_NZE_STRESS,Vietnam,increasing_carbon_tax_50,0.03,0.08,0.02,1,2029,0.25
4d182cde-9c6e-4ef7-8fa9-d348ae66436f,VN_ABCD_004_GasCap_2025,NA,VN_ABCD_004,NA,NA,Power,GasCap,2030,NA,NA,NA,NA,NA,NA,NA,NA,NA,NA,305405976.96000004,NA,207854176.1926535,NA,VN_PDP8_BASELINE,VN_NZE_STRESS,Vietnam,increasing_carbon_tax_50,0.03,0.08,0.02,1,2029,0.25
4d182cde-9c6e-4ef7-8fa9-d348ae66436f,VN_ABCD_004_GasCap_2025,NA,VN_ABCD_004,NA,NA,Power,GasCap,2031,NA,NA,NA,NA,NA,NA,NA,NA,NA,NA,311514096.49920005,NA,5191901608.320001,NA,VN_PDP8_BASELINE,VN_NZE_STRESS,Vietnam,increasing_carbon_tax_50,0.03,0.08,0.02,1,2029,0.25
4d182cde-9c6e-4ef7-8fa9-d348ae66436f,VN_ABCD_004_GasCap_2026,PVN Power Corporation :: GasCap :: 2026,VN_ABCD_004,PVN Power Corporation,VN,Power,GasCap,2025,21681000,21681000,21681000,21681000,0.015,0.095,1.45,0.21,60,60,123581700,123581700,123581700,123581700,VN_PDP8_BASELINE,VN_NZE_STRESS,Vietnam,increasing_carbon_tax_50,0.03,0.08,0.02,1,2029,0.25
4d182cde-9c6e-4ef7-8fa9-d348ae66436f,VN_ABCD_004_GasCap_2026,PVN Power Corporation :: GasCap :: 2026,VN_ABCD_004,PVN Power Corporation,VN,Power,GasCap,2026,22075200.000000004,22075200.000000004,23168793.789473686,22075200.000000004,0.015,0.095,1.45,0.21,60.6,60.6,127086926.40000002,127086926.40000002,117673080.00000001,117673080.00000001,VN_PDP8_BASELINE,VN_NZE_STRESS,Vietnam,increasing_carbon_tax_50,0.03,0.08,0.02,1,2029,0.25
4d182cde-9c6e-4ef7-8fa9-d348ae66436f,VN_ABCD_004_GasCap_2026,PVN Power Corporation :: GasCap :: 2026,VN_ABCD_004,PVN Power Corporation,VN,Power,GasCap,2027,NA,29448123.15789474,27701471.368421055,29448123.15789474,0.015,0.095,1.45,0.21,61.2,61.2,171211388.04000005,171211388.04000005,146786169.44444448,146786169.44444448,VN_PDP8_BASELINE,VN_NZE_STRESS,Vietnam,increasing_carbon_tax_50,0.03,0.08,0.02,1,2029,0.25
4d182cde-9c6e-4ef7-8fa9-d348ae66436f,VN_ABCD_004_GasCap_2026,PVN Power Corporation :: GasCap :: 2026,VN_ABCD_004,PVN Power Corporation,VN,Power,GasCap,2028,NA,37028962.61052632,30242443.073684208,37028962.61052632,0.015,0.095,1.45,0.21,61.8,61.8,217397039.48640004,217397039.48640004,172576779.04663923,172576779.04663923,VN_PDP8_BASELINE,VN_NZE_STRESS,Vietnam,increasing_carbon_tax_50,0.03,0.08,0.02,1,2029,0.25
4d182cde-9c6e-4ef7-8fa9-d348ae66436f,VN_ABCD_004_GasCap_2026,PVN Power Corporation :: GasCap :: 2026,VN_ABCD_004,PVN Power Corporation,VN,Power,GasCap,2029,NA,43478569.089473695,31053222.568421055,30892613.731578942,0.015,0.095,1.45,0.21,62.4,62.4,257740957.56240004,208216236.17396256,189447298.09670782,153045149.42477924,VN_PDP8_BASELINE,VN_NZE_STRESS,Vietnam,increasing_carbon_tax_50,0.03,0.08,0.02,1,2029,0.25
4d182cde-9c6e-4ef7-8fa9-d348ae66436f,VN_ABCD_004_GasCap_2026,PVN Power Corporation :: GasCap :: 2026,VN_ABCD_004,PVN Power Corporation,VN,Power,GasCap,2030,NA,52035285.22105264,32035233.55263158,24756264.85263156,0.015,0.095,1.45,0.21,63,58.5,311431182.04800004,244543184.6222852,211954829.5342286,166431982.40305012,VN_PDP8_BASELINE,VN_NZE_STRESS,Vietnam,increasing_carbon_tax_50,0.03,0.08,0.02,1,2029,0.25
4d182cde-9c6e-4ef7-8fa9-d348ae66436f,VN_ABCD_004_GasCap_2026,PVN Power Corporation :: GasCap :: 2026,VN_ABCD_004,PVN Power Corporation,VN,Power,GasCap,2031,NA,NA,NA,NA,0.015,0.095,1.45,0.21,NA,NA,317659805.68896,249434048.31473088,5294330094.816,4157234138.5788484,VN_PDP8_BASELINE,VN_NZE_STRESS,Vietnam,increasing_carbon_tax_50,0.03,0.08,0.02,1,2029,0.25
4d182cde-9c6e-4ef7-8fa9-d348ae66436f,VN_ABCD_004_GasCap_2027,PVN Power Corporation :: GasCap :: 2027,VN_ABCD_004,PVN Power Corporation,VN,Power,GasCap,2025,25053600.000000004,25053600.000000004,25053600.000000004,25053600.000000004,0.015,0.095,1.45,0.21,60,60,142805520.00000003,142805520.00000003,142805520.00000003,142805520.00000003,VN_PDP8_BASELINE,VN_NZE_STRESS,Vietnam,increasing_carbon_tax_50,0.03,0.08,0.02,1,2029,0.25
4d182cde-9c6e-4ef7-8fa9-d348ae66436f,VN_ABCD_004_GasCap_2027,PVN Power Corporation :: GasCap :: 2027,VN_ABCD_004,PVN Power Corporation,VN,Power,GasCap,2026,25509120.000000004,25509120.000000004,26772828.378947373,25509120.000000004,0.015,0.095,1.45,0.21,60.6,60.6,146856003.84000003,146856003.84000003,135977781.33333334,135977781.33333334,VN_PDP8_BASELINE,VN_NZE_STRESS,Vietnam,increasing_carbon_tax_50,0.03,0.08,0.02,1,2029,0.25
4d182cde-9c6e-4ef7-8fa9-d348ae66436f,VN_ABCD_004_GasCap_2027,PVN Power Corporation :: GasCap :: 2027,VN_ABCD_004,PVN Power Corporation,VN,Power,GasCap,2027,25964639.999999996,25964639.999999996,32010589.13684211,25964639.999999996,0.015,0.095,1.45,0.21,61.2,61.2,150958416.95999998,150958416.95999998,129422511.11111107,129422511.11111107,VN_PDP8_BASELINE,VN_NZE_STRESS,Vietnam,increasing_carbon_tax_50,0.03,0.08,0.02,1,2029,0.25
4d182cde-9c6e-4ef7-8fa9-d348ae66436f,VN_ABCD_004_GasCap_2027,PVN Power Corporation :: GasCap :: 2027,VN_ABCD_004,PVN Power Corporation,VN,Power,GasCap,2028,NA,34724721.14526315,34946823.10736842,34724721.14526315,0.015,0.095,1.45,0.21,61.8,61.8,203868837.84383994,203868837.84383994,161837656.41975302,161837656.41975302,VN_PDP8_BASELINE,VN_NZE_STRESS,Vietnam,increasing_carbon_tax_50,0.03,0.08,0.02,1,2029,0.25
4d182cde-9c6e-4ef7-8fa9-d348ae66436f,VN_ABCD_004_GasCap_2027,PVN Power Corporation :: GasCap :: 2027,VN_ABCD_004,PVN Power Corporation,VN,Power,GasCap,2029,NA,42177599.74315789,35883723.8568421,38386232.19508772,0.015,0.095,1.45,0.21,62.4,62.4,250028811.27743998,188490882.78969,183778640.3481289,138546425.83037937,VN_PDP8_BASELINE,VN_NZE_STRESS,Vietnam,increasing_carbon_tax_50,0.03,0.08,0.02,1,2029,0.25
4d182cde-9c6e-4ef7-8fa9-d348ae66436f,VN_ABCD_004_GasCap_2027,PVN Power Corporation :: GasCap :: 2027,VN_ABCD_004,PVN Power Corporation,VN,Power,GasCap,2030,NA,52065360.60631578,37018492.10526316,42047743.24491229,0.015,0.095,1.45,0.21,63,58.5,311611183.22879994,213528647.0906334,212077335.31332722,145324009.29523525,VN_PDP8_BASELINE,VN_NZE_STRESS,Vietnam,increasing_carbon_tax_50,0.03,0.08,0.02,1,2029,0.25
4d182cde-9c6e-4ef7-8fa9-d348ae66436f,VN_ABCD_004_GasCap_2027,PVN Power Corporation :: GasCap :: 2027,VN_ABCD_004,PVN Power Corporation,VN,Power,GasCap,2031,NA,NA,NA,NA,0.015,0.095,1.45,0.21,NA,NA,317843406.89337593,217799220.03244606,5297390114.889599,3629987000.5407677,VN_PDP8_BASELINE,VN_NZE_STRESS,Vietnam,increasing_carbon_tax_50,0.03,0.08,0.02,1,2029,0.25
4d182cde-9c6e-4ef7-8fa9-d348ae66436f,VN_ABCD_004_GasCap_2028,PVN Power Corporation :: GasCap :: 2028,VN_ABCD_004,PVN Power Corporation,VN,Power,GasCap,2025,27944400.000000004,27944400.000000004,27944400.000000004,27944400.000000004,0.015,0.095,1.45,0.21,60,60,159283080.00000003,159283080.00000003,159283080.00000003,159283080.00000003,VN_PDP8_BASELINE,VN_NZE_STRESS,Vietnam,increasing_carbon_tax_50,0.03,0.08,0.02,1,2029,0.25
4d182cde-9c6e-4ef7-8fa9-d348ae66436f,VN_ABCD_004_GasCap_2028,PVN Power Corporation :: GasCap :: 2028,VN_ABCD_004,PVN Power Corporation,VN,Power,GasCap,2026,28452480.000000004,28452480.000000004,29862000.88421053,28452480.000000004,0.015,0.095,1.45,0.21,60.6,60.6,163800927.36,163800927.36,151667525.33333334,151667525.33333334,VN_PDP8_BASELINE,VN_NZE_STRESS,Vietnam,increasing_carbon_tax_50,0.03,0.08,0.02,1,2029,0.25
4d182cde-9c6e-4ef7-8fa9-d348ae66436f,VN_ABCD_004_GasCap_2028,PVN Power Corporation :: GasCap :: 2028,VN_ABCD_004,PVN Power Corporation,VN,Power,GasCap,2027,28960559.999999996,28960559.999999996,35704118.65263158,28960559.999999996,0.015,0.095,1.45,0.21,61.2,61.2,168376695.83999997,168376695.83999997,144355877.77777773,144355877.77777773,VN_PDP8_BASELINE,VN_NZE_STRESS,Vietnam,increasing_carbon_tax_50,0.03,0.08,0.02,1,2029,0.25
4d182cde-9c6e-4ef7-8fa9-d348ae66436f,VN_ABCD_004_GasCap_2028,PVN Power Corporation :: GasCap :: 2028,VN_ABCD_004,PVN Power Corporation,VN,Power,GasCap,2028,29468639.999999996,29468639.999999996,38979148.85052631,29468639.999999996,0.015,0.095,1.45,0.21,61.8,61.8,173010385.43999997,173010385.43999997,137341221.9935985,137341221.9935985,VN_PDP8_BASELINE,VN_NZE_STRESS,Vietnam,increasing_carbon_tax_50,0.03,0.08,0.02,1,2029,0.25
4d182cde-9c6e-4ef7-8fa9-d348ae66436f,VN_ABCD_004_GasCap_2028,PVN Power Corporation :: GasCap :: 2028,VN_ABCD_004,PVN Power Corporation,VN,Power,GasCap,2029,NA,37781466.12842104,40024153.532631576,42815412.83298246,0.015,0.095,1.45,0.21,62.4,62.4,223968531.2092799,155330072.5114049,164623556.52579483,114172240.33292036,VN_PDP8_BASELINE,VN_NZE_STRESS,Vietnam,increasing_carbon_tax_50,0.03,0.08,0.02,1,2029,0.25
4d182cde-9c6e-4ef7-8fa9-d348ae66436f,VN_ABCD_004_GasCap_2028,PVN Power Corporation :: GasCap :: 2028,VN_ABCD_004,PVN Power Corporation,VN,Power,GasCap,2030,NA,48810122.47578947,41289856.57894737,56162185.665964924,0.015,0.095,1.45,0.21,63,58.5,292128583.0176,169985121.03701103,198817804.97505832,115689017.12353842,VN_PDP8_BASELINE,VN_NZE_STRESS,Vietnam,increasing_carbon_tax_50,0.03,0.08,0.02,1,2029,0.25
4d182cde-9c6e-4ef7-8fa9-d348ae66436f,VN_ABCD_004_GasCap_2028,PVN Power Corporation :: GasCap :: 2028,VN_ABCD_004,PVN Power Corporation,VN,Power,GasCap,2031,NA,NA,NA,NA,0.015,0.095,1.45,0.21,NA,NA,297971154.677952,173384823.45775124,4966185911.2992,2889747057.6291876,VN_PDP8_BASELINE,VN_NZE_STRESS,Vietnam,increasing_carbon_tax_50,0.03,0.08,0.02,1,2029,0.25
4d182cde-9c6e-4ef7-8fa9-d348ae66436f,VN_ABCD_004_GasCap_2029,PVN Power Corporation :: GasCap :: 2029,VN_ABCD_004,PVN Power Corporation,VN,Power,GasCap,2025,29871600.000000004,29871600.000000004,29871600.000000004,29871600.000000004,0.015,0.095,1.45,0.21,60,60,170268120.00000003,170268120.00000003,170268120.00000003,170268120.00000003,VN_PDP8_BASELINE,VN_NZE_STRESS,Vietnam,increasing_carbon_tax_50,0.03,0.08,0.02,1,2029,0.25
4d182cde-9c6e-4ef7-8fa9-d348ae66436f,VN_ABCD_004_GasCap_2029,PVN Power Corporation :: GasCap :: 2029,VN_ABCD_004,PVN Power Corporation,VN,Power,GasCap,2026,30414720.000000004,30414720.000000004,31921449.22105263,30414720.000000004,0.015,0.095,1.45,0.21,60.6,60.6,175097543.04000002,175097543.04000002,162127354.6666667,162127354.6666667,VN_PDP8_BASELINE,VN_NZE_STRESS,Vietnam,increasing_carbon_tax_50,0.03,0.08,0.02,1,2029,0.25
4d182cde-9c6e-4ef7-8fa9-d348ae66436f,VN_ABCD_004_GasCap_2029,PVN Power Corporation :: GasCap :: 2029,VN_ABCD_004,PVN Power Corporation,VN,Power,GasCap,2027,30957839.999999996,30957839.999999996,38166471.663157895,30957839.999999996,0.015,0.095,1.45,0.21,61.2,61.2,179988881.76,179988881.76,154311455.55555552,154311455.55555552,VN_PDP8_BASELINE,VN_NZE_STRESS,Vietnam,increasing_carbon_tax_50,0.03,0.08,0.02,1,2029,0.25
4d182cde-9c6e-4ef7-8fa9-d348ae66436f,VN_ABCD_004_GasCap_2029,PVN Power Corporation :: GasCap :: 2029,VN_ABCD_004,PVN Power Corporation,VN,Power,GasCap,2028,31500959.999999996,31500959.999999996,41667366.01263157,31500959.999999996,0.015,0.095,1.45,0.21,61.8,61.8,184942136.15999997,184942136.15999997,146813030.40695012,146813030.40695012,VN_PDP8_BASELINE,VN_NZE_STRESS,Vietnam,increasing_carbon_tax_50,0.03,0.08,0.02,1,2029,0.25
4d182cde-9c6e-4ef7-8fa9-d348ae66436f,VN_ABCD_004_GasCap_2029,PVN Power Corporation :: GasCap :: 2029,VN_ABCD_004,PVN Power Corporation,VN,Power,GasCap,2029,32044080,32044080,42784439.983157896,45768199.92491228,0.015,0.095,1.45,0.21,62.4,62.4,189957306.24,116585160.73537502,139624290.843198,85693573.53357354,VN_PDP8_BASELINE,VN_NZE_STRESS,Vietnam,increasing_carbon_tax_50,0.03,0.08,0.02,1,2029,0.25
4d182cde-9c6e-4ef7-8fa9-d348ae66436f,VN_ABCD_004_GasCap_2029,PVN Power Corporation :: GasCap :: 2029,VN_ABCD_004,PVN Power Corporation,VN,Power,GasCap,2030,NA,43833333.336842105,44137432.89473685,60035439.84982457,0.015,0.095,1.45,0.21,63,58.5,262342500.021,135341985.423367,178545897.38211957,92111481.13233069,VN_PDP8_BASELINE,VN_NZE_STRESS,Vietnam,increasing_carbon_tax_50,0.03,0.08,0.02,1,2029,0.25
4d182cde-9c6e-4ef7-8fa9-d348ae66436f,VN_ABCD_004_GasCap_2029,PVN Power Corporation :: GasCap :: 2029,VN_ABCD_004,PVN Power Corporation,VN,Power,GasCap,2031,NA,NA,NA,NA,0.015,0.095,1.45,0.21,NA,NA,267589350.02142,138048825.13183433,4459822500.357,2300813752.197239,VN_PDP8_BASELINE,VN_NZE_STRESS,Vietnam,increasing_carbon_tax_50,0.03,0.08,0.02,1,2029,0.25
4d182cde-9c6e-4ef7-8fa9-d348ae66436f,VN_ABCD_004_GasCap_2030,PVN Power Corporation :: GasCap :: 2030,VN_ABCD_004,PVN Power Corporation,VN,Power,GasCap,2025,32762400.000000004,32762400.000000004,32762400.000000004,32762400.000000004,0.015,0.095,1.45,0.21,60,60,186745680.00000003,186745680.00000003,186745680.00000003,186745680.00000003,VN_PDP8_BASELINE,VN_NZE_STRESS,Vietnam,increasing_carbon_tax_50,0.03,0.08,0.02,1,2029,0.25
4d182cde-9c6e-4ef7-8fa9-d348ae66436f,VN_ABCD_004_GasCap_2030,PVN Power Corporation :: GasCap :: 2030,VN_ABCD_004,PVN Power Corporation,VN,Power,GasCap,2026,33358080.000000004,33358080.000000004,35010621.7263158,33358080.000000004,0.015,0.095,1.45,0.21,60.6,60.6,192042466.56000003,192042466.56000003,177817098.6666667,177817098.6666667,VN_PDP8_BASELINE,VN_NZE_STRESS,Vietnam,increasing_carbon_tax_50,0.03,0.08,0.02,1,2029,0.25
4d182cde-9c6e-4ef7-8fa9-d348ae66436f,VN_ABCD_004_GasCap_2030,PVN Power Corporation :: GasCap :: 2030,VN_ABCD_004,PVN Power Corporation,VN,Power,GasCap,2027,33953759.99999999,33953759.99999999,41860001.178947374,33953759.99999999,0.015,0.095,1.45,0.21,61.2,61.2,197407160.63999996,197407160.63999996,169244822.22222218,169244822.22222218,VN_PDP8_BASELINE,VN_NZE_STRESS,Vietnam,increasing_carbon_tax_50,0.03,0.08,0.02,1,2029,0.25
4d182cde-9c6e-4ef7-8fa9-d348ae66436f,VN_ABCD_004_GasCap_2030,PVN Power Corporation :: GasCap :: 2030,VN_ABCD_004,PVN Power Corporation,VN,Power,GasCap,2028,34549439.99999999,34549439.99999999,45699691.755789466,34549439.99999999,0.015,0.095,1.45,0.21,61.8,61.8,202839762.23999995,202839762.23999995,161020743.02697754,161020743.02697754,VN_PDP8_BASELINE,VN_NZE_STRESS,Vietnam,increasing_carbon_tax_50,0.03,0.08,0.02,1,2029,0.25
4d182cde-9c6e-4ef7-8fa9-d348ae66436f,VN_ABCD_004_GasCap_2030,PVN Power Corporation :: GasCap :: 2030,VN_ABCD_004,PVN Power Corporation,VN,Power,GasCap,2029,35145120,35145120,46924869.65894737,50197380.56280702,0.015,0.095,1.45,0.21,62.4,62.4,208340271.36,127867595.64524996,153136318.98931393,93986500.0045645,VN_PDP8_BASELINE,VN_NZE_STRESS,Vietnam,increasing_carbon_tax_50,0.03,0.08,0.02,1,2029,0.25
4d182cde-9c6e-4ef7-8fa9-d348ae66436f,VN_ABCD_004_GasCap_2030,PVN Power Corporation :: GasCap :: 2030,VN_ABCD_004,PVN Power Corporation,VN,Power,GasCap,2030,35740800,35740800,48408797.368421055,65845321.12561405,0.015,0.095,1.45,0.21,63,58.5,213908688,79890786.44295093,145582658.75233558,54372326.85088435,VN_PDP8_BASELINE,VN_NZE_STRESS,Vietnam,increasing_carbon_tax_50,0.03,0.08,0.02,1,2029,0.25
4d182cde-9c6e-4ef7-8fa9-d348ae66436f,VN_ABCD_004_GasCap_2030,PVN Power Corporation :: GasCap :: 2030,VN_ABCD_004,PVN Power Corporation,VN,Power,GasCap,2031,NA,NA,NA,NA,0.015,0.095,1.45,0.21,NA,NA,218186861.76,81488602.17180996,3636447696,1358143369.530166,VN_PDP8_BASELINE,VN_NZE_STRESS,Vietnam,increasing_carbon_tax_50,0.03,0.08,0.02,1,2029,0.25
4d182cde-9c6e-4ef7-8fa9-d348ae66436f,VN_ABCD_005_CoalCap_2025,NA,VN_ABCD_005,NA,NA,Power,CoalCap,2025,NA,NA,NA,NA,NA,NA,NA,NA,NA,NA,46034150.4,NA,46034150.4,NA,VN_PDP8_BASELINE,VN_NZE_STRESS,Vietnam,increasing_carbon_tax_50,0.03,0.08,0.02,1,2029,0.25
4d182cde-9c6e-4ef7-8fa9-d348ae66436f,VN_ABCD_005_CoalCap_2025,NA,VN_ABCD_005,NA,NA,Power,CoalCap,2026,NA,NA,NA,NA,NA,NA,NA,NA,NA,NA,44601853.34665194,NA,41298012.35801105,NA,VN_PDP8_BASELINE,VN_NZE_STRESS,Vietnam,increasing_carbon_tax_50,0.03,0.08,0.02,1,2029,0.25
4d182cde-9c6e-4ef7-8fa9-d348ae66436f,VN_ABCD_005_CoalCap_2025,NA,VN_ABCD_005,NA,NA,Power,CoalCap,2027,NA,NA,NA,NA,NA,NA,NA,NA,NA,NA,41305677.59225635,NA,35412960.89871086,NA,VN_PDP8_BASELINE,VN_NZE_STRESS,Vietnam,increasing_carbon_tax_50,0.03,0.08,0.02,1,2029,0.25
4d182cde-9c6e-4ef7-8fa9-d348ae66436f,VN_ABCD_005_CoalCap_2025,NA,VN_ABCD_005,NA,NA,Power,CoalCap,2028,NA,NA,NA,NA,NA,NA,NA,NA,NA,NA,38779173.96066299,NA,30784158.570104107,NA,VN_PDP8_BASELINE,VN_NZE_STRESS,Vietnam,increasing_carbon_tax_50,0.03,0.08,0.02,1,2029,0.25
4d182cde-9c6e-4ef7-8fa9-d348ae66436f,VN_ABCD_005_CoalCap_2025,NA,VN_ABCD_005,NA,NA,Power,CoalCap,2029,NA,NA,NA,NA,NA,NA,NA,NA,NA,NA,35950467.96135248,NA,26424667.173596524,NA,VN_PDP8_BASELINE,VN_NZE_STRESS,Vietnam,increasing_carbon_tax_50,0.03,0.08,0.02,1,2029,0.25
4d182cde-9c6e-4ef7-8fa9-d348ae66436f,VN_ABCD_005_CoalCap_2025,NA,VN_ABCD_005,NA,NA,Power,CoalCap,2030,NA,NA,NA,NA,NA,NA,NA,NA,NA,NA,32977364.78585635,NA,22443840.355706416,NA,VN_PDP8_BASELINE,VN_NZE_STRESS,Vietnam,increasing_carbon_tax_50,0.03,0.08,0.02,1,2029,0.25
4d182cde-9c6e-4ef7-8fa9-d348ae66436f,VN_ABCD_005_CoalCap_2025,NA,VN_ABCD_005,NA,NA,Power,CoalCap,2031,NA,NA,NA,NA,NA,NA,NA,NA,NA,NA,33636912.08157348,NA,560615201.359558,NA,VN_PDP8_BASELINE,VN_NZE_STRESS,Vietnam,increasing_carbon_tax_50,0.03,0.08,0.02,1,2029,0.25
4d182cde-9c6e-4ef7-8fa9-d348ae66436f,VN_ABCD_005_CoalCap_2026,Nghi Son Power LLC :: CoalCap :: 2026,VN_ABCD_005,Nghi Son Power LLC,VN,Power,CoalCap,2025,7358400,7358400,7358400,7358400,0.023,0.092,2.3,0.19,68,68,46034150.4,46034150.4,46034150.4,46034150.4,VN_PDP8_BASELINE,VN_NZE_STRESS,Vietnam,increasing_carbon_tax_50,0.03,0.08,0.02,1,2029,0.25
4d182cde-9c6e-4ef7-8fa9-d348ae66436f,VN_ABCD_005_CoalCap_2026,Nghi Son Power LLC :: CoalCap :: 2026,VN_ABCD_005,Nghi Son Power LLC,VN,Power,CoalCap,2026,7095600,7095600,6184726.488397789,7095600,0.023,0.092,2.3,0.19,68.4,68.4,44651191.68000001,44651191.68000001,41343696.00000001,41343696.00000001,VN_PDP8_BASELINE,VN_NZE_STRESS,Vietnam,increasing_carbon_tax_50,0.03,0.08,0.02,1,2029,0.25
4d182cde-9c6e-4ef7-8fa9-d348ae66436f,VN_ABCD_005_CoalCap_2026,Nghi Son Power LLC :: CoalCap :: 2026,VN_ABCD_005,Nghi Son Power LLC,VN,Power,CoalCap,2027,NA,6533636.320441988,4871031.394475139,6533636.320441988,0.023,0.092,2.3,0.19,68.8,68.8,41355304.45386961,41355304.45386961,35455507.93370165,35455507.93370165,VN_PDP8_BASELINE,VN_NZE_STRESS,Vietnam,increasing_carbon_tax_50,0.03,0.08,0.02,1,2029,0.25
4d182cde-9c6e-4ef7-8fa9-d348ae66436f,VN_ABCD_005_CoalCap_2026,Nghi Son Power LLC :: CoalCap :: 2026,VN_ABCD_005,Nghi Son Power LLC,VN,Power,CoalCap,2028,NA,6099065.303867403,3697436.287292817,6099065.303867403,0.023,0.092,2.3,0.19,69.2,69.2,38829089.350541435,38829089.350541435,30823783.015912708,30823783.015912708,VN_PDP8_BASELINE,VN_NZE_STRESS,Vietnam,increasing_carbon_tax_50,0.03,0.08,0.02,1,2029,0.25
4d182cde-9c6e-4ef7-8fa9-d348ae66436f,VN_ABCD_005_CoalCap_2026,Nghi Son Power LLC :: CoalCap :: 2026,VN_ABCD_005,Nghi Son Power LLC,VN,Power,CoalCap,2029,NA,5622293.834254143,2694937.6282872926,1882545.0046408838,0.023,0.092,2.3,0.19,69.6,69.6,36000671.87949612,5884270.921006009,26461568.552159447,4325114.788881497,VN_PDP8_BASELINE,VN_NZE_STRESS,Vietnam,increasing_carbon_tax_50,0.03,0.08,0.02,1,2029,0.25
4d182cde-9c6e-4ef7-8fa9-d348ae66436f,VN_ABCD_005_CoalCap_2026,Nghi Son Power LLC :: CoalCap :: 2026,VN_ABCD_005,Nghi Son Power LLC,VN,Power,CoalCap,2030,NA,5128549.259668508,1828739.535911602,0,0.023,0.092,2.3,0.19,70,60,33027857.23226519,0,22478204.6663094,0,VN_PDP8_BASELINE,VN_NZE_STRESS,Vietnam,increasing_carbon_tax_50,0.03,0.08,0.02,1,2029,0.25
4d182cde-9c6e-4ef7-8fa9-d348ae66436f,VN_ABCD_005_CoalCap_2026,Nghi Son Power LLC :: CoalCap :: 2026,VN_ABCD_005,Nghi Son Power LLC,VN,Power,CoalCap,2031,NA,NA,NA,NA,0.023,0.092,2.3,0.19,NA,NA,33688414.37691049,0,561473572.9485083,0,VN_PDP8_BASELINE,VN_NZE_STRESS,Vietnam,increasing_carbon_tax_50,0.03,0.08,0.02,1,2029,0.25
4d182cde-9c6e-4ef7-8fa9-d348ae66436f,VN_ABCD_005_CoalCap_2027,Nghi Son Power LLC :: CoalCap :: 2027,VN_ABCD_005,Nghi Son Power LLC,VN,Power,CoalCap,2025,7358400,7358400,7358400,7358400,0.023,0.092,2.3,0.19,68,68,46034150.4,46034150.4,46034150.4,46034150.4,VN_PDP8_BASELINE,VN_NZE_STRESS,Vietnam,increasing_carbon_tax_50,0.03,0.08,0.02,1,2029,0.25
4d182cde-9c6e-4ef7-8fa9-d348ae66436f,VN_ABCD_005_CoalCap_2027,Nghi Son Power LLC :: CoalCap :: 2027,VN_ABCD_005,Nghi Son Power LLC,VN,Power,CoalCap,2026,7095600,7095600,6184726.488397789,7095600,0.023,0.092,2.3,0.19,68.4,68.4,44651191.68000001,44651191.68000001,41343696.00000001,41343696.00000001,VN_PDP8_BASELINE,VN_NZE_STRESS,Vietnam,increasing_carbon_tax_50,0.03,0.08,0.02,1,2029,0.25
4d182cde-9c6e-4ef7-8fa9-d348ae66436f,VN_ABCD_005_CoalCap_2027,Nghi Son Power LLC :: CoalCap :: 2027,VN_ABCD_005,Nghi Son Power LLC,VN,Power,CoalCap,2027,6832800,6832800,4871031.394475139,6832800,0.023,0.092,2.3,0.19,68.8,68.8,43248890.88,43248890.88,37078953.086419754,37078953.086419754,VN_PDP8_BASELINE,VN_NZE_STRESS,Vietnam,increasing_carbon_tax_50,0.03,0.08,0.02,1,2029,0.25
4d182cde-9c6e-4ef7-8fa9-d348ae66436f,VN_ABCD_005_CoalCap_2027,Nghi Son Power LLC :: CoalCap :: 2027,VN_ABCD_005,Nghi Son Power LLC,VN,Power,CoalCap,2028,NA,6398228.983425415,3697436.287292817,6398228.983425415,0.023,0.092,2.3,0.19,69.2,69.2,40733685.000079565,40733685.000079565,32335712.448622826,32335712.448622826,VN_PDP8_BASELINE,VN_NZE_STRESS,Vietnam,increasing_carbon_tax_50,0.03,0.08,0.02,1,2029,0.25
4d182cde-9c6e-4ef7-8fa9-d348ae66436f,VN_ABCD_005_CoalCap_2027,Nghi Son Power LLC :: CoalCap :: 2027,VN_ABCD_005,Nghi Son Power LLC,VN,Power,CoalCap,2029,NA,5921457.5138121545,2694937.6282872926,1782823.778121546,0.023,0.092,2.3,0.19,69.6,69.6,37916276.75244199,5572572.283274515,27869595.319937017,4096006.985072862,VN_PDP8_BASELINE,VN_NZE_STRESS,Vietnam,increasing_carbon_tax_50,0.03,0.08,0.02,1,2029,0.25
4d182cde-9c6e-4ef7-8fa9-d348ae66436f,VN_ABCD_005_CoalCap_2027,Nghi Son Power LLC :: CoalCap :: 2027,VN_ABCD_005,Nghi Son Power LLC,VN,Power,CoalCap,2030,NA,5427712.939226519,1828739.535911602,0,0.023,0.092,2.3,0.19,70,60,34954471.32861878,0,23789425.847456023,0,VN_PDP8_BASELINE,VN_NZE_STRESS,Vietnam,increasing_carbon_tax_50,0.03,0.08,0.02,1,2029,0.25
4d182cde-9c6e-4ef7-8fa9-d348ae66436f,VN_ABCD_005_CoalCap_2027,Nghi Son Power LLC :: CoalCap :: 2027,VN_ABCD_005,Nghi Son Power LLC,VN,Power,CoalCap,2031,NA,NA,NA,NA,0.023,0.092,2.3,0.19,NA,NA,35653560.755191155,0,594226012.5865192,0,VN_PDP8_BASELINE,VN_NZE_STRESS,Vietnam,increasing_carbon_tax_50,0.03,0.08,0.02,1,2029,0.25
4d182cde-9c6e-4ef7-8fa9-d348ae66436f,VN_ABCD_005_CoalCap_2028,Nghi Son Power LLC :: CoalCap :: 2028,VN_ABCD_005,Nghi Son Power LLC,VN,Power,CoalCap,2025,7358400,7358400,7358400,7358400,0.023,0.092,2.3,0.19,68,68,46034150.4,46034150.4,46034150.4,46034150.4,VN_PDP8_BASELINE,VN_NZE_STRESS,Vietnam,increasing_carbon_tax_50,0.03,0.08,0.02,1,2029,0.25
4d182cde-9c6e-4ef7-8fa9-d348ae66436f,VN_ABCD_005_CoalCap_2028,Nghi Son Power LLC :: CoalCap :: 2028,VN_ABCD_005,Nghi Son Power LLC,VN,Power,CoalCap,2026,7095600,7095600,6184726.488397789,7095600,0.023,0.092,2.3,0.19,68.4,68.4,44651191.68000001,44651191.68000001,41343696.00000001,41343696.00000001,VN_PDP8_BASELINE,VN_NZE_STRESS,Vietnam,increasing_carbon_tax_50,0.03,0.08,0.02,1,2029,0.25
4d182cde-9c6e-4ef7-8fa9-d348ae66436f,VN_ABCD_005_CoalCap_2028,Nghi Son Power LLC :: CoalCap :: 2028,VN_ABCD_005,Nghi Son Power LLC,VN,Power,CoalCap,2027,6832800,6832800,4871031.394475139,6832800,0.023,0.092,2.3,0.19,68.8,68.8,43248890.88,43248890.88,37078953.086419754,37078953.086419754,VN_PDP8_BASELINE,VN_NZE_STRESS,Vietnam,increasing_carbon_tax_50,0.03,0.08,0.02,1,2029,0.25
4d182cde-9c6e-4ef7-8fa9-d348ae66436f,VN_ABCD_005_CoalCap_2028,Nghi Son Power LLC :: CoalCap :: 2028,VN_ABCD_005,Nghi Son Power LLC,VN,Power,CoalCap,2028,6570000,6570000,3697436.287292817,6570000,0.023,0.092,2.3,0.19,69.2,69.2,41827248,41827248,33203818.015546408,33203818.015546408,VN_PDP8_BASELINE,VN_NZE_STRESS,Vietnam,increasing_carbon_tax_50,0.03,0.08,0.02,1,2029,0.25
4d182cde-9c6e-4ef7-8fa9-d348ae66436f,VN_ABCD_005_CoalCap_2028,Nghi Son Power LLC :: CoalCap :: 2028,VN_ABCD_005,Nghi Son Power LLC,VN,Power,CoalCap,2029,NA,6093228.530386739,2694937.6282872926,1782823.778121546,0.023,0.092,2.3,0.19,69.6,69.6,39016160.92577236,5572572.283274515,28678043.02195319,4096006.985072862,VN_PDP8_BASELINE,VN_NZE_STRESS,Vietnam,increasing_carbon_tax_50,0.03,0.08,0.02,1,2029,0.25
4d182cde-9c6e-4ef7-8fa9-d348ae66436f,VN_ABCD_005_CoalCap_2028,Nghi Son Power LLC :: CoalCap :: 2028,VN_ABCD_005,Nghi Son Power LLC,VN,Power,CoalCap,2030,NA,5599483.955801104,1828739.535911602,0,0.023,0.092,2.3,0.19,70,60,36060676.67535911,0,24542290.618916385,0,VN_PDP8_BASELINE,VN_NZE_STRESS,Vietnam,increasing_carbon_tax_50,0.03,0.08,0.02,1,2029,0.25
4d182cde-9c6e-4ef7-8fa9-d348ae66436f,VN_ABCD_005_CoalCap_2028,Nghi Son Power LLC :: CoalCap :: 2028,VN_ABCD_005,Nghi Son Power LLC,VN,Power,CoalCap,2031,NA,NA,NA,NA,0.023,0.092,2.3,0.19,NA,NA,36781890.20886629,0,613031503.4811049,0,VN_PDP8_BASELINE,VN_NZE_STRESS,Vietnam,increasing_carbon_tax_50,0.03,0.08,0.02,1,2029,0.25
4d182cde-9c6e-4ef7-8fa9-d348ae66436f,VN_ABCD_005_CoalCap_2029,Nghi Son Power LLC :: CoalCap :: 2029,VN_ABCD_005,Nghi Son Power LLC,VN,Power,CoalCap,2025,7358400,7358400,7358400,7358400,0.023,0.092,2.3,0.19,68,68,46034150.4,46034150.4,46034150.4,46034150.4,VN_PDP8_BASELINE,VN_NZE_STRESS,Vietnam,increasing_carbon_tax_50,0.03,0.08,0.02,1,2029,0.25
4d182cde-9c6e-4ef7-8fa9-d348ae66436f,VN_ABCD_005_CoalCap_2029,Nghi Son Power LLC :: CoalCap :: 2029,VN_ABCD_005,Nghi Son Power LLC,VN,Power,CoalCap,2026,7095600,7095600,6184726.488397789,7095600,0.023,0.092,2.3,0.19,68.4,68.4,44651191.68000001,44651191.68000001,41343696.00000001,41343696.00000001,VN_PDP8_BASELINE,VN_NZE_STRESS,Vietnam,increasing_carbon_tax_50,0.03,0.08,0.02,1,2029,0.25
4d182cde-9c6e-4ef7-8fa9-d348ae66436f,VN_ABCD_005_CoalCap_2029,Nghi Son Power LLC :: CoalCap :: 2029,VN_ABCD_005,Nghi Son Power LLC,VN,Power,CoalCap,2027,6832800,6832800,4871031.394475139,6832800,0.023,0.092,2.3,0.19,68.8,68.8,43248890.88,43248890.88,37078953.086419754,37078953.086419754,VN_PDP8_BASELINE,VN_NZE_STRESS,Vietnam,increasing_carbon_tax_50,0.03,0.08,0.02,1,2029,0.25
4d182cde-9c6e-4ef7-8fa9-d348ae66436f,VN_ABCD_005_CoalCap_2029,Nghi Son Power LLC :: CoalCap :: 2029,VN_ABCD_005,Nghi Son Power LLC,VN,Power,CoalCap,2028,6570000,6570000,3697436.287292817,6570000,0.023,0.092,2.3,0.19,69.2,69.2,41827248,41827248,33203818.015546408,33203818.015546408,VN_PDP8_BASELINE,VN_NZE_STRESS,Vietnam,increasing_carbon_tax_50,0.03,0.08,0.02,1,2029,0.25
4d182cde-9c6e-4ef7-8fa9-d348ae66436f,VN_ABCD_005_CoalCap_2029,Nghi Son Power LLC :: CoalCap :: 2029,VN_ABCD_005,Nghi Son Power LLC,VN,Power,CoalCap,2029,6307200,6307200,2694937.6282872926,1782823.778121546,0.023,0.092,2.3,0.19,69.6,69.6,40386263.03999999,5572572.283274515,29685108.977290034,4096006.985072862,VN_PDP8_BASELINE,VN_NZE_STRESS,Vietnam,increasing_carbon_tax_50,0.03,0.08,0.02,1,2029,0.25
4d182cde-9c6e-4ef7-8fa9-d348ae66436f,VN_ABCD_005_CoalCap_2029,Nghi Son Power LLC :: CoalCap :: 2029,VN_ABCD_005,Nghi Son Power LLC,VN,Power,CoalCap,2030,NA,5813455.425414365,1828739.535911602,0,0.023,0.092,2.3,0.19,70,60,37438652.93966851,0,25480118.110316705,0,VN_PDP8_BASELINE,VN_NZE_STRESS,Vietnam,increasing_carbon_tax_50,0.03,0.08,0.02,1,2029,0.25
4d182cde-9c6e-4ef7-8fa9-d348ae66436f,VN_ABCD_005_CoalCap_2029,Nghi Son Power LLC :: CoalCap :: 2029,VN_ABCD_005,Nghi Son Power LLC,VN,Power,CoalCap,2031,NA,NA,NA,NA,0.023,0.092,2.3,0.19,NA,NA,38187425.99846188,0,636457099.9743646,0,VN_PDP8_BASELINE,VN_NZE_STRESS,Vietnam,increasing_carbon_tax_50,0.03,0.08,0.02,1,2029,0.25
4d182cde-9c6e-4ef7-8fa9-d348ae66436f,VN_ABCD_005_CoalCap_2030,Nghi Son Power LLC :: CoalCap :: 2030,VN_ABCD_005,Nghi Son Power LLC,VN,Power,CoalCap,2025,7358400,7358400,7358400,7358400,0.023,0.092,2.3,0.19,68,68,46034150.4,46034150.4,46034150.4,46034150.4,VN_PDP8_BASELINE,VN_NZE_STRESS,Vietnam,increasing_carbon_tax_50,0.03,0.08,0.02,1,2029,0.25
4d182cde-9c6e-4ef7-8fa9-d348ae66436f,VN_ABCD_005_CoalCap_2030,Nghi Son Power LLC :: CoalCap :: 2030,VN_ABCD_005,Nghi Son Power LLC,VN,Power,CoalCap,2026,7095600,7095600,6184726.488397789,7095600,0.023,0.092,2.3,0.19,68.4,68.4,44651191.68000001,44651191.68000001,41343696.00000001,41343696.00000001,VN_PDP8_BASELINE,VN_NZE_STRESS,Vietnam,increasing_carbon_tax_50,0.03,0.08,0.02,1,2029,0.25
4d182cde-9c6e-4ef7-8fa9-d348ae66436f,VN_ABCD_005_CoalCap_2030,Nghi Son Power LLC :: CoalCap :: 2030,VN_ABCD_005,Nghi Son Power LLC,VN,Power,CoalCap,2027,6832800,6832800,4871031.394475139,6832800,0.023,0.092,2.3,0.19,68.8,68.8,43248890.88,43248890.88,37078953.086419754,37078953.086419754,VN_PDP8_BASELINE,VN_NZE_STRESS,Vietnam,increasing_carbon_tax_50,0.03,0.08,0.02,1,2029,0.25
4d182cde-9c6e-4ef7-8fa9-d348ae66436f,VN_ABCD_005_CoalCap_2030,Nghi Son Power LLC :: CoalCap :: 2030,VN_ABCD_005,Nghi Son Power LLC,VN,Power,CoalCap,2028,6570000,6570000,3697436.287292817,6570000,0.023,0.092,2.3,0.19,69.2,69.2,41827248,41827248,33203818.015546408,33203818.015546408,VN_PDP8_BASELINE,VN_NZE_STRESS,Vietnam,increasing_carbon_tax_50,0.03,0.08,0.02,1,2029,0.25
4d182cde-9c6e-4ef7-8fa9-d348ae66436f,VN_ABCD_005_CoalCap_2030,Nghi Son Power LLC :: CoalCap :: 2030,VN_ABCD_005,Nghi Son Power LLC,VN,Power,CoalCap,2029,6307200,6307200,2694937.6282872926,1782823.778121546,0.023,0.092,2.3,0.19,69.6,69.6,40386263.03999999,5572572.283274515,29685108.977290034,4096006.985072862,VN_PDP8_BASELINE,VN_NZE_STRESS,Vietnam,increasing_carbon_tax_50,0.03,0.08,0.02,1,2029,0.25
4d182cde-9c6e-4ef7-8fa9-d348ae66436f,VN_ABCD_005_CoalCap_2030,Nghi Son Power LLC :: CoalCap :: 2030,VN_ABCD_005,Nghi Son Power LLC,VN,Power,CoalCap,2030,6044400,6044400,1828739.535911602,0,0.023,0.092,2.3,0.19,70,60,38925936,0,26492337.970411256,0,VN_PDP8_BASELINE,VN_NZE_STRESS,Vietnam,increasing_carbon_tax_50,0.03,0.08,0.02,1,2029,0.25
4d182cde-9c6e-4ef7-8fa9-d348ae66436f,VN_ABCD_005_CoalCap_2030,Nghi Son Power LLC :: CoalCap :: 2030,VN_ABCD_005,Nghi Son Power LLC,VN,Power,CoalCap,2031,NA,NA,NA,NA,0.023,0.092,2.3,0.19,NA,NA,39704454.72,0,661740912,0,VN_PDP8_BASELINE,VN_NZE_STRESS,Vietnam,increasing_carbon_tax_50,0.03,0.08,0.02,1,2029,0.25
4d182cde-9c6e-4ef7-8fa9-d348ae66436f,VN_ABCD_006_GasCap_2025,NA,VN_ABCD_006,NA,NA,Power,GasCap,2025,NA,NA,NA,NA,NA,NA,NA,NA,NA,NA,0,NA,0,NA,VN_PDP8_BASELINE,VN_NZE_STRESS,Vietnam,increasing_carbon_tax_50,0.03,0.08,0.02,1,2029,0.25
4d182cde-9c6e-4ef7-8fa9-d348ae66436f,VN_ABCD_006_GasCap_2025,NA,VN_ABCD_006,NA,NA,Power,GasCap,2026,NA,NA,NA,NA,NA,NA,NA,NA,NA,NA,0,NA,0,NA,VN_PDP8_BASELINE,VN_NZE_STRESS,Vietnam,increasing_carbon_tax_50,0.03,0.08,0.02,1,2029,0.25
4d182cde-9c6e-4ef7-8fa9-d348ae66436f,VN_ABCD_006_GasCap_2025,NA,VN_ABCD_006,NA,NA,Power,GasCap,2027,NA,NA,NA,NA,NA,NA,NA,NA,NA,NA,0,NA,0,NA,VN_PDP8_BASELINE,VN_NZE_STRESS,Vietnam,increasing_carbon_tax_50,0.03,0.08,0.02,1,2029,0.25
4d182cde-9c6e-4ef7-8fa9-d348ae66436f,VN_ABCD_006_GasCap_2025,NA,VN_ABCD_006,NA,NA,Power,GasCap,2028,NA,NA,NA,NA,NA,NA,NA,NA,NA,NA,0,NA,0,NA,VN_PDP8_BASELINE,VN_NZE_STRESS,Vietnam,increasing_carbon_tax_50,0.03,0.08,0.02,1,2029,0.25
4d182cde-9c6e-4ef7-8fa9-d348ae66436f,VN_ABCD_006_GasCap_2025,NA,VN_ABCD_006,NA,NA,Power,GasCap,2029,NA,NA,NA,NA,NA,NA,NA,NA,NA,NA,0,NA,0,NA,VN_PDP8_BASELINE,VN_NZE_STRESS,Vietnam,increasing_carbon_tax_50,0.03,0.08,0.02,1,2029,0.25
4d182cde-9c6e-4ef7-8fa9-d348ae66436f,VN_ABCD_006_GasCap_2025,NA,VN_ABCD_006,NA,NA,Power,GasCap,2030,NA,NA,NA,NA,NA,NA,NA,NA,NA,NA,0,NA,0,NA,VN_PDP8_BASELINE,VN_NZE_STRESS,Vietnam,increasing_carbon_tax_50,0.03,0.08,0.02,1,2029,0.25
4d182cde-9c6e-4ef7-8fa9-d348ae66436f,VN_ABCD_006_GasCap_2025,NA,VN_ABCD_006,NA,NA,Power,GasCap,2031,NA,NA,NA,NA,NA,NA,NA,NA,NA,NA,0,NA,0,NA,VN_PDP8_BASELINE,VN_NZE_STRESS,Vietnam,increasing_carbon_tax_50,0.03,0.08,0.02,1,2029,0.25
4d182cde-9c6e-4ef7-8fa9-d348ae66436f,VN_ABCD_006_GasCap_2026,Dung Quat LNG Power Consortium :: GasCap :: 2026,VN_ABCD_006,Dung Quat LNG Power Consortium,VN,Power,GasCap,2025,0,0,0,0,0.028,0.082,2.1,0.28,60,60,0,NA,0,NA,VN_PDP8_BASELINE,VN_NZE_STRESS,Vietnam,increasing_carbon_tax_50,0.03,0.08,0.02,1,2029,0.25
4d182cde-9c6e-4ef7-8fa9-d348ae66436f,VN_ABCD_006_GasCap_2026,Dung Quat LNG Power Consortium :: GasCap :: 2026,VN_ABCD_006,Dung Quat LNG Power Consortium,VN,Power,GasCap,2026,0,0,0,0,0.028,0.082,2.1,0.28,60.6,60.6,0,NA,0,NA,VN_PDP8_BASELINE,VN_NZE_STRESS,Vietnam,increasing_carbon_tax_50,0.03,0.08,0.02,1,2029,0.25
4d182cde-9c6e-4ef7-8fa9-d348ae66436f,VN_ABCD_006_GasCap_2026,Dung Quat LNG Power Consortium :: GasCap :: 2026,VN_ABCD_006,Dung Quat LNG Power Consortium,VN,Power,GasCap,2027,NA,0,0,0,0.028,0.082,2.1,0.28,61.2,61.2,0,NA,0,NA,VN_PDP8_BASELINE,VN_NZE_STRESS,Vietnam,increasing_carbon_tax_50,0.03,0.08,0.02,1,2029,0.25
4d182cde-9c6e-4ef7-8fa9-d348ae66436f,VN_ABCD_006_GasCap_2026,Dung Quat LNG Power Consortium :: GasCap :: 2026,VN_ABCD_006,Dung Quat LNG Power Consortium,VN,Power,GasCap,2028,NA,0,0,0,0.028,0.082,2.1,0.28,61.8,61.8,0,NA,0,NA,VN_PDP8_BASELINE,VN_NZE_STRESS,Vietnam,increasing_carbon_tax_50,0.03,0.08,0.02,1,2029,0.25
4d182cde-9c6e-4ef7-8fa9-d348ae66436f,VN_ABCD_006_GasCap_2026,Dung Quat LNG Power Consortium :: GasCap :: 2026,VN_ABCD_006,Dung Quat LNG Power Consortium,VN,Power,GasCap,2029,NA,0,0,0,0.028,0.082,2.1,0.28,62.4,62.4,0,NA,0,NA,VN_PDP8_BASELINE,VN_NZE_STRESS,Vietnam,increasing_carbon_tax_50,0.03,0.08,0.02,1,2029,0.25
4d182cde-9c6e-4ef7-8fa9-d348ae66436f,VN_ABCD_006_GasCap_2026,Dung Quat LNG Power Consortium :: GasCap :: 2026,VN_ABCD_006,Dung Quat LNG Power Consortium,VN,Power,GasCap,2030,NA,0,0,0,0.028,0.082,2.1,0.28,63,58.5,0,NA,0,NA,VN_PDP8_BASELINE,VN_NZE_STRESS,Vietnam,increasing_carbon_tax_50,0.03,0.08,0.02,1,2029,0.25
4d182cde-9c6e-4ef7-8fa9-d348ae66436f,VN_ABCD_006_GasCap_2026,Dung Quat LNG Power Consortium :: GasCap :: 2026,VN_ABCD_006,Dung Quat LNG Power Consortium,VN,Power,GasCap,2031,NA,NA,NA,NA,0.028,0.082,2.1,0.28,NA,NA,0,NA,0,NA,VN_PDP8_BASELINE,VN_NZE_STRESS,Vietnam,increasing_carbon_tax_50,0.03,0.08,0.02,1,2029,0.25
4d182cde-9c6e-4ef7-8fa9-d348ae66436f,VN_ABCD_006_GasCap_2027,Dung Quat LNG Power Consortium :: GasCap :: 2027,VN_ABCD_006,Dung Quat LNG Power Consortium,VN,Power,GasCap,2025,1927200.0000000002,1927200.0000000002,1927200.0000000002,1927200.0000000002,0.028,0.082,2.1,0.28,60,60,9481824.000000002,9481824.000000002,9481824.000000002,9481824.000000002,VN_PDP8_BASELINE,VN_NZE_STRESS,Vietnam,increasing_carbon_tax_50,0.03,0.08,0.02,1,2029,0.25
4d182cde-9c6e-4ef7-8fa9-d348ae66436f,VN_ABCD_006_GasCap_2027,Dung Quat LNG Power Consortium :: GasCap :: 2027,VN_ABCD_006,Dung Quat LNG Power Consortium,VN,Power,GasCap,2026,1962240.0000000002,1962240.0000000002,2059448.3368421055,1962240.0000000002,0.028,0.082,2.1,0.28,60.6,60.6,9750763.008000001,9750763.008000001,9028484.266666668,9028484.266666668,VN_PDP8_BASELINE,VN_NZE_STRESS,Vietnam,increasing_carbon_tax_50,0.03,0.08,0.02,1,2029,0.25
4d182cde-9c6e-4ef7-8fa9-d348ae66436f,VN_ABCD_006_GasCap_2027,Dung Quat LNG Power Consortium :: GasCap :: 2027,VN_ABCD_006,Dung Quat LNG Power Consortium,VN,Power,GasCap,2027,1997279.9999999998,1997279.9999999998,2462353.010526316,1997279.9999999998,0.028,0.082,2.1,0.28,61.2,61.2,10023149.952,10023149.952,8593235.555555554,8593235.555555554,VN_PDP8_BASELINE,VN_NZE_STRESS,Vietnam,increasing_carbon_tax_50,0.03,0.08,0.02,1,2029,0.25
4d182cde-9c6e-4ef7-8fa9-d348ae66436f,VN_ABCD_006_GasCap_2027,Dung Quat LNG Power Consortium :: GasCap :: 2027,VN_ABCD_006,Dung Quat LNG Power Consortium,VN,Power,GasCap,2028,NA,2671132.3957894742,2688217.1621052627,2671132.3957894742,0.028,0.082,2.1,0.28,61.8,61.8,13536230.528902741,13536230.528902741,10745496.215724498,10745496.215724498,VN_PDP8_BASELINE,VN_NZE_STRESS,Vietnam,increasing_carbon_tax_50,0.03,0.08,0.02,1,2029,0.25
4d182cde-9c6e-4ef7-8fa9-d348ae66436f,VN_ABCD_006_GasCap_2027,Dung Quat LNG Power Consortium :: GasCap :: 2027,VN_ABCD_006,Dung Quat LNG Power Consortium,VN,Power,GasCap,2029,NA,3244430.7494736845,2760286.450526316,2952787.0919298246,0.028,0.082,2.1,0.28,62.4,62.4,16601103.25890695,12515184.120449053,12202306.484653095,9199033.941774176,VN_PDP8_BASELINE,VN_NZE_STRESS,Vietnam,increasing_carbon_tax_50,0.03,0.08,0.02,1,2029,0.25
4d182cde-9c6e-4ef7-8fa9-d348ae66436f,VN_ABCD_006_GasCap_2027,Dung Quat LNG Power Consortium :: GasCap :: 2027,VN_ABCD_006,Dung Quat LNG Power Consortium,VN,Power,GasCap,2030,NA,4005027.738947368,2847576.3157894737,3234441.7880701744,0.028,0.082,2.1,0.28,63,58.5,20689973.299402107,14177610.57605826,14081248.174650071,9649043.532153277,VN_PDP8_BASELINE,VN_NZE_STRESS,Vietnam,increasing_carbon_tax_50,0.03,0.08,0.02,1,2029,0.25
4d182cde-9c6e-4ef7-8fa9-d348ae66436f,VN_ABCD_006_GasCap_2027,Dung Quat LNG Power Consortium :: GasCap :: 2027,VN_ABCD_006,Dung Quat LNG Power Consortium,VN,Power,GasCap,2031,NA,NA,NA,NA,0.028,0.082,2.1,0.28,NA,NA,21103772.76539015,14461162.787579425,351729546.0898358,241019379.79299042,VN_PDP8_BASELINE,VN_NZE_STRESS,Vietnam,increasing_carbon_tax_50,0.03,0.08,0.02,1,2029,0.25
4d182cde-9c6e-4ef7-8fa9-d348ae66436f,VN_ABCD_006_GasCap_2028,Dung Quat LNG Power Consortium :: GasCap :: 2028,VN_ABCD_006,Dung Quat LNG Power Consortium,VN,Power,GasCap,2025,3276240.000000001,3276240.000000001,3276240.000000001,3276240.000000001,0.028,0.082,2.1,0.28,60,60,16119100.800000006,16119100.800000006,16119100.800000006,16119100.800000006,VN_PDP8_BASELINE,VN_NZE_STRESS,Vietnam,increasing_carbon_tax_50,0.03,0.08,0.02,1,2029,0.25
4d182cde-9c6e-4ef7-8fa9-d348ae66436f,VN_ABCD_006_GasCap_2028,Dung Quat LNG Power Consortium :: GasCap :: 2028,VN_ABCD_006,Dung Quat LNG Power Consortium,VN,Power,GasCap,2026,3335808.000000001,3335808.000000001,3501062.17263158,3335808.000000001,0.028,0.082,2.1,0.28,60.6,60.6,16576297.113600006,16576297.113600006,15348423.253333338,15348423.253333338,VN_PDP8_BASELINE,VN_NZE_STRESS,Vietnam,increasing_carbon_tax_50,0.03,0.08,0.02,1,2029,0.25
4d182cde-9c6e-4ef7-8fa9-d348ae66436f,VN_ABCD_006_GasCap_2028,Dung Quat LNG Power Consortium :: GasCap :: 2028,VN_ABCD_006,Dung Quat LNG Power Consortium,VN,Power,GasCap,2027,3395376,3395376,4186000.1178947375,3395376,0.028,0.082,2.1,0.28,61.2,61.2,17039354.9184,17039354.9184,14608500.444444444,14608500.444444444,VN_PDP8_BASELINE,VN_NZE_STRESS,Vietnam,increasing_carbon_tax_50,0.03,0.08,0.02,1,2029,0.25
4d182cde-9c6e-4ef7-8fa9-d348ae66436f,VN_ABCD_006_GasCap_2028,Dung Quat LNG Power Consortium :: GasCap :: 2028,VN_ABCD_006,Dung Quat LNG Power Consortium,VN,Power,GasCap,2028,3454944.0000000005,3454944.0000000005,4569969.175578947,3454944.0000000005,0.028,0.082,2.1,0.28,61.8,61.8,17508274.2144,17508274.2144,13898632.556012802,13898632.556012802,VN_PDP8_BASELINE,VN_NZE_STRESS,Vietnam,increasing_carbon_tax_50,0.03,0.08,0.02,1,2029,0.25
4d182cde-9c6e-4ef7-8fa9-d348ae66436f,VN_ABCD_006_GasCap_2028,Dung Quat LNG Power Consortium :: GasCap :: 2028,VN_ABCD_006,Dung Quat LNG Power Consortium,VN,Power,GasCap,2029,NA,4429551.2012631595,4692486.965894739,5019738.056280703,0.028,0.082,2.1,0.28,62.4,62.4,22665127.586623333,15719065.051244915,16659545.393608581,11553982.070714422,VN_PDP8_BASELINE,VN_NZE_STRESS,Vietnam,increasing_carbon_tax_50,0.03,0.08,0.02,1,2029,0.25
4d182cde-9c6e-4ef7-8fa9-d348ae66436f,VN_ABCD_006_GasCap_2028,Dung Quat LNG Power Consortium :: GasCap :: 2028,VN_ABCD_006,Dung Quat LNG Power Consortium,VN,Power,GasCap,2030,NA,5722566.083368422,4840879.736842107,6584532.112561406,0.028,0.082,2.1,0.28,63,58.5,29562776.386681274,17202124.04541514,20119928.86644148,11707476.578599831,VN_PDP8_BASELINE,VN_NZE_STRESS,Vietnam,increasing_carbon_tax_50,0.03,0.08,0.02,1,2029,0.25
4d182cde-9c6e-4ef7-8fa9-d348ae66436f,VN_ABCD_006_GasCap_2028,Dung Quat LNG Power Consortium :: GasCap :: 2028,VN_ABCD_006,Dung Quat LNG Power Consortium,VN,Power,GasCap,2031,NA,NA,NA,NA,0.028,0.082,2.1,0.28,NA,NA,30154031.9144149,17546166.526323445,502567198.5735817,292436108.7720574,VN_PDP8_BASELINE,VN_NZE_STRESS,Vietnam,increasing_carbon_tax_50,0.03,0.08,0.02,1,2029,0.25
4d182cde-9c6e-4ef7-8fa9-d348ae66436f,VN_ABCD_006_GasCap_2029,Dung Quat LNG Power Consortium :: GasCap :: 2029,VN_ABCD_006,Dung Quat LNG Power Consortium,VN,Power,GasCap,2025,3613500.0000000005,3613500.0000000005,3613500.0000000005,3613500.0000000005,0.028,0.082,2.1,0.28,60,60,17778420.000000004,17778420.000000004,17778420.000000004,17778420.000000004,VN_PDP8_BASELINE,VN_NZE_STRESS,Vietnam,increasing_carbon_tax_50,0.03,0.08,0.02,1,2029,0.25
4d182cde-9c6e-4ef7-8fa9-d348ae66436f,VN_ABCD_006_GasCap_2029,Dung Quat LNG Power Consortium :: GasCap :: 2029,VN_ABCD_006,Dung Quat LNG Power Consortium,VN,Power,GasCap,2026,3679200.0000000005,3679200.0000000005,3861465.6315789474,3679200.0000000005,0.028,0.082,2.1,0.28,60.6,60.6,18282680.640000004,18282680.640000004,16928408.000000004,16928408.000000004,VN_PDP8_BASELINE,VN_NZE_STRESS,Vietnam,increasing_carbon_tax_50,0.03,0.08,0.02,1,2029,0.25
4d182cde-9c6e-4ef7-8fa9-d348ae66436f,VN_ABCD_006_GasCap_2029,Dung Quat LNG Power Consortium :: GasCap :: 2029,VN_ABCD_006,Dung Quat LNG Power Consortium,VN,Power,GasCap,2027,3744899.9999999995,3744899.9999999995,4616911.894736842,3744899.9999999995,0.028,0.082,2.1,0.28,61.2,61.2,18793406.16,18793406.16,16112316.666666666,16112316.666666666,VN_PDP8_BASELINE,VN_NZE_STRESS,Vietnam,increasing_carbon_tax_50,0.03,0.08,0.02,1,2029,0.25
4d182cde-9c6e-4ef7-8fa9-d348ae66436f,VN_ABCD_006_GasCap_2029,Dung Quat LNG Power Consortium :: GasCap :: 2029,VN_ABCD_006,Dung Quat LNG Power Consortium,VN,Power,GasCap,2028,3810599.9999999995,3810599.9999999995,5040407.178947368,3810599.9999999995,0.028,0.082,2.1,0.28,61.8,61.8,19310596.56,19310596.56,15329374.142661177,15329374.142661177,VN_PDP8_BASELINE,VN_NZE_STRESS,Vietnam,increasing_carbon_tax_50,0.03,0.08,0.02,1,2029,0.25
4d182cde-9c6e-4ef7-8fa9-d348ae66436f,VN_ABCD_006_GasCap_2029,Dung Quat LNG Power Consortium :: GasCap :: 2029,VN_ABCD_006,Dung Quat LNG Power Consortium,VN,Power,GasCap,2029,3876300,3876300,5175537.094736842,5536475.79736842,0.028,0.082,2.1,0.28,62.4,62.4,19834251.84,12173153.45539145,14578767.210282981,8947631.192385014,VN_PDP8_BASELINE,VN_NZE_STRESS,Vietnam,increasing_carbon_tax_50,0.03,0.08,0.02,1,2029,0.25
4d182cde-9c6e-4ef7-8fa9-d348ae66436f,VN_ABCD_006_GasCap_2029,Dung Quat LNG Power Consortium :: GasCap :: 2029,VN_ABCD_006,Dung Quat LNG Power Consortium,VN,Power,GasCap,2030,NA,5302419.355263159,5339205.592105263,7262351.594736842,0.028,0.082,2.1,0.28,63,58.5,27392298.389289476,14131633.452524744,18642738.01188515,9617752.274428422,VN_PDP8_BASELINE,VN_NZE_STRESS,Vietnam,increasing_carbon_tax_50,0.03,0.08,0.02,1,2029,0.25
4d182cde-9c6e-4ef7-8fa9-d348ae66436f,VN_ABCD_006_GasCap_2029,Dung Quat LNG Power Consortium :: GasCap :: 2029,VN_ABCD_006,Dung Quat LNG Power Consortium,VN,Power,GasCap,2031,NA,NA,NA,NA,0.028,0.082,2.1,0.28,NA,NA,27940144.357075267,14414266.121575238,465669072.6179211,240237768.69292066,VN_PDP8_BASELINE,VN_NZE_STRESS,Vietnam,increasing_carbon_tax_50,0.03,0.08,0.02,1,2029,0.25
4d182cde-9c6e-4ef7-8fa9-d348ae66436f,VN_ABCD_006_GasCap_2030,Dung Quat LNG Power Consortium :: GasCap :: 2030,VN_ABCD_006,Dung Quat LNG Power Consortium,VN,Power,GasCap,2025,3613500.0000000005,3613500.0000000005,3613500.0000000005,3613500.0000000005,0.028,0.082,2.1,0.28,60,60,17778420.000000004,17778420.000000004,17778420.000000004,17778420.000000004,VN_PDP8_BASELINE,VN_NZE_STRESS,Vietnam,increasing_carbon_tax_50,0.03,0.08,0.02,1,2029,0.25
4d182cde-9c6e-4ef7-8fa9-d348ae66436f,VN_ABCD_006_GasCap_2030,Dung Quat LNG Power Consortium :: GasCap :: 2030,VN_ABCD_006,Dung Quat LNG Power Consortium,VN,Power,GasCap,2026,3679200.0000000005,3679200.0000000005,3861465.6315789474,3679200.0000000005,0.028,0.082,2.1,0.28,60.6,60.6,18282680.640000004,18282680.640000004,16928408.000000004,16928408.000000004,VN_PDP8_BASELINE,VN_NZE_STRESS,Vietnam,increasing_carbon_tax_50,0.03,0.08,0.02,1,2029,0.25
4d182cde-9c6e-4ef7-8fa9-d348ae66436f,VN_ABCD_006_GasCap_2030,Dung Quat LNG Power Consortium :: GasCap :: 2030,VN_ABCD_006,Dung Quat LNG Power Consortium,VN,Power,GasCap,2027,3744899.9999999995,3744899.9999999995,4616911.894736842,3744899.9999999995,0.028,0.082,2.1,0.28,61.2,61.2,18793406.16,18793406.16,16112316.666666666,16112316.666666666,VN_PDP8_BASELINE,VN_NZE_STRESS,Vietnam,increasing_carbon_tax_50,0.03,0.08,0.02,1,2029,0.25
4d182cde-9c6e-4ef7-8fa9-d348ae66436f,VN_ABCD_006_GasCap_2030,Dung Quat LNG Power Consortium :: GasCap :: 2030,VN_ABCD_006,Dung Quat LNG Power Consortium,VN,Power,GasCap,2028,3810599.9999999995,3810599.9999999995,5040407.178947368,3810599.9999999995,0.028,0.082,2.1,0.28,61.8,61.8,19310596.56,19310596.56,15329374.142661177,15329374.142661177,VN_PDP8_BASELINE,VN_NZE_STRESS,Vietnam,increasing_carbon_tax_50,0.03,0.08,0.02,1,2029,0.25
4d182cde-9c6e-4ef7-8fa9-d348ae66436f,VN_ABCD_006_GasCap_2030,Dung Quat LNG Power Consortium :: GasCap :: 2030,VN_ABCD_006,Dung Quat LNG Power Consortium,VN,Power,GasCap,2029,3876300,3876300,5175537.094736842,5536475.79736842,0.028,0.082,2.1,0.28,62.4,62.4,19834251.84,12173153.45539145,14578767.210282981,8947631.192385014,VN_PDP8_BASELINE,VN_NZE_STRESS,Vietnam,increasing_carbon_tax_50,0.03,0.08,0.02,1,2029,0.25
4d182cde-9c6e-4ef7-8fa9-d348ae66436f,VN_ABCD_006_GasCap_2030,Dung Quat LNG Power Consortium :: GasCap :: 2030,VN_ABCD_006,Dung Quat LNG Power Consortium,VN,Power,GasCap,2030,3942000,3942000,5339205.592105263,7262351.594736842,0.028,0.082,2.1,0.28,63,58.5,20364372,7605701.805327371,13859649.40134464,5176312.850355088,VN_PDP8_BASELINE,VN_NZE_STRESS,Vietnam,increasing_carbon_tax_50,0.03,0.08,0.02,1,2029,0.25
4d182cde-9c6e-4ef7-8fa9-d348ae66436f,VN_ABCD_006_GasCap_2030,Dung Quat LNG Power Consortium :: GasCap :: 2030,VN_ABCD_006,Dung Quat LNG Power Consortium,VN,Power,GasCap,2031,NA,NA,NA,NA,0.028,0.082,2.1,0.28,NA,NA,20771659.44,7757815.841433918,346194324.00000006,129296930.6905653,VN_PDP8_BASELINE,VN_NZE_STRESS,Vietnam,increasing_carbon_tax_50,0.03,0.08,0.02,1,2029,0.25
4d182cde-9c6e-4ef7-8fa9-d348ae66436f,VN_ABCD_007_HydroCap_2025,NA,VN_ABCD_007,NA,NA,Power,HydroCap,2025,NA,NA,NA,NA,NA,NA,NA,NA,NA,NA,58278528,NA,58278528,NA,VN_PDP8_BASELINE,VN_NZE_STRESS,Vietnam,increasing_carbon_tax_50,0.03,0.08,0.02,1,2029,0.25
4d182cde-9c6e-4ef7-8fa9-d348ae66436f,VN_ABCD_007_HydroCap_2025,NA,VN_ABCD_007,NA,NA,Power,HydroCap,2026,NA,NA,NA,NA,NA,NA,NA,NA,NA,NA,58369527.50881129,NA,54045858.80445489,NA,VN_PDP8_BASELINE,VN_NZE_STRESS,Vietnam,increasing_carbon_tax_50,0.03,0.08,0.02,1,2029,0.25
4d182cde-9c6e-4ef7-8fa9-d348ae66436f,VN_ABCD_007_HydroCap_2025,NA,VN_ABCD_007,NA,NA,Power,HydroCap,2027,NA,NA,NA,NA,NA,NA,NA,NA,NA,NA,58470412.73262461,NA,50128954.67474675,NA,VN_PDP8_BASELINE,VN_NZE_STRESS,Vietnam,increasing_carbon_tax_50,0.03,0.08,0.02,1,2029,0.25
4d182cde-9c6e-4ef7-8fa9-d348ae66436f,VN_ABCD_007_HydroCap_2025,NA,VN_ABCD_007,NA,NA,Power,HydroCap,2028,NA,NA,NA,NA,NA,NA,NA,NA,NA,NA,58592091.21558901,NA,46512291.07572921,NA,VN_PDP8_BASELINE,VN_NZE_STRESS,Vietnam,increasing_carbon_tax_50,0.03,0.08,0.02,1,2029,0.25
4d182cde-9c6e-4ef7-8fa9-d348ae66436f,VN_ABCD_007_HydroCap_2025,NA,VN_ABCD_007,NA,NA,Power,HydroCap,2029,NA,NA,NA,NA,NA,NA,NA,NA,NA,NA,58712020.05713669,NA,43155087.459979594,NA,VN_PDP8_BASELINE,VN_NZE_STRESS,Vietnam,increasing_carbon_tax_50,0.03,0.08,0.02,1,2029,0.25
4d182cde-9c6e-4ef7-8fa9-d348ae66436f,VN_ABCD_007_HydroCap_2025,NA,VN_ABCD_007,NA,NA,Power,HydroCap,2030,NA,NA,NA,NA,NA,NA,NA,NA,NA,NA,58885108.91739561,NA,40076215.684681855,NA,VN_PDP8_BASELINE,VN_NZE_STRESS,Vietnam,increasing_carbon_tax_50,0.03,0.08,0.02,1,2029,0.25
4d182cde-9c6e-4ef7-8fa9-d348ae66436f,VN_ABCD_007_HydroCap_2025,NA,VN_ABCD_007,NA,NA,Power,HydroCap,2031,NA,NA,NA,NA,NA,NA,NA,NA,NA,NA,60062811.09574352,NA,1001046851.5957254,NA,VN_PDP8_BASELINE,VN_NZE_STRESS,Vietnam,increasing_carbon_tax_50,0.03,0.08,0.02,1,2029,0.25
4d182cde-9c6e-4ef7-8fa9-d348ae66436f,VN_ABCD_007_HydroCap_2026,Vietnam Hydropower JSC :: HydroCap :: 2026,VN_ABCD_007,Vietnam Hydropower JSC,VN,Power,HydroCap,2025,9539640,9539640,9539640,9539640,0.014,0.11,1.2,0.18,56,56,58764182.4,58764182.4,58764182.4,58764182.4,VN_PDP8_BASELINE,VN_NZE_STRESS,Vietnam,increasing_carbon_tax_50,0.03,0.08,0.02,1,2029,0.25
4d182cde-9c6e-4ef7-8fa9-d348ae66436f,VN_ABCD_007_HydroCap_2026,Vietnam Hydropower JSC :: HydroCap :: 2026,VN_ABCD_007,Vietnam Hydropower JSC,VN,Power,HydroCap,2026,9539640,9539640,9522379.227774194,9539640,0.014,0.11,1.2,0.18,56.1,56.1,58869118.44,58869118.44,54508442.99999999,54508442.99999999,VN_PDP8_BASELINE,VN_NZE_STRESS,Vietnam,increasing_carbon_tax_50,0.03,0.08,0.02,1,2029,0.25
4d182cde-9c6e-4ef7-8fa9-d348ae66436f,VN_ABCD_007_HydroCap_2026,Vietnam Hydropower JSC :: HydroCap :: 2026,VN_ABCD_007,Vietnam Hydropower JSC,VN,Power,HydroCap,2027,NA,9539124.533252643,9506502.851955576,9539124.533252643,0.014,0.11,1.2,0.18,56.2,56.2,58970867.864567846,58970867.864567846,50558014.28718093,50558014.28718093,VN_PDP8_BASELINE,VN_NZE_STRESS,Vietnam,increasing_carbon_tax_50,0.03,0.08,0.02,1,2029,0.25
4d182cde-9c6e-4ef7-8fa9-d348ae66436f,VN_ABCD_007_HydroCap_2026,Vietnam Hydropower JSC :: HydroCap :: 2026,VN_ABCD_007,Vietnam Hydropower JSC,VN,Power,HydroCap,2028,NA,9541996.419416495,9509080.185692362,9541996.419416495,0.014,0.11,1.2,0.18,56.3,56.3,59093583.82544635,59093583.82544635,46910392.078067325,46910392.078067325,VN_PDP8_BASELINE,VN_NZE_STRESS,Vietnam,increasing_carbon_tax_50,0.03,0.08,0.02,1,2029,0.25
4d182cde-9c6e-4ef7-8fa9-d348ae66436f,VN_ABCD_007_HydroCap_2026,Vietnam Hydropower JSC :: HydroCap :: 2026,VN_ABCD_007,Vietnam Hydropower JSC,VN,Power,HydroCap,2029,NA,9544573.753153281,9511362.967002092,9497558.276587138,0.014,0.11,1.2,0.18,56.4,56.4,59214535.564562954,58922851.5479466,43524451.35943105,43310054.89963446,VN_PDP8_BASELINE,VN_NZE_STRESS,Vietnam,increasing_carbon_tax_50,0.03,0.08,0.02,1,2029,0.25
4d182cde-9c6e-4ef7-8fa9-d348ae66436f,VN_ABCD_007_HydroCap_2026,Vietnam Hydropower JSC :: HydroCap :: 2026,VN_ABCD_007,Vietnam Hydropower JSC,VN,Power,HydroCap,2030,NA,9555766.745381622,9522114.130589837,9453120.133757783,0.014,0.11,1.2,0.18,56.5,57,59389090.32254677,59271063.238661304,40419216.9606452,40338889.710557856,VN_PDP8_BASELINE,VN_NZE_STRESS,Vietnam,increasing_carbon_tax_50,0.03,0.08,0.02,1,2029,0.25
4d182cde-9c6e-4ef7-8fa9-d348ae66436f,VN_ABCD_007_HydroCap_2026,Vietnam Hydropower JSC :: HydroCap :: 2026,VN_ABCD_007,Vietnam Hydropower JSC,VN,Power,HydroCap,2031,NA,NA,NA,NA,0.014,0.11,1.2,0.18,NA,NA,60576872.128997706,60456484.50343453,1009614535.4832951,1007608075.0572423,VN_PDP8_BASELINE,VN_NZE_STRESS,Vietnam,increasing_carbon_tax_50,0.03,0.08,0.02,1,2029,0.25
4d182cde-9c6e-4ef7-8fa9-d348ae66436f,VN_ABCD_007_HydroCap_2027,Vietnam Hydropower JSC :: HydroCap :: 2027,VN_ABCD_007,Vietnam Hydropower JSC,VN,Power,HydroCap,2025,9657900,9657900,9657900,9657900,0.014,0.11,1.2,0.18,56,56,59492664,59492664,59492664,59492664,VN_PDP8_BASELINE,VN_NZE_STRESS,Vietnam,increasing_carbon_tax_50,0.03,0.08,0.02,1,2029,0.25
4d182cde-9c6e-4ef7-8fa9-d348ae66436f,VN_ABCD_007_HydroCap_2027,Vietnam Hydropower JSC :: HydroCap :: 2027,VN_ABCD_007,Vietnam Hydropower JSC,VN,Power,HydroCap,2026,9657900,9657900,9640425.251258997,9657900,0.014,0.11,1.2,0.18,56.1,56.1,59598900.9,59598900.9,55184167.49999999,55184167.49999999,VN_PDP8_BASELINE,VN_NZE_STRESS,Vietnam,increasing_carbon_tax_50,0.03,0.08,0.02,1,2029,0.25
4d182cde-9c6e-4ef7-8fa9-d348ae66436f,VN_ABCD_007_HydroCap_2027,Vietnam Hydropower JSC :: HydroCap :: 2027,VN_ABCD_007,Vietnam Hydropower JSC,VN,Power,HydroCap,2027,9657900,9657900,9624352.060864115,9657900,0.014,0.11,1.2,0.18,56.2,56.2,59705137.8,59705137.8,51187532.4074074,51187532.4074074,VN_PDP8_BASELINE,VN_NZE_STRESS,Vietnam,increasing_carbon_tax_50,0.03,0.08,0.02,1,2029,0.25
4d182cde-9c6e-4ef7-8fa9-d348ae66436f,VN_ABCD_007_HydroCap_2027,Vietnam Hydropower JSC :: HydroCap :: 2027,VN_ABCD_007,Vietnam Hydropower JSC,VN,Power,HydroCap,2028,NA,9660807.488058444,9626961.34501913,9660807.488058444,0.014,0.11,1.2,0.18,56.3,56.3,59829380.77354594,59829380.77354594,47494491.41831303,47494491.41831303,VN_PDP8_BASELINE,VN_NZE_STRESS,Vietnam,increasing_carbon_tax_50,0.03,0.08,0.02,1,2029,0.25
4d182cde-9c6e-4ef7-8fa9-d348ae66436f,VN_ABCD_007_HydroCap_2027,Vietnam Hydropower JSC :: HydroCap :: 2027,VN_ABCD_007,Vietnam Hydropower JSC,VN,Power,HydroCap,2029,NA,9663416.772213457,9629272.425270712,9615122.650052954,0.014,0.11,1.2,0.18,56.4,56.4,59951837.65481229,59652220.92092852,44066390.40629354,43846163.162491605,VN_PDP8_BASELINE,VN_NZE_STRESS,Vietnam,increasing_carbon_tax_50,0.03,0.08,0.02,1,2029,0.25
4d182cde-9c6e-4ef7-8fa9-d348ae66436f,VN_ABCD_007_HydroCap_2027,Vietnam Hydropower JSC :: HydroCap :: 2027,VN_ABCD_007,Vietnam Hydropower JSC,VN,Power,HydroCap,2030,NA,9674748.520543799,9640156.86774591,9569437.812047463,0.014,0.11,1.2,0.18,56.5,57,60128562.05517971,60000375.08153759,40922488.99655661,40835247.09621718,VN_PDP8_BASELINE,VN_NZE_STRESS,Vietnam,increasing_carbon_tax_50,0.03,0.08,0.02,1,2029,0.25
4d182cde-9c6e-4ef7-8fa9-d348ae66436f,VN_ABCD_007_HydroCap_2027,Vietnam Hydropower JSC :: HydroCap :: 2027,VN_ABCD_007,Vietnam Hydropower JSC,VN,Power,HydroCap,2031,NA,NA,NA,NA,0.014,0.11,1.2,0.18,NA,NA,61331133.296283305,61200382.58316834,1022185554.9380552,1020006376.386139,VN_PDP8_BASELINE,VN_NZE_STRESS,Vietnam,increasing_carbon_tax_50,0.03,0.08,0.02,1,2029,0.25
4d182cde-9c6e-4ef7-8fa9-d348ae66436f,VN_ABCD_007_HydroCap_2028,Vietnam Hydropower JSC :: HydroCap :: 2028,VN_ABCD_007,Vietnam Hydropower JSC,VN,Power,HydroCap,2025,9855000,9855000,9855000,9855000,0.014,0.11,1.2,0.18,56,56,60706800,60706800,60706800,60706800,VN_PDP8_BASELINE,VN_NZE_STRESS,Vietnam,increasing_carbon_tax_50,0.03,0.08,0.02,1,2029,0.25
4d182cde-9c6e-4ef7-8fa9-d348ae66436f,VN_ABCD_007_HydroCap_2028,Vietnam Hydropower JSC :: HydroCap :: 2028,VN_ABCD_007,Vietnam Hydropower JSC,VN,Power,HydroCap,2026,9855000,9855000,9837168.62373367,9855000,0.014,0.11,1.2,0.18,56.1,56.1,60815205,60815205,56310375,56310375,VN_PDP8_BASELINE,VN_NZE_STRESS,Vietnam,increasing_carbon_tax_50,0.03,0.08,0.02,1,2029,0.25
4d182cde-9c6e-4ef7-8fa9-d348ae66436f,VN_ABCD_007_HydroCap_2028,Vietnam Hydropower JSC :: HydroCap :: 2028,VN_ABCD_007,Vietnam Hydropower JSC,VN,Power,HydroCap,2027,9855000,9855000,9820767.409045016,9855000,0.014,0.11,1.2,0.18,56.2,56.2,60923610,60923610,52232175.92592592,52232175.92592592,VN_PDP8_BASELINE,VN_NZE_STRESS,Vietnam,increasing_carbon_tax_50,0.03,0.08,0.02,1,2029,0.25
4d182cde-9c6e-4ef7-8fa9-d348ae66436f,VN_ABCD_007_HydroCap_2028,Vietnam Hydropower JSC :: HydroCap :: 2028,VN_ABCD_007,Vietnam Hydropower JSC,VN,Power,HydroCap,2028,9855000,9855000,9823429.9438970685,9855000,0.014,0.11,1.2,0.18,56.3,56.3,61032015,61032015,48449181.2414266,48449181.2414266,VN_PDP8_BASELINE,VN_NZE_STRESS,Vietnam,increasing_carbon_tax_50,0.03,0.08,0.02,1,2029,0.25
4d182cde-9c6e-4ef7-8fa9-d348ae66436f,VN_ABCD_007_HydroCap_2028,Vietnam Hydropower JSC :: HydroCap :: 2028,VN_ABCD_007,Vietnam Hydropower JSC,VN,Power,HydroCap,2029,NA,9857662.534852056,9825788.189051745,9811349.642911175,0.014,0.11,1.2,0.18,56.4,56.4,61156938.36622215,60869613.18462093,44952175.40480603,44740982.81886897,VN_PDP8_BASELINE,VN_NZE_STRESS,Vietnam,increasing_carbon_tax_50,0.03,0.08,0.02,1,2029,0.25
4d182cde-9c6e-4ef7-8fa9-d348ae66436f,VN_ABCD_007_HydroCap_2028,Vietnam Hydropower JSC :: HydroCap :: 2028,VN_ABCD_007,Vietnam Hydropower JSC,VN,Power,HydroCap,2030,NA,9869225.543352405,9836894.763006032,9767699.285822352,0.014,0.11,1.2,0.18,56.5,57,61337236.7519352,61243474.52210615,41745092.685848266,41681279.687710196,VN_PDP8_BASELINE,VN_NZE_STRESS,Vietnam,increasing_carbon_tax_50,0.03,0.08,0.02,1,2029,0.25
4d182cde-9c6e-4ef7-8fa9-d348ae66436f,VN_ABCD_007_HydroCap_2028,Vietnam Hydropower JSC :: HydroCap :: 2028,VN_ABCD_007,Vietnam Hydropower JSC,VN,Power,HydroCap,2031,NA,NA,NA,NA,0.014,0.11,1.2,0.18,NA,NA,62563981.486973904,62468344.012548275,1042733024.7828984,1041139066.8758047,VN_PDP8_BASELINE,VN_NZE_STRESS,Vietnam,increasing_carbon_tax_50,0.03,0.08,0.02,1,2029,0.25
4d182cde-9c6e-4ef7-8fa9-d348ae66436f,VN_ABCD_007_HydroCap_2029,Vietnam Hydropower JSC :: HydroCap :: 2029,VN_ABCD_007,Vietnam Hydropower JSC,VN,Power,HydroCap,2025,10052100,10052100,10052100,10052100,0.014,0.11,1.2,0.18,56,56,61920936,61920936,61920936,61920936,VN_PDP8_BASELINE,VN_NZE_STRESS,Vietnam,increasing_carbon_tax_50,0.03,0.08,0.02,1,2029,0.25
4d182cde-9c6e-4ef7-8fa9-d348ae66436f,VN_ABCD_007_HydroCap_2029,Vietnam Hydropower JSC :: HydroCap :: 2029,VN_ABCD_007,Vietnam Hydropower JSC,VN,Power,HydroCap,2026,10052100,10052100,10033911.996208342,10052100,0.014,0.11,1.2,0.18,56.1,56.1,62031509.1,62031509.1,57436582.5,57436582.5,VN_PDP8_BASELINE,VN_NZE_STRESS,Vietnam,increasing_carbon_tax_50,0.03,0.08,0.02,1,2029,0.25
4d182cde-9c6e-4ef7-8fa9-d348ae66436f,VN_ABCD_007_HydroCap_2029,Vietnam Hydropower JSC :: HydroCap :: 2029,VN_ABCD_007,Vietnam Hydropower JSC,VN,Power,HydroCap,2027,10052100,10052100,10017182.757225916,10052100,0.014,0.11,1.2,0.18,56.2,56.2,62142082.2,62142082.2,53276819.44444444,53276819.44444444,VN_PDP8_BASELINE,VN_NZE_STRESS,Vietnam,increasing_carbon_tax_50,0.03,0.08,0.02,1,2029,0.25
4d182cde-9c6e-4ef7-8fa9-d348ae66436f,VN_ABCD_007_HydroCap_2029,Vietnam Hydropower JSC :: HydroCap :: 2029,VN_ABCD_007,Vietnam Hydropower JSC,VN,Power,HydroCap,2028,10052100,10052100,10019898.542775013,10052100,0.014,0.11,1.2,0.18,56.3,56.3,62252655.3,62252655.3,49418164.866255134,49418164.866255134,VN_PDP8_BASELINE,VN_NZE_STRESS,Vietnam,increasing_carbon_tax_50,0.03,0.08,0.02,1,2029,0.25
4d182cde-9c6e-4ef7-8fa9-d348ae66436f,VN_ABCD_007_HydroCap_2029,Vietnam Hydropower JSC :: HydroCap :: 2029,VN_ABCD_007,Vietnam Hydropower JSC,VN,Power,HydroCap,2029,10052100,10052100,10022303.952832783,10007576.635769403,0.014,0.11,1.2,0.18,56.4,56.4,62363228.4,62087005.44831338,45838834.59076359,45635802.47524637,VN_PDP8_BASELINE,VN_NZE_STRESS,Vietnam,increasing_carbon_tax_50,0.03,0.08,0.02,1,2029,0.25
4d182cde-9c6e-4ef7-8fa9-d348ae66436f,VN_ABCD_007_HydroCap_2029,Vietnam Hydropower JSC :: HydroCap :: 2029,VN_ABCD_007,Vietnam Hydropower JSC,VN,Power,HydroCap,2030,NA,10063894.26867036,10033632.65826615,9963053.271538803,0.014,0.11,1.2,0.18,56.5,57,62547102.87978629,62468344.0125483,42568507.24312401,42514905.28146442,VN_PDP8_BASELINE,VN_NZE_STRESS,Vietnam,increasing_carbon_tax_50,0.03,0.08,0.02,1,2029,0.25
4d182cde-9c6e-4ef7-8fa9-d348ae66436f,VN_ABCD_007_HydroCap_2029,Vietnam Hydropower JSC :: HydroCap :: 2029,VN_ABCD_007,Vietnam Hydropower JSC,VN,Power,HydroCap,2031,NA,NA,NA,NA,0.014,0.11,1.2,0.18,NA,NA,63798044.93738202,63717710.892799266,1063300748.956367,1061961848.2133211,VN_PDP8_BASELINE,VN_NZE_STRESS,Vietnam,increasing_carbon_tax_50,0.03,0.08,0.02,1,2029,0.25
4d182cde-9c6e-4ef7-8fa9-d348ae66436f,VN_ABCD_007_HydroCap_2030,Vietnam Hydropower JSC :: HydroCap :: 2030,VN_ABCD_007,Vietnam Hydropower JSC,VN,Power,HydroCap,2025,10249200,10249200,10249200,10249200,0.014,0.11,1.2,0.18,56,56,63135072,63135072,63135072,63135072,VN_PDP8_BASELINE,VN_NZE_STRESS,Vietnam,increasing_carbon_tax_50,0.03,0.08,0.02,1,2029,0.25
4d182cde-9c6e-4ef7-8fa9-d348ae66436f,VN_ABCD_007_HydroCap_2030,Vietnam Hydropower JSC :: HydroCap :: 2030,VN_ABCD_007,Vietnam Hydropower JSC,VN,Power,HydroCap,2026,10249200,10249200,10230655.368683018,10249200,0.014,0.11,1.2,0.18,56.1,56.1,63247813.2,63247813.2,58562790,58562790,VN_PDP8_BASELINE,VN_NZE_STRESS,Vietnam,increasing_carbon_tax_50,0.03,0.08,0.02,1,2029,0.25
4d182cde-9c6e-4ef7-8fa9-d348ae66436f,VN_ABCD_007_HydroCap_2030,Vietnam Hydropower JSC :: HydroCap :: 2030,VN_ABCD_007,Vietnam Hydropower JSC,VN,Power,HydroCap,2027,10249200,10249200,10213598.105406817,10249200,0.014,0.11,1.2,0.18,56.2,56.2,63360554.4,63360554.4,54321462.962962955,54321462.962962955,VN_PDP8_BASELINE,VN_NZE_STRESS,Vietnam,increasing_carbon_tax_50,0.03,0.08,0.02,1,2029,0.25
4d182cde-9c6e-4ef7-8fa9-d348ae66436f,VN_ABCD_007_HydroCap_2030,Vietnam Hydropower JSC :: HydroCap :: 2030,VN_ABCD_007,Vietnam Hydropower JSC,VN,Power,HydroCap,2028,10249200,10249200,10216367.141652955,10249200,0.014,0.11,1.2,0.18,56.3,56.3,63473295.6,63473295.6,50387148.491083674,50387148.491083674,VN_PDP8_BASELINE,VN_NZE_STRESS,Vietnam,increasing_carbon_tax_50,0.03,0.08,0.02,1,2029,0.25
4d182cde-9c6e-4ef7-8fa9-d348ae66436f,VN_ABCD_007_HydroCap_2030,Vietnam Hydropower JSC :: HydroCap :: 2030,VN_ABCD_007,Vietnam Hydropower JSC,VN,Power,HydroCap,2029,10249200,10249200,10218819.716613816,10203803.628627626,0.014,0.11,1.2,0.18,56.4,56.4,63586036.8,63304397.712005794,46737635.26901386,46530622.13162375,VN_PDP8_BASELINE,VN_NZE_STRESS,Vietnam,increasing_carbon_tax_50,0.03,0.08,0.02,1,2029,0.25
4d182cde-9c6e-4ef7-8fa9-d348ae66436f,VN_ABCD_007_HydroCap_2030,Vietnam Hydropower JSC :: HydroCap :: 2030,VN_ABCD_007,Vietnam Hydropower JSC,VN,Power,HydroCap,2030,10249200,10249200,10230370.553526271,10158407.25725525,0.014,0.11,1.2,0.18,56.5,57,63698778,63693213.502990425,43352317.97838329,43348530.87521862,VN_PDP8_BASELINE,VN_NZE_STRESS,Vietnam,increasing_carbon_tax_50,0.03,0.08,0.02,1,2029,0.25
4d182cde-9c6e-4ef7-8fa9-d348ae66436f,VN_ABCD_007_HydroCap_2030,Vietnam Hydropower JSC :: HydroCap :: 2030,VN_ABCD_007,Vietnam Hydropower JSC,VN,Power,HydroCap,2031,NA,NA,NA,NA,0.014,0.11,1.2,0.18,NA,NA,64972753.56,64967077.773050234,1082879226,1082784629.5508373,VN_PDP8_BASELINE,VN_NZE_STRESS,Vietnam,increasing_carbon_tax_50,0.03,0.08,0.02,1,2029,0.25
4d182cde-9c6e-4ef7-8fa9-d348ae66436f,VN_ABCD_008_RenewablesCap_2025,NA,VN_ABCD_008,NA,NA,Power,RenewablesCap,2025,NA,NA,NA,NA,NA,NA,NA,NA,NA,NA,14348880,NA,14348880,NA,VN_PDP8_BASELINE,VN_NZE_STRESS,Vietnam,increasing_carbon_tax_50,0.03,0.08,0.02,1,2029,0.25
4d182cde-9c6e-4ef7-8fa9-d348ae66436f,VN_ABCD_008_RenewablesCap_2025,NA,VN_ABCD_008,NA,NA,Power,RenewablesCap,2026,NA,NA,NA,NA,NA,NA,NA,NA,NA,NA,14879005.660584003,NA,13776857.093133334,NA,VN_PDP8_BASELINE,VN_NZE_STRESS,Vietnam,increasing_carbon_tax_50,0.03,0.08,0.02,1,2029,0.25
4d182cde-9c6e-4ef7-8fa9-d348ae66436f,VN_ABCD_008_RenewablesCap_2025,NA,VN_ABCD_008,NA,NA,Power,RenewablesCap,2027,NA,NA,NA,NA,NA,NA,NA,NA,NA,NA,15410515.205394778,NA,13212032.92643585,NA,VN_PDP8_BASELINE,VN_NZE_STRESS,Vietnam,increasing_carbon_tax_50,0.03,0.08,0.02,1,2029,0.25
4d182cde-9c6e-4ef7-8fa9-d348ae66436f,VN_ABCD_008_RenewablesCap_2025,NA,VN_ABCD_008,NA,NA,Power,RenewablesCap,2028,NA,NA,NA,NA,NA,NA,NA,NA,NA,NA,15958122.72049279,NA,12668072.321683677,NA,VN_PDP8_BASELINE,VN_NZE_STRESS,Vietnam,increasing_carbon_tax_50,0.03,0.08,0.02,1,2029,0.25
4d182cde-9c6e-4ef7-8fa9-d348ae66436f,VN_ABCD_008_RenewablesCap_2025,NA,VN_ABCD_008,NA,NA,Power,RenewablesCap,2029,NA,NA,NA,NA,NA,NA,NA,NA,NA,NA,16516304.954971794,NA,12139977.19979425,NA,VN_PDP8_BASELINE,VN_NZE_STRESS,Vietnam,increasing_carbon_tax_50,0.03,0.08,0.02,1,2029,0.25
4d182cde-9c6e-4ef7-8fa9-d348ae66436f,VN_ABCD_008_RenewablesCap_2025,NA,VN_ABCD_008,NA,NA,Power,RenewablesCap,2030,NA,NA,NA,NA,NA,NA,NA,NA,NA,NA,17077319.618734736,NA,11622536.782885717,NA,VN_PDP8_BASELINE,VN_NZE_STRESS,Vietnam,increasing_carbon_tax_50,0.03,0.08,0.02,1,2029,0.25
4d182cde-9c6e-4ef7-8fa9-d348ae66436f,VN_ABCD_008_RenewablesCap_2025,NA,VN_ABCD_008,NA,NA,Power,RenewablesCap,2031,NA,NA,NA,NA,NA,NA,NA,NA,NA,NA,17418866.01110943,NA,290314433.5184905,NA,VN_PDP8_BASELINE,VN_NZE_STRESS,Vietnam,increasing_carbon_tax_50,0.03,0.08,0.02,1,2029,0.25
4d182cde-9c6e-4ef7-8fa9-d348ae66436f,VN_ABCD_008_RenewablesCap_2026,Trung Nam Group :: RenewablesCap :: 2026,VN_ABCD_008,Trung Nam Group,VN,Power,RenewablesCap,2025,3547800,3547800,3547800,3547800,0.021,0.1,2,0.3,52,52,18448560,18448560,18448560,18448560,VN_PDP8_BASELINE,VN_NZE_STRESS,Vietnam,increasing_carbon_tax_50,0.03,0.08,0.02,1,2029,0.25
4d182cde-9c6e-4ef7-8fa9-d348ae66436f,VN_ABCD_008_RenewablesCap_2026,Trung Nam Group :: RenewablesCap :: 2026,VN_ABCD_008,Trung Nam Group,VN,Power,RenewablesCap,2026,3618755.9999999995,3618755.9999999995,3717235.8064526087,3618755.9999999995,0.021,0.1,2,0.3,52.2,52.2,18889906.32,18889906.32,17490654,17490654,VN_PDP8_BASELINE,VN_NZE_STRESS,Vietnam,increasing_carbon_tax_50,0.03,0.08,0.02,1,2029,0.25
4d182cde-9c6e-4ef7-8fa9-d348ae66436f,VN_ABCD_008_RenewablesCap_2026,Trung Nam Group :: RenewablesCap :: 2026,VN_ABCD_008,Trung Nam Group,VN,Power,RenewablesCap,2027,NA,3735182.3015972506,3896808.8415995357,3735182.3015972506,0.021,0.1,2,0.3,52.4,52.4,19572355.260369595,19572355.260369595,16780139.969452668,16780139.969452668,VN_PDP8_BASELINE,VN_NZE_STRESS,Vietnam,increasing_carbon_tax_50,0.03,0.08,0.02,1,2029,0.25
4d182cde-9c6e-4ef7-8fa9-d348ae66436f,VN_ABCD_008_RenewablesCap_2026,Trung Nam Group :: RenewablesCap :: 2026,VN_ABCD_008,Trung Nam Group,VN,Power,RenewablesCap,2028,NA,3854658.0971689164,4088135.9791767662,3854658.0971689164,0.021,0.1,2,0.3,52.6,52.6,20275501.5911085,20275501.5911085,16095346.865877675,16095346.865877675,VN_PDP8_BASELINE,VN_NZE_STRESS,Vietnam,increasing_carbon_tax_50,0.03,0.08,0.02,1,2029,0.25
4d182cde-9c6e-4ef7-8fa9-d348ae66436f,VN_ABCD_008_RenewablesCap_2026,Trung Nam Group :: RenewablesCap :: 2026,VN_ABCD_008,Trung Nam Group,VN,Power,RenewablesCap,2029,NA,3975803.78591344,4284237.056958215,4371153.879253648,0.021,0.1,2,0.3,52.8,52.8,20992243.989622965,20992243.98962296,15429926.009559799,15429926.009559795,VN_PDP8_BASELINE,VN_NZE_STRESS,Vietnam,increasing_carbon_tax_50,0.03,0.08,0.02,1,2029,0.25
4d182cde-9c6e-4ef7-8fa9-d348ae66436f,VN_ABCD_008_RenewablesCap_2026,Trung Nam Group :: RenewablesCap :: 2026,VN_ABCD_008,Trung Nam Group,VN,Power,RenewablesCap,2030,NA,4096722.279798314,4480982.255171072,4887649.6613383815,0.021,0.1,2,0.3,53,56,21712628.082931068,22941644.76687056,14777249.836686071,15613697.940649431,VN_PDP8_BASELINE,VN_NZE_STRESS,Vietnam,increasing_carbon_tax_50,0.03,0.08,0.02,1,2029,0.25
4d182cde-9c6e-4ef7-8fa9-d348ae66436f,VN_ABCD_008_RenewablesCap_2026,Trung Nam Group :: RenewablesCap :: 2026,VN_ABCD_008,Trung Nam Group,VN,Power,RenewablesCap,2031,NA,NA,NA,NA,0.021,0.1,2,0.3,NA,NA,22146880.64458969,23400477.66220797,369114677.4098282,390007961.0367995,VN_PDP8_BASELINE,VN_NZE_STRESS,Vietnam,increasing_carbon_tax_50,0.03,0.08,0.02,1,2029,0.25
4d182cde-9c6e-4ef7-8fa9-d348ae66436f,VN_ABCD_008_RenewablesCap_2027,Trung Nam Group :: RenewablesCap :: 2027,VN_ABCD_008,Trung Nam Group,VN,Power,RenewablesCap,2025,4204800.000000001,4204800.000000001,4204800.000000001,4204800.000000001,0.021,0.1,2,0.3,52,52,21864960.000000007,21864960.000000007,21864960.000000007,21864960.000000007,VN_PDP8_BASELINE,VN_NZE_STRESS,Vietnam,increasing_carbon_tax_50,0.03,0.08,0.02,1,2029,0.25
4d182cde-9c6e-4ef7-8fa9-d348ae66436f,VN_ABCD_008_RenewablesCap_2027,Trung Nam Group :: RenewablesCap :: 2027,VN_ABCD_008,Trung Nam Group,VN,Power,RenewablesCap,2026,4288896.000000001,4288896.000000001,4405612.807647537,4288896.000000001,0.021,0.1,2,0.3,52.2,52.2,22388037.120000005,22388037.120000005,20729664.000000004,20729664.000000004,VN_PDP8_BASELINE,VN_NZE_STRESS,Vietnam,increasing_carbon_tax_50,0.03,0.08,0.02,1,2029,0.25
4d182cde-9c6e-4ef7-8fa9-d348ae66436f,VN_ABCD_008_RenewablesCap_2027,Trung Nam Group :: RenewablesCap :: 2027,VN_ABCD_008,Trung Nam Group,VN,Power,RenewablesCap,2027,4372992,4372992,4618440.108562414,4372992,0.021,0.1,2,0.3,52.4,52.4,22914478.08,22914478.08,19645471.60493827,19645471.60493827,VN_PDP8_BASELINE,VN_NZE_STRESS,Vietnam,increasing_carbon_tax_50,0.03,0.08,0.02,1,2029,0.25
4d182cde-9c6e-4ef7-8fa9-d348ae66436f,VN_ABCD_008_RenewablesCap_2027,Trung Nam Group :: RenewablesCap :: 2027,VN_ABCD_008,Trung Nam Group,VN,Power,RenewablesCap,2028,NA,4514592.942899752,4845198.197542834,4514592.942899752,0.021,0.1,2,0.3,52.6,52.6,23746758.879652698,23746758.879652698,18850942.818400312,18850942.818400312,VN_PDP8_BASELINE,VN_NZE_STRESS,Vietnam,increasing_carbon_tax_50,0.03,0.08,0.02,1,2029,0.25
4d182cde-9c6e-4ef7-8fa9-d348ae66436f,VN_ABCD_008_RenewablesCap_2027,Trung Nam Group :: RenewablesCap :: 2027,VN_ABCD_008,Trung Nam Group,VN,Power,RenewablesCap,2029,NA,4658173.018448817,5077614.289728256,5198590.395795832,0.021,0.1,2,0.3,52.8,52.8,24595153.537409753,24595153.53740975,18078172.084108457,18078172.084108453,VN_PDP8_BASELINE,VN_NZE_STRESS,Vietnam,increasing_carbon_tax_50,0.03,0.08,0.02,1,2029,0.25
4d182cde-9c6e-4ef7-8fa9-d348ae66436f,VN_ABCD_008_RenewablesCap_2027,Trung Nam Group :: RenewablesCap :: 2027,VN_ABCD_008,Trung Nam Group,VN,Power,RenewablesCap,2030,NA,4801483.826016075,5310793.783906457,5882587.848691911,0.021,0.1,2,0.3,53,56,25447864.2778852,26888309.42569002,17319388.827924144,18299731.591768906,VN_PDP8_BASELINE,VN_NZE_STRESS,Vietnam,increasing_carbon_tax_50,0.03,0.08,0.02,1,2029,0.25
4d182cde-9c6e-4ef7-8fa9-d348ae66436f,VN_ABCD_008_RenewablesCap_2027,Trung Nam Group :: RenewablesCap :: 2027,VN_ABCD_008,Trung Nam Group,VN,Power,RenewablesCap,2031,NA,NA,NA,NA,0.021,0.1,2,0.3,NA,NA,25956821.563442905,27426075.614203822,432613692.72404844,457101260.2367304,VN_PDP8_BASELINE,VN_NZE_STRESS,Vietnam,increasing_carbon_tax_50,0.03,0.08,0.02,1,2029,0.25
4d182cde-9c6e-4ef7-8fa9-d348ae66436f,VN_ABCD_008_RenewablesCap_2028,Trung Nam Group :: RenewablesCap :: 2028,VN_ABCD_008,Trung Nam Group,VN,Power,RenewablesCap,2025,4993200,4993200,4993200,4993200,0.021,0.1,2,0.3,52,52,25964640,25964640,25964640,25964640,VN_PDP8_BASELINE,VN_NZE_STRESS,Vietnam,increasing_carbon_tax_50,0.03,0.08,0.02,1,2029,0.25
4d182cde-9c6e-4ef7-8fa9-d348ae66436f,VN_ABCD_008_RenewablesCap_2028,Trung Nam Group :: RenewablesCap :: 2028,VN_ABCD_008,Trung Nam Group,VN,Power,RenewablesCap,2026,5093064,5093064,5231665.20908145,5093064,0.021,0.1,2,0.3,52.2,52.2,26585794.080000002,26585794.080000002,24616476,24616476,VN_PDP8_BASELINE,VN_NZE_STRESS,Vietnam,increasing_carbon_tax_50,0.03,0.08,0.02,1,2029,0.25
4d182cde-9c6e-4ef7-8fa9-d348ae66436f,VN_ABCD_008_RenewablesCap_2028,Trung Nam Group :: RenewablesCap :: 2028,VN_ABCD_008,Trung Nam Group,VN,Power,RenewablesCap,2027,5192928,5192928,5484397.6289178645,5192928,0.021,0.1,2,0.3,52.4,52.4,27210942.72,27210942.72,23328997.530864194,23328997.530864194,VN_PDP8_BASELINE,VN_NZE_STRESS,Vietnam,increasing_carbon_tax_50,0.03,0.08,0.02,1,2029,0.25
4d182cde-9c6e-4ef7-8fa9-d348ae66436f,VN_ABCD_008_RenewablesCap_2028,Trung Nam Group :: RenewablesCap :: 2028,VN_ABCD_008,Trung Nam Group,VN,Power,RenewablesCap,2028,5292792,5292792,5753672.859582115,5292792,0.021,0.1,2,0.3,52.6,52.6,27840085.92,27840085.92,22100357.79606767,22100357.79606767,VN_PDP8_BASELINE,VN_NZE_STRESS,Vietnam,increasing_carbon_tax_50,0.03,0.08,0.02,1,2029,0.25
4d182cde-9c6e-4ef7-8fa9-d348ae66436f,VN_ABCD_008_RenewablesCap_2028,Trung Nam Group :: RenewablesCap :: 2028,VN_ABCD_008,Trung Nam Group,VN,Power,RenewablesCap,2029,NA,5463293.339714514,6029666.969052303,6173326.095007549,0.021,0.1,2,0.3,52.8,52.8,28846188.833692636,28846188.833692633,21202809.93216779,21202809.93216779,VN_PDP8_BASELINE,VN_NZE_STRESS,Vietnam,increasing_carbon_tax_50,0.03,0.08,0.02,1,2029,0.25
4d182cde-9c6e-4ef7-8fa9-d348ae66436f,VN_ABCD_008_RenewablesCap_2028,Trung Nam Group :: RenewablesCap :: 2028,VN_ABCD_008,Trung Nam Group,VN,Power,RenewablesCap,2030,NA,5633474.923700633,6306567.618388916,7053860.190015097,0.021,0.1,2,0.3,53,56,29857417.095613357,31547459.57272355,20320456.38210277,21470670.894297265,VN_PDP8_BASELINE,VN_NZE_STRESS,Vietnam,increasing_carbon_tax_50,0.03,0.08,0.02,1,2029,0.25
4d182cde-9c6e-4ef7-8fa9-d348ae66436f,VN_ABCD_008_RenewablesCap_2028,Trung Nam Group :: RenewablesCap :: 2028,VN_ABCD_008,Trung Nam Group,VN,Power,RenewablesCap,2031,NA,NA,NA,NA,0.021,0.1,2,0.3,NA,NA,30454565.437525623,32178408.76417802,507576090.62542707,536306812.73630035,VN_PDP8_BASELINE,VN_NZE_STRESS,Vietnam,increasing_carbon_tax_50,0.03,0.08,0.02,1,2029,0.25
4d182cde-9c6e-4ef7-8fa9-d348ae66436f,VN_ABCD_008_RenewablesCap_2029,Trung Nam Group :: RenewablesCap :: 2029,VN_ABCD_008,Trung Nam Group,VN,Power,RenewablesCap,2025,5781600,5781600,5781600,5781600,0.021,0.1,2,0.3,52,52,30064320,30064320,30064320,30064320,VN_PDP8_BASELINE,VN_NZE_STRESS,Vietnam,increasing_carbon_tax_50,0.03,0.08,0.02,1,2029,0.25
4d182cde-9c6e-4ef7-8fa9-d348ae66436f,VN_ABCD_008_RenewablesCap_2029,Trung Nam Group :: RenewablesCap :: 2029,VN_ABCD_008,Trung Nam Group,VN,Power,RenewablesCap,2026,5897231.999999999,5897231.999999999,6057717.6105153635,5897231.999999999,0.021,0.1,2,0.3,52.2,52.2,30783551.04,30783551.04,28503287.999999996,28503287.999999996,VN_PDP8_BASELINE,VN_NZE_STRESS,Vietnam,increasing_carbon_tax_50,0.03,0.08,0.02,1,2029,0.25
4d182cde-9c6e-4ef7-8fa9-d348ae66436f,VN_ABCD_008_RenewablesCap_2029,Trung Nam Group :: RenewablesCap :: 2029,VN_ABCD_008,Trung Nam Group,VN,Power,RenewablesCap,2027,6012864,6012864,6350355.149273317,6012864,0.021,0.1,2,0.3,52.4,52.4,31507407.36,31507407.36,27012523.45679012,27012523.45679012,VN_PDP8_BASELINE,VN_NZE_STRESS,Vietnam,increasing_carbon_tax_50,0.03,0.08,0.02,1,2029,0.25
4d182cde-9c6e-4ef7-8fa9-d348ae66436f,VN_ABCD_008_RenewablesCap_2029,Trung Nam Group :: RenewablesCap :: 2029,VN_ABCD_008,Trung Nam Group,VN,Power,RenewablesCap,2028,6128496,6128496,6662147.521621396,6128496,0.021,0.1,2,0.3,52.6,52.6,32235888.960000005,32235888.960000005,25589887.974394146,25589887.974394146,VN_PDP8_BASELINE,VN_NZE_STRESS,Vietnam,increasing_carbon_tax_50,0.03,0.08,0.02,1,2029,0.25
4d182cde-9c6e-4ef7-8fa9-d348ae66436f,VN_ABCD_008_RenewablesCap_2029,Trung Nam Group :: RenewablesCap :: 2029,VN_ABCD_008,Trung Nam Group,VN,Power,RenewablesCap,2029,6244128.000000001,6244128.000000001,6981719.64837635,7148061.794219268,0.021,0.1,2,0.3,52.8,52.8,32968995.840000004,32968995.840000004,24233196.159122083,24233196.159122083,VN_PDP8_BASELINE,VN_NZE_STRESS,Vietnam,increasing_carbon_tax_50,0.03,0.08,0.02,1,2029,0.25
4d182cde-9c6e-4ef7-8fa9-d348ae66436f,VN_ABCD_008_RenewablesCap_2029,Trung Nam Group :: RenewablesCap :: 2029,VN_ABCD_008,Trung Nam Group,VN,Power,RenewablesCap,2030,NA,6441180.36040498,7302341.452871377,8167627.588438536,0.021,0.1,2,0.3,53,56,34138255.9101464,36070610.01826789,23233923.348483846,24549051.08519048,VN_PDP8_BASELINE,VN_NZE_STRESS,Vietnam,increasing_carbon_tax_50,0.03,0.08,0.02,1,2029,0.25
4d182cde-9c6e-4ef7-8fa9-d348ae66436f,VN_ABCD_008_RenewablesCap_2029,Trung Nam Group :: RenewablesCap :: 2029,VN_ABCD_008,Trung Nam Group,VN,Power,RenewablesCap,2031,NA,NA,NA,NA,0.021,0.1,2,0.3,NA,NA,34821021.02834933,36792022.21863325,580350350.4724889,613200370.3105541,VN_PDP8_BASELINE,VN_NZE_STRESS,Vietnam,increasing_carbon_tax_50,0.03,0.08,0.02,1,2029,0.25
4d182cde-9c6e-4ef7-8fa9-d348ae66436f,VN_ABCD_008_RenewablesCap_2030,Trung Nam Group :: RenewablesCap :: 2030,VN_ABCD_008,Trung Nam Group,VN,Power,RenewablesCap,2025,6570000,6570000,6570000,6570000,0.021,0.1,2,0.3,52,52,34164000,34164000,34164000,34164000,VN_PDP8_BASELINE,VN_NZE_STRESS,Vietnam,increasing_carbon_tax_50,0.03,0.08,0.02,1,2029,0.25
4d182cde-9c6e-4ef7-8fa9-d348ae66436f,VN_ABCD_008_RenewablesCap_2030,Trung Nam Group :: RenewablesCap :: 2030,VN_ABCD_008,Trung Nam Group,VN,Power,RenewablesCap,2026,6701400,6701400,6883770.011949276,6701400,0.021,0.1,2,0.3,52.2,52.2,34981308,34981308,32390099.999999996,32390099.999999996,VN_PDP8_BASELINE,VN_NZE_STRESS,Vietnam,increasing_carbon_tax_50,0.03,0.08,0.02,1,2029,0.25
4d182cde-9c6e-4ef7-8fa9-d348ae66436f,VN_ABCD_008_RenewablesCap_2030,Trung Nam Group :: RenewablesCap :: 2030,VN_ABCD_008,Trung Nam Group,VN,Power,RenewablesCap,2027,6832800,6832800,7216312.669628769,6832800,0.021,0.1,2,0.3,52.4,52.4,35803872,35803872,30696049.38271605,30696049.38271605,VN_PDP8_BASELINE,VN_NZE_STRESS,Vietnam,increasing_carbon_tax_50,0.03,0.08,0.02,1,2029,0.25
4d182cde-9c6e-4ef7-8fa9-d348ae66436f,VN_ABCD_008_RenewablesCap_2030,Trung Nam Group :: RenewablesCap :: 2030,VN_ABCD_008,Trung Nam Group,VN,Power,RenewablesCap,2028,6964200,6964200,7570622.183660679,6964200,0.021,0.1,2,0.3,52.6,52.6,36631692,36631692,29079418.15272062,29079418.15272062,VN_PDP8_BASELINE,VN_NZE_STRESS,Vietnam,increasing_carbon_tax_50,0.03,0.08,0.02,1,2029,0.25
4d182cde-9c6e-4ef7-8fa9-d348ae66436f,VN_ABCD_008_RenewablesCap_2030,Trung Nam Group :: RenewablesCap :: 2030,VN_ABCD_008,Trung Nam Group,VN,Power,RenewablesCap,2029,7095600,7095600,7933772.327700399,8122797.493430987,0.021,0.1,2,0.3,52.8,52.8,37464768,37464768,27537722.908093274,27537722.908093274,VN_PDP8_BASELINE,VN_NZE_STRESS,Vietnam,increasing_carbon_tax_50,0.03,0.08,0.02,1,2029,0.25
4d182cde-9c6e-4ef7-8fa9-d348ae66436f,VN_ABCD_008_RenewablesCap_2030,Trung Nam Group :: RenewablesCap :: 2030,VN_ABCD_008,Trung Nam Group,VN,Power,RenewablesCap,2030,7227000,7227000,8298115.287353838,9281394.986861974,0.021,0.1,2,0.3,53,56,38303100,40471200,26068446.25430354,27544018.68379242,VN_PDP8_BASELINE,VN_NZE_STRESS,Vietnam,increasing_carbon_tax_50,0.03,0.08,0.02,1,2029,0.25
4d182cde-9c6e-4ef7-8fa9-d348ae66436f,VN_ABCD_008_RenewablesCap_2030,Trung Nam Group :: RenewablesCap :: 2030,VN_ABCD_008,Trung Nam Group,VN,Power,RenewablesCap,2031,NA,NA,NA,NA,0.021,0.1,2,0.3,NA,NA,39069162,41280624,651152700,688010400,VN_PDP8_BASELINE,VN_NZE_STRESS,Vietnam,increasing_carbon_tax_50,0.03,0.08,0.02,1,2029,0.25
4d182cde-9c6e-4ef7-8fa9-d348ae66436f,VN_ABCD_009_RenewablesCap_2025,NA,VN_ABCD_009,NA,NA,Power,RenewablesCap,2025,NA,NA,NA,NA,NA,NA,NA,NA,NA,NA,5296786.56,NA,5296786.56,NA,VN_PDP8_BASELINE,VN_NZE_STRESS,Vietnam,increasing_carbon_tax_50,0.03,0.08,0.02,1,2029,0.25
4d182cde-9c6e-4ef7-8fa9-d348ae66436f,VN_ABCD_009_RenewablesCap_2025,NA,VN_ABCD_009,NA,NA,Power,RenewablesCap,2026,NA,NA,NA,NA,NA,NA,NA,NA,NA,NA,5492478.660992722,NA,5085628.3898080755,NA,VN_PDP8_BASELINE,VN_NZE_STRESS,Vietnam,increasing_carbon_tax_50,0.03,0.08,0.02,1,2029,0.25
4d182cde-9c6e-4ef7-8fa9-d348ae66436f,VN_ABCD_009_RenewablesCap_2025,NA,VN_ABCD_009,NA,NA,Power,RenewablesCap,2027,NA,NA,NA,NA,NA,NA,NA,NA,NA,NA,5688681.612962871,NA,4877127.583130033,NA,VN_PDP8_BASELINE,VN_NZE_STRESS,Vietnam,increasing_carbon_tax_50,0.03,0.08,0.02,1,2029,0.25
4d182cde-9c6e-4ef7-8fa9-d348ae66436f,VN_ABCD_009_RenewablesCap_2025,NA,VN_ABCD_009,NA,NA,Power,RenewablesCap,2028,NA,NA,NA,NA,NA,NA,NA,NA,NA,NA,5890827.015679053,NA,4676328.411318661,NA,VN_PDP8_BASELINE,VN_NZE_STRESS,Vietnam,increasing_carbon_tax_50,0.03,0.08,0.02,1,2029,0.25
4d182cde-9c6e-4ef7-8fa9-d348ae66436f,VN_ABCD_009_RenewablesCap_2025,NA,VN_ABCD_009,NA,NA,Power,RenewablesCap,2029,NA,NA,NA,NA,NA,NA,NA,NA,NA,NA,6096876.000521015,NA,4481385.869181191,NA,VN_PDP8_BASELINE,VN_NZE_STRESS,Vietnam,increasing_carbon_tax_50,0.03,0.08,0.02,1,2029,0.25
4d182cde-9c6e-4ef7-8fa9-d348ae66436f,VN_ABCD_009_RenewablesCap_2025,NA,VN_ABCD_009,NA,NA,Power,RenewablesCap,2030,NA,NA,NA,NA,NA,NA,NA,NA,NA,NA,6303970.556401508,NA,4290376.435282384,NA,VN_PDP8_BASELINE,VN_NZE_STRESS,Vietnam,increasing_carbon_tax_50,0.03,0.08,0.02,1,2029,0.25
4d182cde-9c6e-4ef7-8fa9-d348ae66436f,VN_ABCD_009_RenewablesCap_2025,NA,VN_ABCD_009,NA,NA,Power,RenewablesCap,2031,NA,NA,NA,NA,NA,NA,NA,NA,NA,NA,6430049.967529538,NA,107167499.45882563,NA,VN_PDP8_BASELINE,VN_NZE_STRESS,Vietnam,increasing_carbon_tax_50,0.03,0.08,0.02,1,2029,0.25
4d182cde-9c6e-4ef7-8fa9-d348ae66436f,VN_ABCD_009_RenewablesCap_2026,BIM Group :: RenewablesCap :: 2026,VN_ABCD_009,BIM Group,VN,Power,RenewablesCap,2025,1103760,1103760,1103760,1103760,0.018,0.102,1.7,0.27,52,52,5854343.04,5854343.04,5854343.04,5854343.04,VN_PDP8_BASELINE,VN_NZE_STRESS,Vietnam,increasing_carbon_tax_50,0.03,0.08,0.02,1,2029,0.25
4d182cde-9c6e-4ef7-8fa9-d348ae66436f,VN_ABCD_009_RenewablesCap_2026,BIM Group :: RenewablesCap :: 2026,VN_ABCD_009,BIM Group,VN,Power,RenewablesCap,2026,1125835.2000000002,1125835.2000000002,1156473.3620074785,1125835.2000000002,0.018,0.102,1.7,0.27,52.2,52.2,5994396.938880001,5994396.938880001,5550367.536,5550367.536,VN_PDP8_BASELINE,VN_NZE_STRESS,Vietnam,increasing_carbon_tax_50,0.03,0.08,0.02,1,2029,0.25
4d182cde-9c6e-4ef7-8fa9-d348ae66436f,VN_ABCD_009_RenewablesCap_2026,BIM Group :: RenewablesCap :: 2026,VN_ABCD_009,BIM Group,VN,Power,RenewablesCap,2027,NA,1162056.7160524782,1212340.5284976333,1162056.7160524782,0.018,0.102,1.7,0.27,52.4,52.4,6210960.735957285,6210960.735957285,5324897.750306314,5324897.750306314,VN_PDP8_BASELINE,VN_NZE_STRESS,Vietnam,increasing_carbon_tax_50,0.03,0.08,0.02,1,2029,0.25
4d182cde-9c6e-4ef7-8fa9-d348ae66436f,VN_ABCD_009_RenewablesCap_2026,BIM Group :: RenewablesCap :: 2026,VN_ABCD_009,BIM Group,VN,Power,RenewablesCap,2028,NA,1199226.9635636632,1271864.526854994,1199226.9635636632,0.018,0.102,1.7,0.27,52.6,52.6,6434092.504911765,6434092.504911765,5107590.072105183,5107590.072105183,VN_PDP8_BASELINE,VN_NZE_STRESS,Vietnam,increasing_carbon_tax_50,0.03,0.08,0.02,1,2029,0.25
4d182cde-9c6e-4ef7-8fa9-d348ae66436f,VN_ABCD_009_RenewablesCap_2026,BIM Group :: RenewablesCap :: 2026,VN_ABCD_009,BIM Group,VN,Power,RenewablesCap,2029,NA,1236916.7333952927,1332873.751053667,1359914.5402122464,0.018,0.102,1.7,0.27,52.8,52.8,6661538.759373687,6661538.759373688,4896429.853700309,4896429.85370031,VN_PDP8_BASELINE,VN_NZE_STRESS,Vietnam,increasing_carbon_tax_50,0.03,0.08,0.02,1,2029,0.25
4d182cde-9c6e-4ef7-8fa9-d348ae66436f,VN_ABCD_009_RenewablesCap_2026,BIM Group :: RenewablesCap :: 2026,VN_ABCD_009,BIM Group,VN,Power,RenewablesCap,2030,NA,1274535.8203816982,1394083.3682754447,1520602.1168608295,0.018,0.102,1.7,0.27,53,56,6890140.64498346,7280148.606020261,4689313.9481750475,4954746.813166088,VN_PDP8_BASELINE,VN_NZE_STRESS,Vietnam,increasing_carbon_tax_50,0.03,0.08,0.02,1,2029,0.25
4d182cde-9c6e-4ef7-8fa9-d348ae66436f,VN_ABCD_009_RenewablesCap_2026,BIM Group :: RenewablesCap :: 2026,VN_ABCD_009,BIM Group,VN,Power,RenewablesCap,2031,NA,NA,NA,NA,0.018,0.102,1.7,0.27,NA,NA,7027943.45788313,7425751.578140666,117132390.96471883,123762526.30234444,VN_PDP8_BASELINE,VN_NZE_STRESS,Vietnam,increasing_carbon_tax_50,0.03,0.08,0.02,1,2029,0.25
4d182cde-9c6e-4ef7-8fa9-d348ae66436f,VN_ABCD_009_RenewablesCap_2027,BIM Group :: RenewablesCap :: 2027,VN_ABCD_009,BIM Group,VN,Power,RenewablesCap,2025,1208880.0000000002,1208880.0000000002,1208880.0000000002,1208880.0000000002,0.018,0.102,1.7,0.27,52,52,6411899.520000001,6411899.520000001,6411899.520000001,6411899.520000001,VN_PDP8_BASELINE,VN_NZE_STRESS,Vietnam,increasing_carbon_tax_50,0.03,0.08,0.02,1,2029,0.25
4d182cde-9c6e-4ef7-8fa9-d348ae66436f,VN_ABCD_009_RenewablesCap_2027,BIM Group :: RenewablesCap :: 2027,VN_ABCD_009,BIM Group,VN,Power,RenewablesCap,2026,1233057.6,1233057.6,1266613.682198667,1233057.6,0.018,0.102,1.7,0.27,52.2,52.2,6565291.88544,6565291.88544,6078973.968,6078973.968,VN_PDP8_BASELINE,VN_NZE_STRESS,Vietnam,increasing_carbon_tax_50,0.03,0.08,0.02,1,2029,0.25
4d182cde-9c6e-4ef7-8fa9-d348ae66436f,VN_ABCD_009_RenewablesCap_2027,BIM Group :: RenewablesCap :: 2027,VN_ABCD_009,BIM Group,VN,Power,RenewablesCap,2027,1257235.2000000004,1257235.2000000004,1327801.531211694,1257235.2000000004,0.018,0.102,1.7,0.27,52.4,52.4,6719670.696960001,6719670.696960001,5761034.548148149,5761034.548148149,VN_PDP8_BASELINE,VN_NZE_STRESS,Vietnam,increasing_carbon_tax_50,0.03,0.08,0.02,1,2029,0.25
4d182cde-9c6e-4ef7-8fa9-d348ae66436f,VN_ABCD_009_RenewablesCap_2027,BIM Group :: RenewablesCap :: 2027,VN_ABCD_009,BIM Group,VN,Power,RenewablesCap,2028,NA,1297945.4710836792,1392994.481793565,1297945.4710836792,0.018,0.102,1.7,0.27,52.6,52.6,6963737.041458156,6963737.041458156,5528038.981495894,5528038.981495894,VN_PDP8_BASELINE,VN_NZE_STRESS,Vietnam,increasing_carbon_tax_50,0.03,0.08,0.02,1,2029,0.25
4d182cde-9c6e-4ef7-8fa9-d348ae66436f,VN_ABCD_009_RenewablesCap_2027,BIM Group :: RenewablesCap :: 2027,VN_ABCD_009,BIM Group,VN,Power,RenewablesCap,2029,NA,1339224.742804035,1459814.1082968737,1494594.7387913018,0.018,0.102,1.7,0.27,52.8,52.8,7212528.774845411,7212528.774845411,5301423.9636648055,5301423.9636648055,VN_PDP8_BASELINE,VN_NZE_STRESS,Vietnam,increasing_carbon_tax_50,0.03,0.08,0.02,1,2029,0.25
4d182cde-9c6e-4ef7-8fa9-d348ae66436f,VN_ABCD_009_RenewablesCap_2027,BIM Group :: RenewablesCap :: 2027,VN_ABCD_009,BIM Group,VN,Power,RenewablesCap,2030,NA,1380426.5999796218,1526853.2128731066,1691244.0064989245,0.018,0.102,1.7,0.27,53,56,7462586.199489836,7884996.739083598,5078910.773788756,5366396.289286232,VN_PDP8_BASELINE,VN_NZE_STRESS,Vietnam,increasing_carbon_tax_50,0.03,0.08,0.02,1,2029,0.25
4d182cde-9c6e-4ef7-8fa9-d348ae66436f,VN_ABCD_009_RenewablesCap_2027,BIM Group :: RenewablesCap :: 2027,VN_ABCD_009,BIM Group,VN,Power,RenewablesCap,2031,NA,NA,NA,NA,0.018,0.102,1.7,0.27,NA,NA,7611837.9234796325,8042696.673865271,126863965.39132722,134044944.56442119,VN_PDP8_BASELINE,VN_NZE_STRESS,Vietnam,increasing_carbon_tax_50,0.03,0.08,0.02,1,2029,0.25
4d182cde-9c6e-4ef7-8fa9-d348ae66436f,VN_ABCD_009_RenewablesCap_2028,BIM Group :: RenewablesCap :: 2028,VN_ABCD_009,BIM Group,VN,Power,RenewablesCap,2025,1340280,1340280,1340280,1340280,0.018,0.102,1.7,0.27,52,52,7108845.119999999,7108845.119999999,7108845.119999999,7108845.119999999,VN_PDP8_BASELINE,VN_NZE_STRESS,Vietnam,increasing_carbon_tax_50,0.03,0.08,0.02,1,2029,0.25
4d182cde-9c6e-4ef7-8fa9-d348ae66436f,VN_ABCD_009_RenewablesCap_2028,BIM Group :: RenewablesCap :: 2028,VN_ABCD_009,BIM Group,VN,Power,RenewablesCap,2026,1367085.6,1367085.6,1404289.0824376522,1367085.6,0.018,0.102,1.7,0.27,52.2,52.2,7278910.56864,7278910.56864,6739732.007999999,6739732.007999999,VN_PDP8_BASELINE,VN_NZE_STRESS,Vietnam,increasing_carbon_tax_50,0.03,0.08,0.02,1,2029,0.25
4d182cde-9c6e-4ef7-8fa9-d348ae66436f,VN_ABCD_009_RenewablesCap_2028,BIM Group :: RenewablesCap :: 2028,VN_ABCD_009,BIM Group,VN,Power,RenewablesCap,2027,1393891.2,1393891.2,1472127.7846042688,1393891.2,0.018,0.102,1.7,0.27,52.4,52.4,7450069.685759999,7450069.685759999,6387233.955555554,6387233.955555554,VN_PDP8_BASELINE,VN_NZE_STRESS,Vietnam,increasing_carbon_tax_50,0.03,0.08,0.02,1,2029,0.25
4d182cde-9c6e-4ef7-8fa9-d348ae66436f,VN_ABCD_009_RenewablesCap_2028,BIM Group :: RenewablesCap :: 2028,VN_ABCD_009,BIM Group,VN,Power,RenewablesCap,2028,1420696.8,1420696.8,1544406.9254667785,1420696.8,0.018,0.102,1.7,0.27,52.6,52.6,7622322.47136,7622322.47136,6050845.329218106,6050845.329218106,VN_PDP8_BASELINE,VN_NZE_STRESS,Vietnam,increasing_carbon_tax_50,0.03,0.08,0.02,1,2029,0.25
4d182cde-9c6e-4ef7-8fa9-d348ae66436f,VN_ABCD_009_RenewablesCap_2028,BIM Group :: RenewablesCap :: 2028,VN_ABCD_009,BIM Group,VN,Power,RenewablesCap,2029,NA,1466462.949081264,1618489.5548508812,1657050.688659921,0.018,0.102,1.7,0.27,52.8,52.8,7897782.858572055,7897782.858572054,5805106.171954569,5805106.1719545685,VN_PDP8_BASELINE,VN_NZE_STRESS,Vietnam,increasing_carbon_tax_50,0.03,0.08,0.02,1,2029,0.25
4d182cde-9c6e-4ef7-8fa9-d348ae66436f,VN_ABCD_009_RenewablesCap_2028,BIM Group :: RenewablesCap :: 2028,VN_ABCD_009,BIM Group,VN,Power,RenewablesCap,2030,NA,1512143.2689933279,1692815.5186201828,1893404.577319842,0.018,0.102,1.7,0.27,53,56,8174646.51217793,8637362.352489889,5563527.057878873,5878443.6837965455,VN_PDP8_BASELINE,VN_NZE_STRESS,Vietnam,increasing_carbon_tax_50,0.03,0.08,0.02,1,2029,0.25
4d182cde-9c6e-4ef7-8fa9-d348ae66436f,VN_ABCD_009_RenewablesCap_2028,BIM Group :: RenewablesCap :: 2028,VN_ABCD_009,BIM Group,VN,Power,RenewablesCap,2031,NA,NA,NA,NA,0.018,0.102,1.7,0.27,NA,NA,8338139.442421489,8810109.599539686,138968990.70702484,146835159.9923281,VN_PDP8_BASELINE,VN_NZE_STRESS,Vietnam,increasing_carbon_tax_50,0.03,0.08,0.02,1,2029,0.25
4d182cde-9c6e-4ef7-8fa9-d348ae66436f,VN_ABCD_009_RenewablesCap_2029,BIM Group :: RenewablesCap :: 2029,VN_ABCD_009,BIM Group,VN,Power,RenewablesCap,2025,1471680,1471680,1471680,1471680,0.018,0.102,1.7,0.27,52,52,7805790.72,7805790.72,7805790.72,7805790.72,VN_PDP8_BASELINE,VN_NZE_STRESS,Vietnam,increasing_carbon_tax_50,0.03,0.08,0.02,1,2029,0.25
4d182cde-9c6e-4ef7-8fa9-d348ae66436f,VN_ABCD_009_RenewablesCap_2029,BIM Group :: RenewablesCap :: 2029,VN_ABCD_009,BIM Group,VN,Power,RenewablesCap,2026,1501113.5999999999,1501113.5999999999,1541964.4826766378,1501113.5999999999,0.018,0.102,1.7,0.27,52.2,52.2,7992529.25184,7992529.25184,7400490.0479999995,7400490.0479999995,VN_PDP8_BASELINE,VN_NZE_STRESS,Vietnam,increasing_carbon_tax_50,0.03,0.08,0.02,1,2029,0.25
4d182cde-9c6e-4ef7-8fa9-d348ae66436f,VN_ABCD_009_RenewablesCap_2029,BIM Group :: RenewablesCap :: 2029,VN_ABCD_009,BIM Group,VN,Power,RenewablesCap,2027,1530547.2,1530547.2,1616454.0379968442,1530547.2,0.018,0.102,1.7,0.27,52.4,52.4,8180468.674559999,8180468.674559999,7013433.362962962,7013433.362962962,VN_PDP8_BASELINE,VN_NZE_STRESS,Vietnam,increasing_carbon_tax_50,0.03,0.08,0.02,1,2029,0.25
4d182cde-9c6e-4ef7-8fa9-d348ae66436f,VN_ABCD_009_RenewablesCap_2029,BIM Group :: RenewablesCap :: 2029,VN_ABCD_009,BIM Group,VN,Power,RenewablesCap,2028,1559980.8,1559980.8,1695819.369139992,1559980.8,0.018,0.102,1.7,0.27,52.6,52.6,8369608.988159999,8369608.988159999,6644065.459533607,6644065.459533607,VN_PDP8_BASELINE,VN_NZE_STRESS,Vietnam,increasing_carbon_tax_50,0.03,0.08,0.02,1,2029,0.25
4d182cde-9c6e-4ef7-8fa9-d348ae66436f,VN_ABCD_009_RenewablesCap_2029,BIM Group :: RenewablesCap :: 2029,VN_ABCD_009,BIM Group,VN,Power,RenewablesCap,2029,1589414.4,1589414.4,1777165.0014048892,1819506.6385285412,0.018,0.102,1.7,0.27,52.8,52.8,8559950.19264,8559950.19264,6291818.93004115,6291818.93004115,VN_PDP8_BASELINE,VN_NZE_STRESS,Vietnam,increasing_carbon_tax_50,0.03,0.08,0.02,1,2029,0.25
4d182cde-9c6e-4ef7-8fa9-d348ae66436f,VN_ABCD_009_RenewablesCap_2029,BIM Group :: RenewablesCap :: 2029,VN_ABCD_009,BIM Group,VN,Power,RenewablesCap,2030,NA,1639573.1826485402,1858777.8243672596,2079032.477057082,0.018,0.102,1.7,0.27,53,56,8863532.625398008,9365242.019288462,6032371.37120635,6373826.354482181,VN_PDP8_BASELINE,VN_NZE_STRESS,Vietnam,increasing_carbon_tax_50,0.03,0.08,0.02,1,2029,0.25
4d182cde-9c6e-4ef7-8fa9-d348ae66436f,VN_ABCD_009_RenewablesCap_2029,BIM Group :: RenewablesCap :: 2029,VN_ABCD_009,BIM Group,VN,Power,RenewablesCap,2031,NA,NA,NA,NA,0.018,0.102,1.7,0.27,NA,NA,9040803.277905969,9552546.85967423,150680054.63176614,159209114.32790384,VN_PDP8_BASELINE,VN_NZE_STRESS,Vietnam,increasing_carbon_tax_50,0.03,0.08,0.02,1,2029,0.25
4d182cde-9c6e-4ef7-8fa9-d348ae66436f,VN_ABCD_009_RenewablesCap_2030,BIM Group :: RenewablesCap :: 2030,VN_ABCD_009,BIM Group,VN,Power,RenewablesCap,2025,1576800,1576800,1576800,1576800,0.018,0.102,1.7,0.27,52,52,8363347.199999999,8363347.199999999,8363347.199999999,8363347.199999999,VN_PDP8_BASELINE,VN_NZE_STRESS,Vietnam,increasing_carbon_tax_50,0.03,0.08,0.02,1,2029,0.25
4d182cde-9c6e-4ef7-8fa9-d348ae66436f,VN_ABCD_009_RenewablesCap_2030,BIM Group :: RenewablesCap :: 2030,VN_ABCD_009,BIM Group,VN,Power,RenewablesCap,2026,1608336,1608336,1652104.8028678263,1608336,0.018,0.102,1.7,0.27,52.2,52.2,8563424.1984,8563424.1984,7929096.4799999995,7929096.4799999995,VN_PDP8_BASELINE,VN_NZE_STRESS,Vietnam,increasing_carbon_tax_50,0.03,0.08,0.02,1,2029,0.25
4d182cde-9c6e-4ef7-8fa9-d348ae66436f,VN_ABCD_009_RenewablesCap_2030,BIM Group :: RenewablesCap :: 2030,VN_ABCD_009,BIM Group,VN,Power,RenewablesCap,2027,1639872,1639872,1731915.0407109046,1639872,0.018,0.102,1.7,0.27,52.4,52.4,8764787.8656,8764787.8656,7514392.888888887,7514392.888888887,VN_PDP8_BASELINE,VN_NZE_STRESS,Vietnam,increasing_carbon_tax_50,0.03,0.08,0.02,1,2029,0.25
4d182cde-9c6e-4ef7-8fa9-d348ae66436f,VN_ABCD_009_RenewablesCap_2030,BIM Group :: RenewablesCap :: 2030,VN_ABCD_009,BIM Group,VN,Power,RenewablesCap,2028,1671408,1671408,1816949.3240785627,1671408,0.018,0.102,1.7,0.27,52.6,52.6,8967438.201599998,8967438.201599998,7118641.563786006,7118641.563786006,VN_PDP8_BASELINE,VN_NZE_STRESS,Vietnam,increasing_carbon_tax_50,0.03,0.08,0.02,1,2029,0.25
4d182cde-9c6e-4ef7-8fa9-d348ae66436f,VN_ABCD_009_RenewablesCap_2030,BIM Group :: RenewablesCap :: 2030,VN_ABCD_009,BIM Group,VN,Power,RenewablesCap,2029,1702944,1702944,1904105.3586480955,1949471.3984234363,0.018,0.102,1.7,0.27,52.8,52.8,9171375.206399998,9171375.2064,6741234.567901231,6741234.567901232,VN_PDP8_BASELINE,VN_NZE_STRESS,Vietnam,increasing_carbon_tax_50,0.03,0.08,0.02,1,2029,0.25
4d182cde-9c6e-4ef7-8fa9-d348ae66436f,VN_ABCD_009_RenewablesCap_2030,BIM Group :: RenewablesCap :: 2030,VN_ABCD_009,BIM Group,VN,Power,RenewablesCap,2030,1734480,1734480,1991547.6689649208,2227534.7968468727,0.018,0.102,1.7,0.27,53,56,9376598.879999999,9907349.76,6381555.6430535065,6742775.773792384,VN_PDP8_BASELINE,VN_NZE_STRESS,Vietnam,increasing_carbon_tax_50,0.03,0.08,0.02,1,2029,0.25
4d182cde-9c6e-4ef7-8fa9-d348ae66436f,VN_ABCD_009_RenewablesCap_2030,BIM Group :: RenewablesCap :: 2030,VN_ABCD_009,BIM Group,VN,Power,RenewablesCap,2031,NA,NA,NA,NA,0.018,0.102,1.7,0.27,NA,NA,9564130.8576,10105496.7552,159402180.96,168424945.92000002,VN_PDP8_BASELINE,VN_NZE_STRESS,Vietnam,increasing_carbon_tax_50,0.03,0.08,0.02,1,2029,0.25
4d182cde-9c6e-4ef7-8fa9-d348ae66436f,VN_ABCD_010_RenewablesCap_2025,NA,VN_ABCD_010,NA,NA,Power,RenewablesCap,2025,NA,NA,NA,NA,NA,NA,NA,NA,NA,NA,6963989.760000002,NA,6963989.760000002,NA,VN_PDP8_BASELINE,VN_NZE_STRESS,Vietnam,increasing_carbon_tax_50,0.03,0.08,0.02,1,2029,0.25
4d182cde-9c6e-4ef7-8fa9-d348ae66436f,VN_ABCD_010_RenewablesCap_2025,NA,VN_ABCD_010,NA,NA,Power,RenewablesCap,2026,NA,NA,NA,NA,NA,NA,NA,NA,NA,NA,7221277.413936771,NA,6686367.97586738,NA,VN_PDP8_BASELINE,VN_NZE_STRESS,Vietnam,increasing_carbon_tax_50,0.03,0.08,0.02,1,2029,0.25
4d182cde-9c6e-4ef7-8fa9-d348ae66436f,VN_ABCD_010_RenewablesCap_2025,NA,VN_ABCD_010,NA,NA,Power,RenewablesCap,2027,NA,NA,NA,NA,NA,NA,NA,NA,NA,NA,7479236.713018266,NA,6412239.980296866,NA,VN_PDP8_BASELINE,VN_NZE_STRESS,Vietnam,increasing_carbon_tax_50,0.03,0.08,0.02,1,2029,0.25
4d182cde-9c6e-4ef7-8fa9-d348ae66436f,VN_ABCD_010_RenewablesCap_2025,NA,VN_ABCD_010,NA,NA,Power,RenewablesCap,2028,NA,NA,NA,NA,NA,NA,NA,NA,NA,NA,7745008.893679169,NA,6148237.766790479,NA,VN_PDP8_BASELINE,VN_NZE_STRESS,Vietnam,increasing_carbon_tax_50,0.03,0.08,0.02,1,2029,0.25
4d182cde-9c6e-4ef7-8fa9-d348ae66436f,VN_ABCD_010_RenewablesCap_2025,NA,VN_ABCD_010,NA,NA,Power,RenewablesCap,2029,NA,NA,NA,NA,NA,NA,NA,NA,NA,NA,8015913.338146314,NA,5891935.600966811,NA,VN_PDP8_BASELINE,VN_NZE_STRESS,Vietnam,increasing_carbon_tax_50,0.03,0.08,0.02,1,2029,0.25
4d182cde-9c6e-4ef7-8fa9-d348ae66436f,VN_ABCD_010_RenewablesCap_2025,NA,VN_ABCD_010,NA,NA,Power,RenewablesCap,2030,NA,NA,NA,NA,NA,NA,NA,NA,NA,NA,8288192.454959262,NA,5640804.518627204,NA,VN_PDP8_BASELINE,VN_NZE_STRESS,Vietnam,increasing_carbon_tax_50,0.03,0.08,0.02,1,2029,0.25
4d182cde-9c6e-4ef7-8fa9-d348ae66436f,VN_ABCD_010_RenewablesCap_2025,NA,VN_ABCD_010,NA,NA,Power,RenewablesCap,2031,NA,NA,NA,NA,NA,NA,NA,NA,NA,NA,8453956.304058447,NA,140899271.73430747,NA,VN_PDP8_BASELINE,VN_NZE_STRESS,Vietnam,increasing_carbon_tax_50,0.03,0.08,0.02,1,2029,0.25
4d182cde-9c6e-4ef7-8fa9-d348ae66436f,VN_ABCD_010_RenewablesCap_2026,Thanh Thanh Cong Group :: RenewablesCap :: 2026,VN_ABCD_010,Thanh Thanh Cong Group,VN,Power,RenewablesCap,2025,1524240.0000000002,1524240.0000000002,1524240.0000000002,1524240.0000000002,0.019,0.098,1.85,0.29,52,52,7767527.040000002,7767527.040000002,7767527.040000002,7767527.040000002,VN_PDP8_BASELINE,VN_NZE_STRESS,Vietnam,increasing_carbon_tax_50,0.03,0.08,0.02,1,2029,0.25
4d182cde-9c6e-4ef7-8fa9-d348ae66436f,VN_ABCD_010_RenewablesCap_2026,Thanh Thanh Cong Group :: RenewablesCap :: 2026,VN_ABCD_010,Thanh Thanh Cong Group,VN,Power,RenewablesCap,2026,1554724.8,1554724.8,1597034.6427722322,1554724.8,0.019,0.098,1.85,0.29,52.2,52.2,7953350.186880001,7953350.186880001,7364213.136,7364213.136,VN_PDP8_BASELINE,VN_NZE_STRESS,Vietnam,increasing_carbon_tax_50,0.03,0.08,0.02,1,2029,0.25
4d182cde-9c6e-4ef7-8fa9-d348ae66436f,VN_ABCD_010_RenewablesCap_2026,Thanh Thanh Cong Group :: RenewablesCap :: 2026,VN_ABCD_010,Thanh Thanh Cong Group,VN,Power,RenewablesCap,2027,NA,1604744.9888343748,1674184.5393538747,1604744.9888343748,0.019,0.098,1.85,0.29,52.4,52.4,8240686.466662282,8240686.466662282,7065060.413805111,7065060.413805111,VN_PDP8_BASELINE,VN_NZE_STRESS,Vietnam,increasing_carbon_tax_50,0.03,0.08,0.02,1,2029,0.25
4d182cde-9c6e-4ef7-8fa9-d348ae66436f,VN_ABCD_010_RenewablesCap_2026,Thanh Thanh Cong Group :: RenewablesCap :: 2026,VN_ABCD_010,Thanh Thanh Cong Group,VN,Power,RenewablesCap,2028,NA,1656075.330635535,1756384.3466092777,1656075.330635535,0.019,0.098,1.85,0.29,52.6,52.6,8536737.114360057,8536737.114360057,6776737.154492499,6776737.154492499,VN_PDP8_BASELINE,VN_NZE_STRESS,Vietnam,increasing_carbon_tax_50,0.03,0.08,0.02,1,2029,0.25
4d182cde-9c6e-4ef7-8fa9-d348ae66436f,VN_ABCD_010_RenewablesCap_2026,Thanh Thanh Cong Group :: RenewablesCap :: 2026,VN_ABCD_010,Thanh Thanh Cong Group,VN,Power,RenewablesCap,2029,NA,1708123.108022071,1840635.1800264928,1877977.2221978647,0.019,0.098,1.85,0.29,52.8,52.8,8838512.210149404,8838512.210149404,6496570.32876577,6496570.32876577,VN_PDP8_BASELINE,VN_NZE_STRESS,Vietnam,increasing_carbon_tax_50,0.03,0.08,0.02,1,2029,0.25
4d182cde-9c6e-4ef7-8fa9-d348ae66436f,VN_ABCD_010_RenewablesCap_2026,Thanh Thanh Cong Group :: RenewablesCap :: 2026,VN_ABCD_010,Thanh Thanh Cong Group,VN,Power,RenewablesCap,2030,NA,1760073.275765202,1925162.7466660906,2099879.1137601943,0.019,0.098,1.85,0.29,53,56,9141820.594324458,9659282.13739943,6221769.486794343,6573945.118122326,VN_PDP8_BASELINE,VN_NZE_STRESS,Vietnam,increasing_carbon_tax_50,0.03,0.08,0.02,1,2029,0.25
4d182cde-9c6e-4ef7-8fa9-d348ae66436f,VN_ABCD_010_RenewablesCap_2026,Thanh Thanh Cong Group :: RenewablesCap :: 2026,VN_ABCD_010,Thanh Thanh Cong Group,VN,Power,RenewablesCap,2031,NA,NA,NA,NA,0.019,0.098,1.85,0.29,NA,NA,9324657.006210947,9852467.780147418,155410950.1035158,164207796.3357903,VN_PDP8_BASELINE,VN_NZE_STRESS,Vietnam,increasing_carbon_tax_50,0.03,0.08,0.02,1,2029,0.25
4d182cde-9c6e-4ef7-8fa9-d348ae66436f,VN_ABCD_010_RenewablesCap_2027,Thanh Thanh Cong Group :: RenewablesCap :: 2027,VN_ABCD_010,Thanh Thanh Cong Group,VN,Power,RenewablesCap,2025,1681920,1681920,1681920,1681920,0.019,0.098,1.85,0.29,52,52,8571064.32,8571064.32,8571064.32,8571064.32,VN_PDP8_BASELINE,VN_NZE_STRESS,Vietnam,increasing_carbon_tax_50,0.03,0.08,0.02,1,2029,0.25
4d182cde-9c6e-4ef7-8fa9-d348ae66436f,VN_ABCD_010_RenewablesCap_2027,Thanh Thanh Cong Group :: RenewablesCap :: 2027,VN_ABCD_010,Thanh Thanh Cong Group,VN,Power,RenewablesCap,2026,1715558.4000000001,1715558.4000000001,1762245.1230590146,1715558.4000000001,0.019,0.098,1.85,0.29,52.2,52.2,8776110.551040003,8776110.551040003,8126028.2880000025,8126028.2880000025,VN_PDP8_BASELINE,VN_NZE_STRESS,Vietnam,increasing_carbon_tax_50,0.03,0.08,0.02,1,2029,0.25
4d182cde-9c6e-4ef7-8fa9-d348ae66436f,VN_ABCD_010_RenewablesCap_2027,Thanh Thanh Cong Group :: RenewablesCap :: 2027,VN_ABCD_010,Thanh Thanh Cong Group,VN,Power,RenewablesCap,2027,1749196.8,1749196.8,1847376.0434249649,1749196.8,0.019,0.098,1.85,0.29,52.4,52.4,8982475.40736,8982475.40736,7701024.869135803,7701024.869135803,VN_PDP8_BASELINE,VN_NZE_STRESS,Vietnam,increasing_carbon_tax_50,0.03,0.08,0.02,1,2029,0.25
4d182cde-9c6e-4ef7-8fa9-d348ae66436f,VN_ABCD_010_RenewablesCap_2027,Thanh Thanh Cong Group :: RenewablesCap :: 2027,VN_ABCD_010,Thanh Thanh Cong Group,VN,Power,RenewablesCap,2028,NA,1805837.177159901,1938079.2790171334,1805837.177159901,0.019,0.098,1.85,0.29,52.6,52.6,9308729.480823858,9308729.480823858,7389569.584812922,7389569.584812922,VN_PDP8_BASELINE,VN_NZE_STRESS,Vietnam,increasing_carbon_tax_50,0.03,0.08,0.02,1,2029,0.25
4d182cde-9c6e-4ef7-8fa9-d348ae66436f,VN_ABCD_010_RenewablesCap_2027,Thanh Thanh Cong Group :: RenewablesCap :: 2027,VN_ABCD_010,Thanh Thanh Cong Group,VN,Power,RenewablesCap,2029,NA,1863269.2073795267,2031045.7158913019,2079436.1583183324,0.019,0.098,1.85,0.29,52.8,52.8,9641300.186664624,9641300.186664622,7086643.456970516,7086643.456970515,VN_PDP8_BASELINE,VN_NZE_STRESS,Vietnam,increasing_carbon_tax_50,0.03,0.08,0.02,1,2029,0.25
4d182cde-9c6e-4ef7-8fa9-d348ae66436f,VN_ABCD_010_RenewablesCap_2027,Thanh Thanh Cong Group :: RenewablesCap :: 2027,VN_ABCD_010,Thanh Thanh Cong Group,VN,Power,RenewablesCap,2030,NA,1920593.53040643,2124317.5135625824,2353035.139476764,0.019,0.098,1.85,0.29,53,56,9975562.796930997,10540217.294870488,6789200.420546263,7173494.783973412,VN_PDP8_BASELINE,VN_NZE_STRESS,Vietnam,increasing_carbon_tax_50,0.03,0.08,0.02,1,2029,0.25
4d182cde-9c6e-4ef7-8fa9-d348ae66436f,VN_ABCD_010_RenewablesCap_2027,Thanh Thanh Cong Group :: RenewablesCap :: 2027,VN_ABCD_010,Thanh Thanh Cong Group,VN,Power,RenewablesCap,2031,NA,NA,NA,NA,0.019,0.098,1.85,0.29,NA,NA,10175074.052869616,10751021.640767898,169584567.54782695,179183694.0127983,VN_PDP8_BASELINE,VN_NZE_STRESS,Vietnam,increasing_carbon_tax_50,0.03,0.08,0.02,1,2029,0.25
4d182cde-9c6e-4ef7-8fa9-d348ae66436f,VN_ABCD_010_RenewablesCap_2028,Thanh Thanh Cong Group :: RenewablesCap :: 2028,VN_ABCD_010,Thanh Thanh Cong Group,VN,Power,RenewablesCap,2025,1839600,1839600,1839600,1839600,0.019,0.098,1.85,0.29,52,52,9374601.6,9374601.6,9374601.6,9374601.6,VN_PDP8_BASELINE,VN_NZE_STRESS,Vietnam,increasing_carbon_tax_50,0.03,0.08,0.02,1,2029,0.25
4d182cde-9c6e-4ef7-8fa9-d348ae66436f,VN_ABCD_010_RenewablesCap_2028,Thanh Thanh Cong Group :: RenewablesCap :: 2028,VN_ABCD_010,Thanh Thanh Cong Group,VN,Power,RenewablesCap,2026,1876392,1876392,1927455.6033457974,1876392,0.019,0.098,1.85,0.29,52.2,52.2,9598870.9152,9598870.9152,8887843.44,8887843.44,VN_PDP8_BASELINE,VN_NZE_STRESS,Vietnam,increasing_carbon_tax_50,0.03,0.08,0.02,1,2029,0.25
4d182cde-9c6e-4ef7-8fa9-d348ae66436f,VN_ABCD_010_RenewablesCap_2028,Thanh Thanh Cong Group :: RenewablesCap :: 2028,VN_ABCD_010,Thanh Thanh Cong Group,VN,Power,RenewablesCap,2027,1913184,1913184,2020567.5474960553,1913184,0.019,0.098,1.85,0.29,52.4,52.4,9824582.4768,9824582.4768,8422995.950617284,8422995.950617284,VN_PDP8_BASELINE,VN_NZE_STRESS,Vietnam,increasing_carbon_tax_50,0.03,0.08,0.02,1,2029,0.25
4d182cde-9c6e-4ef7-8fa9-d348ae66436f,VN_ABCD_010_RenewablesCap_2028,Thanh Thanh Cong Group :: RenewablesCap :: 2028,VN_ABCD_010,Thanh Thanh Cong Group,VN,Power,RenewablesCap,2028,1949976,1949976,2119774.2114249896,1949976,0.019,0.098,1.85,0.29,52.6,52.6,10051736.2848,10051736.2848,7979392.341106538,7979392.341106538,VN_PDP8_BASELINE,VN_NZE_STRESS,Vietnam,increasing_carbon_tax_50,0.03,0.08,0.02,1,2029,0.25
4d182cde-9c6e-4ef7-8fa9-d348ae66436f,VN_ABCD_010_RenewablesCap_2028,Thanh Thanh Cong Group :: RenewablesCap :: 2028,VN_ABCD_010,Thanh Thanh Cong Group,VN,Power,RenewablesCap,2029,NA,2012792.2830527157,2221456.251756111,2274383.298160676,0.019,0.098,1.85,0.29,52.8,52.8,10414992.389427973,10414992.389427971,7655330.322877424,7655330.322877423,VN_PDP8_BASELINE,VN_NZE_STRESS,Vietnam,increasing_carbon_tax_50,0.03,0.08,0.02,1,2029,0.25
4d182cde-9c6e-4ef7-8fa9-d348ae66436f,VN_ABCD_010_RenewablesCap_2028,Thanh Thanh Cong Group :: RenewablesCap :: 2028,VN_ABCD_010,Thanh Thanh Cong Group,VN,Power,RenewablesCap,2030,NA,2075490.7613633908,2323472.2804590743,2598790.596321352,0.019,0.098,1.85,0.29,53,56,10780099.014521452,11390293.298362289,7336754.251643418,7752042.228151537,VN_PDP8_BASELINE,VN_NZE_STRESS,Vietnam,increasing_carbon_tax_50,0.03,0.08,0.02,1,2029,0.25
4d182cde-9c6e-4ef7-8fa9-d348ae66436f,VN_ABCD_010_RenewablesCap_2028,Thanh Thanh Cong Group :: RenewablesCap :: 2028,VN_ABCD_010,Thanh Thanh Cong Group,VN,Power,RenewablesCap,2031,NA,NA,NA,NA,0.019,0.098,1.85,0.29,NA,NA,10995700.994811881,11618099.164329534,183261683.2468647,193634986.0721589,VN_PDP8_BASELINE,VN_NZE_STRESS,Vietnam,increasing_carbon_tax_50,0.03,0.08,0.02,1,2029,0.25
4d182cde-9c6e-4ef7-8fa9-d348ae66436f,VN_ABCD_010_RenewablesCap_2029,Thanh Thanh Cong Group :: RenewablesCap :: 2029,VN_ABCD_010,Thanh Thanh Cong Group,VN,Power,RenewablesCap,2025,1997280,1997280,1997280,1997280,0.019,0.098,1.85,0.29,52,52,10178138.88,10178138.88,10178138.88,10178138.88,VN_PDP8_BASELINE,VN_NZE_STRESS,Vietnam,increasing_carbon_tax_50,0.03,0.08,0.02,1,2029,0.25
4d182cde-9c6e-4ef7-8fa9-d348ae66436f,VN_ABCD_010_RenewablesCap_2029,Thanh Thanh Cong Group :: RenewablesCap :: 2029,VN_ABCD_010,Thanh Thanh Cong Group,VN,Power,RenewablesCap,2026,2037225.6,2037225.6,2092666.0836325795,2037225.6,0.019,0.098,1.85,0.29,52.2,52.2,10421631.279360002,10421631.279360002,9649658.592000002,9649658.592000002,VN_PDP8_BASELINE,VN_NZE_STRESS,Vietnam,increasing_carbon_tax_50,0.03,0.08,0.02,1,2029,0.25
4d182cde-9c6e-4ef7-8fa9-d348ae66436f,VN_ABCD_010_RenewablesCap_2029,Thanh Thanh Cong Group :: RenewablesCap :: 2029,VN_ABCD_010,Thanh Thanh Cong Group,VN,Power,RenewablesCap,2027,2077171.2,2077171.2,2193759.051567146,2077171.2,0.019,0.098,1.85,0.29,52.4,52.4,10666689.54624,10666689.54624,9144967.032098765,9144967.032098765,VN_PDP8_BASELINE,VN_NZE_STRESS,Vietnam,increasing_carbon_tax_50,0.03,0.08,0.02,1,2029,0.25
4d182cde-9c6e-4ef7-8fa9-d348ae66436f,VN_ABCD_010_RenewablesCap_2029,Thanh Thanh Cong Group :: RenewablesCap :: 2029,VN_ABCD_010,Thanh Thanh Cong Group,VN,Power,RenewablesCap,2028,2117116.8000000003,2117116.8000000003,2301469.143832846,2117116.8000000003,0.019,0.098,1.85,0.29,52.6,52.6,10913313.680640003,10913313.680640003,8663340.256058529,8663340.256058529,VN_PDP8_BASELINE,VN_NZE_STRESS,Vietnam,increasing_carbon_tax_50,0.03,0.08,0.02,1,2029,0.25
4d182cde-9c6e-4ef7-8fa9-d348ae66436f,VN_ABCD_010_RenewablesCap_2029,Thanh Thanh Cong Group :: RenewablesCap :: 2029,VN_ABCD_010,Thanh Thanh Cong Group,VN,Power,RenewablesCap,2029,2157062.4,2157062.4,2411866.787620921,2469330.43800302,0.019,0.098,1.85,0.29,52.8,52.8,11161503.682559999,11161503.682559999,8204038.408779147,8204038.408779147,VN_PDP8_BASELINE,VN_NZE_STRESS,Vietnam,increasing_carbon_tax_50,0.03,0.08,0.02,1,2029,0.25
4d182cde-9c6e-4ef7-8fa9-d348ae66436f,VN_ABCD_010_RenewablesCap_2029,Thanh Thanh Cong Group :: RenewablesCap :: 2029,VN_ABCD_010,Thanh Thanh Cong Group,VN,Power,RenewablesCap,2030,NA,2225135.033594447,2522627.0473555666,2821544.0760060395,0.019,0.098,1.85,0.29,53,56,11557351.36448956,12211541.064366326,7865739.140886711,8310969.658295392,VN_PDP8_BASELINE,VN_NZE_STRESS,Vietnam,increasing_carbon_tax_50,0.03,0.08,0.02,1,2029,0.25
4d182cde-9c6e-4ef7-8fa9-d348ae66436f,VN_ABCD_010_RenewablesCap_2029,Thanh Thanh Cong Group :: RenewablesCap :: 2029,VN_ABCD_010,Thanh Thanh Cong Group,VN,Power,RenewablesCap,2031,NA,NA,NA,NA,0.019,0.098,1.85,0.29,NA,NA,11788498.39177935,12455771.885653652,196474973.1963225,207596198.09422755,VN_PDP8_BASELINE,VN_NZE_STRESS,Vietnam,increasing_carbon_tax_50,0.03,0.08,0.02,1,2029,0.25
4d182cde-9c6e-4ef7-8fa9-d348ae66436f,VN_ABCD_010_RenewablesCap_2030,Thanh Thanh Cong Group :: RenewablesCap :: 2030,VN_ABCD_010,Thanh Thanh Cong Group,VN,Power,RenewablesCap,2025,2102400.0000000005,2102400.0000000005,2102400.0000000005,2102400.0000000005,0.019,0.098,1.85,0.29,52,52,10713830.400000004,10713830.400000004,10713830.400000004,10713830.400000004,VN_PDP8_BASELINE,VN_NZE_STRESS,Vietnam,increasing_carbon_tax_50,0.03,0.08,0.02,1,2029,0.25
4d182cde-9c6e-4ef7-8fa9-d348ae66436f,VN_ABCD_010_RenewablesCap_2030,Thanh Thanh Cong Group :: RenewablesCap :: 2030,VN_ABCD_010,Thanh Thanh Cong Group,VN,Power,RenewablesCap,2026,2144448.0000000005,2144448.0000000005,2202806.4038237687,2144448.0000000005,0.019,0.098,1.85,0.29,52.2,52.2,10970138.188800003,10970138.188800003,10157535.360000003,10157535.360000003,VN_PDP8_BASELINE,VN_NZE_STRESS,Vietnam,increasing_carbon_tax_50,0.03,0.08,0.02,1,2029,0.25
4d182cde-9c6e-4ef7-8fa9-d348ae66436f,VN_ABCD_010_RenewablesCap_2030,Thanh Thanh Cong Group :: RenewablesCap :: 2030,VN_ABCD_010,Thanh Thanh Cong Group,VN,Power,RenewablesCap,2027,2186496,2186496,2309220.054281207,2186496,0.019,0.098,1.85,0.29,52.4,52.4,11228094.2592,11228094.2592,9626281.086419752,9626281.086419752,VN_PDP8_BASELINE,VN_NZE_STRESS,Vietnam,increasing_carbon_tax_50,0.03,0.08,0.02,1,2029,0.25
4d182cde-9c6e-4ef7-8fa9-d348ae66436f,VN_ABCD_010_RenewablesCap_2030,Thanh Thanh Cong Group :: RenewablesCap :: 2030,VN_ABCD_010,Thanh Thanh Cong Group,VN,Power,RenewablesCap,2028,2228544.0000000005,2228544.0000000005,2422599.098771417,2228544.0000000005,0.019,0.098,1.85,0.29,52.6,52.6,11487698.611200003,11487698.611200003,9119305.532693189,9119305.532693189,VN_PDP8_BASELINE,VN_NZE_STRESS,Vietnam,increasing_carbon_tax_50,0.03,0.08,0.02,1,2029,0.25
4d182cde-9c6e-4ef7-8fa9-d348ae66436f,VN_ABCD_010_RenewablesCap_2030,Thanh Thanh Cong Group :: RenewablesCap :: 2030,VN_ABCD_010,Thanh Thanh Cong Group,VN,Power,RenewablesCap,2029,2270592.0000000005,2270592.0000000005,2538807.144864128,2599295.197897916,0.019,0.098,1.85,0.29,52.8,52.8,11748951.244800003,11748951.2448,8635829.903978053,8635829.90397805,VN_PDP8_BASELINE,VN_NZE_STRESS,Vietnam,increasing_carbon_tax_50,0.03,0.08,0.02,1,2029,0.25
4d182cde-9c6e-4ef7-8fa9-d348ae66436f,VN_ABCD_010_RenewablesCap_2030,Thanh Thanh Cong Group :: RenewablesCap :: 2030,VN_ABCD_010,Thanh Thanh Cong Group,VN,Power,RenewablesCap,2030,2312640.0000000005,2312640.0000000005,2655396.8919532285,2970046.395795832,0.019,0.098,1.85,0.29,53,56,12011852.160000004,12691768.320000002,8175064.745349593,8637804.259237304,VN_PDP8_BASELINE,VN_NZE_STRESS,Vietnam,increasing_carbon_tax_50,0.03,0.08,0.02,1,2029,0.25
4d182cde-9c6e-4ef7-8fa9-d348ae66436f,VN_ABCD_010_RenewablesCap_2030,Thanh Thanh Cong Group :: RenewablesCap :: 2030,VN_ABCD_010,Thanh Thanh Cong Group,VN,Power,RenewablesCap,2031,NA,NA,NA,NA,0.019,0.098,1.85,0.29,NA,NA,12252089.203200005,12945603.686400002,204201486.7200001,215760061.44000003,VN_PDP8_BASELINE,VN_NZE_STRESS,Vietnam,increasing_carbon_tax_50,0.03,0.08,0.02,1,2029,0.25
4d182cde-9c6e-4ef7-8fa9-d348ae66436f,VN_ABCD_011_RenewablesCap_2025,NA,VN_ABCD_011,NA,NA,Power,RenewablesCap,2025,NA,NA,NA,NA,NA,NA,NA,NA,NA,NA,8349681.6000000015,NA,8349681.6000000015,NA,VN_PDP8_BASELINE,VN_NZE_STRESS,Vietnam,increasing_carbon_tax_50,0.03,0.08,0.02,1,2029,0.25
4d182cde-9c6e-4ef7-8fa9-d348ae66436f,VN_ABCD_011_RenewablesCap_2025,NA,VN_ABCD_011,NA,NA,Power,RenewablesCap,2026,NA,NA,NA,NA,NA,NA,NA,NA,NA,NA,8658164.246301739,NA,8016818.746575683,NA,VN_PDP8_BASELINE,VN_NZE_STRESS,Vietnam,increasing_carbon_tax_50,0.03,0.08,0.02,1,2029,0.25
4d182cde-9c6e-4ef7-8fa9-d348ae66436f,VN_ABCD_011_RenewablesCap_2025,NA,VN_ABCD_011,NA,NA,Power,RenewablesCap,2027,NA,NA,NA,NA,NA,NA,NA,NA,NA,NA,8967452.181424962,NA,7688144.874335529,NA,VN_PDP8_BASELINE,VN_NZE_STRESS,Vietnam,increasing_carbon_tax_50,0.03,0.08,0.02,1,2029,0.25
4d182cde-9c6e-4ef7-8fa9-d348ae66436f,VN_ABCD_011_RenewablesCap_2025,NA,VN_ABCD_011,NA,NA,Power,RenewablesCap,2028,NA,NA,NA,NA,NA,NA,NA,NA,NA,NA,9286107.602115331,NA,7371611.608141647,NA,VN_PDP8_BASELINE,VN_NZE_STRESS,Vietnam,increasing_carbon_tax_50,0.03,0.08,0.02,1,2029,0.25
4d182cde-9c6e-4ef7-8fa9-d348ae66436f,VN_ABCD_011_RenewablesCap_2025,NA,VN_ABCD_011,NA,NA,Power,RenewablesCap,2029,NA,NA,NA,NA,NA,NA,NA,NA,NA,NA,9610916.502369303,NA,7064310.541975512,NA,VN_PDP8_BASELINE,VN_NZE_STRESS,Vietnam,increasing_carbon_tax_50,0.03,0.08,0.02,1,2029,0.25
4d182cde-9c6e-4ef7-8fa9-d348ae66436f,VN_ABCD_011_RenewablesCap_2025,NA,VN_ABCD_011,NA,NA,Power,RenewablesCap,2030,NA,NA,NA,NA,NA,NA,NA,NA,NA,NA,9937373.606711358,NA,6763209.499374452,NA,VN_PDP8_BASELINE,VN_NZE_STRESS,Vietnam,increasing_carbon_tax_50,0.03,0.08,0.02,1,2029,0.25
4d182cde-9c6e-4ef7-8fa9-d348ae66436f,VN_ABCD_011_RenewablesCap_2025,NA,VN_ABCD_011,NA,NA,Power,RenewablesCap,2031,NA,NA,NA,NA,NA,NA,NA,NA,NA,NA,10136121.078845585,NA,168935351.31409308,NA,VN_PDP8_BASELINE,VN_NZE_STRESS,Vietnam,increasing_carbon_tax_50,0.03,0.08,0.02,1,2029,0.25
4d182cde-9c6e-4ef7-8fa9-d348ae66436f,VN_ABCD_011_RenewablesCap_2026,Xuan Thien Group :: RenewablesCap :: 2026,VN_ABCD_011,Xuan Thien Group,VN,Power,RenewablesCap,2025,1918440,1918440,1918440,1918440,0.022,0.094,2.05,0.31,52,52,9377334.72,9377334.72,9377334.72,9377334.72,VN_PDP8_BASELINE,VN_NZE_STRESS,Vietnam,increasing_carbon_tax_50,0.03,0.08,0.02,1,2029,0.25
4d182cde-9c6e-4ef7-8fa9-d348ae66436f,VN_ABCD_011_RenewablesCap_2026,Xuan Thien Group :: RenewablesCap :: 2026,VN_ABCD_011,Xuan Thien Group,VN,Power,RenewablesCap,2026,1956808.8,1956808.8,2010060.8434891882,1956808.8,0.022,0.094,2.05,0.31,52.2,52.2,9601669.41984,9601669.41984,8890434.648,8890434.648,VN_PDP8_BASELINE,VN_NZE_STRESS,Vietnam,increasing_carbon_tax_50,0.03,0.08,0.02,1,2029,0.25
4d182cde-9c6e-4ef7-8fa9-d348ae66436f,VN_ABCD_011_RenewablesCap_2026,Xuan Thien Group :: RenewablesCap :: 2026,VN_ABCD_011,Xuan Thien Group,VN,Power,RenewablesCap,2027,NA,2019765.2445674024,2107163.2995316004,2019765.2445674024,0.022,0.094,2.05,0.31,52.4,52.4,9948555.688641196,9948555.688641196,8529282.997806238,8529282.997806238,VN_PDP8_BASELINE,VN_NZE_STRESS,Vietnam,increasing_carbon_tax_50,0.03,0.08,0.02,1,2029,0.25
4d182cde-9c6e-4ef7-8fa9-d348ae66436f,VN_ABCD_011_RenewablesCap_2026,Xuan Thien Group :: RenewablesCap :: 2026,VN_ABCD_011,Xuan Thien Group,VN,Power,RenewablesCap,2028,NA,2084370.6747654143,2210621.6776289176,2084370.6747654143,0.022,0.094,2.05,0.31,52.6,52.6,10305962.364310114,10305962.364310114,8181205.199529823,8181205.199529823,VN_PDP8_BASELINE,VN_NZE_STRESS,Vietnam,increasing_carbon_tax_50,0.03,0.08,0.02,1,2029,0.25
4d182cde-9c6e-4ef7-8fa9-d348ae66436f,VN_ABCD_011_RenewablesCap_2026,Xuan Thien Group :: RenewablesCap :: 2026,VN_ABCD_011,Xuan Thien Group,VN,Power,RenewablesCap,2029,NA,2149879.0842346754,2316661.5196885164,2363660.98655938,0.022,0.094,2.05,0.31,52.8,52.8,10670279.87087354,10670279.87087354,7842974.242785137,7842974.242785137,VN_PDP8_BASELINE,VN_NZE_STRESS,Vietnam,increasing_carbon_tax_50,0.03,0.08,0.02,1,2029,0.25
4d182cde-9c6e-4ef7-8fa9-d348ae66436f,VN_ABCD_011_RenewablesCap_2026,Xuan Thien Group :: RenewablesCap :: 2026,VN_ABCD_011,Xuan Thien Group,VN,Power,RenewablesCap,2030,NA,2215264.6401872365,2423049.6639073202,2642951.298353345,0.022,0.094,2.05,0.31,53,56,11036448.437412811,11661153.065945614,7511221.3614325775,7936384.834721216,VN_PDP8_BASELINE,VN_NZE_STRESS,Vietnam,increasing_carbon_tax_50,0.03,0.08,0.02,1,2029,0.25
4d182cde-9c6e-4ef7-8fa9-d348ae66436f,VN_ABCD_011_RenewablesCap_2026,Xuan Thien Group :: RenewablesCap :: 2026,VN_ABCD_011,Xuan Thien Group,VN,Power,RenewablesCap,2031,NA,NA,NA,NA,0.022,0.094,2.05,0.31,NA,NA,11257177.406161068,11894376.127264526,187619623.4360178,198239602.12107542,VN_PDP8_BASELINE,VN_NZE_STRESS,Vietnam,increasing_carbon_tax_50,0.03,0.08,0.02,1,2029,0.25
4d182cde-9c6e-4ef7-8fa9-d348ae66436f,VN_ABCD_011_RenewablesCap_2027,Xuan Thien Group :: RenewablesCap :: 2027,VN_ABCD_011,Xuan Thien Group,VN,Power,RenewablesCap,2025,2128680,2128680,2128680,2128680,0.022,0.094,2.05,0.31,52,52,10404987.84,10404987.84,10404987.84,10404987.84,VN_PDP8_BASELINE,VN_NZE_STRESS,Vietnam,increasing_carbon_tax_50,0.03,0.08,0.02,1,2029,0.25
4d182cde-9c6e-4ef7-8fa9-d348ae66436f,VN_ABCD_011_RenewablesCap_2027,Xuan Thien Group :: RenewablesCap :: 2027,VN_ABCD_011,Xuan Thien Group,VN,Power,RenewablesCap,2026,2171253.6,2171253.6,2230341.483871565,2171253.6,0.022,0.094,2.05,0.31,52.2,52.2,10653907.16448,10653907.16448,9864728.856,9864728.856,VN_PDP8_BASELINE,VN_NZE_STRESS,Vietnam,increasing_carbon_tax_50,0.03,0.08,0.02,1,2029,0.25
4d182cde-9c6e-4ef7-8fa9-d348ae66436f,VN_ABCD_011_RenewablesCap_2027,Xuan Thien Group :: RenewablesCap :: 2027,VN_ABCD_011,Xuan Thien Group,VN,Power,RenewablesCap,2027,2213827.2,2213827.2,2338085.3049597214,2213827.2,0.022,0.094,2.05,0.31,52.4,52.4,10904427.25632,10904427.25632,9348788.799999999,9348788.799999999,VN_PDP8_BASELINE,VN_NZE_STRESS,Vietnam,increasing_carbon_tax_50,0.03,0.08,0.02,1,2029,0.25
4d182cde-9c6e-4ef7-8fa9-d348ae66436f,VN_ABCD_011_RenewablesCap_2027,Xuan Thien Group :: RenewablesCap :: 2027,VN_ABCD_011,Xuan Thien Group,VN,Power,RenewablesCap,2028,NA,2285512.6773429997,2452881.5875060596,2285512.6773429997,0.022,0.094,2.05,0.31,52.6,52.6,11300488.881854728,11300488.881854728,8970692.413706249,8970692.413706249,VN_PDP8_BASELINE,VN_NZE_STRESS,Vietnam,increasing_carbon_tax_50,0.03,0.08,0.02,1,2029,0.25
4d182cde-9c6e-4ef7-8fa9-d348ae66436f,VN_ABCD_011_RenewablesCap_2027,Xuan Thien Group :: RenewablesCap :: 2027,VN_ABCD_011,Xuan Thien Group,VN,Power,RenewablesCap,2029,NA,2358200.090589714,2570542.2341749286,2631786.3878716393,0.022,0.094,2.05,0.31,52.8,52.8,11704218.689614866,11704218.689614868,8602950.140525112,8602950.140525114,VN_PDP8_BASELINE,VN_NZE_STRESS,Vietnam,increasing_carbon_tax_50,0.03,0.08,0.02,1,2029,0.25
4d182cde-9c6e-4ef7-8fa9-d348ae66436f,VN_ABCD_011_RenewablesCap_2027,Xuan Thien Group :: RenewablesCap :: 2027,VN_ABCD_011,Xuan Thien Group,VN,Power,RenewablesCap,2030,NA,2430751.186920638,2688589.3531026435,2978060.0984002785,0.022,0.094,2.05,0.31,53,56,12110002.413238619,12795474.247950237,8241864.158488402,8708384.771233028,VN_PDP8_BASELINE,VN_NZE_STRESS,Vietnam,increasing_carbon_tax_50,0.03,0.08,0.02,1,2029,0.25
4d182cde-9c6e-4ef7-8fa9-d348ae66436f,VN_ABCD_011_RenewablesCap_2027,Xuan Thien Group :: RenewablesCap :: 2027,VN_ABCD_011,Xuan Thien Group,VN,Power,RenewablesCap,2031,NA,NA,NA,NA,0.022,0.094,2.05,0.31,NA,NA,12352202.46150339,13051383.732909242,205870041.0250565,217523062.21515402,VN_PDP8_BASELINE,VN_NZE_STRESS,Vietnam,increasing_carbon_tax_50,0.03,0.08,0.02,1,2029,0.25
4d182cde-9c6e-4ef7-8fa9-d348ae66436f,VN_ABCD_011_RenewablesCap_2028,Xuan Thien Group :: RenewablesCap :: 2028,VN_ABCD_011,Xuan Thien Group,VN,Power,RenewablesCap,2025,2312640,2312640,2312640,2312640,0.022,0.094,2.05,0.31,52,52,11304184.32,11304184.32,11304184.32,11304184.32,VN_PDP8_BASELINE,VN_NZE_STRESS,Vietnam,increasing_carbon_tax_50,0.03,0.08,0.02,1,2029,0.25
4d182cde-9c6e-4ef7-8fa9-d348ae66436f,VN_ABCD_011_RenewablesCap_2028,Xuan Thien Group :: RenewablesCap :: 2028,VN_ABCD_011,Xuan Thien Group,VN,Power,RenewablesCap,2026,2358892.8,2358892.8,2423087.044206145,2358892.8,0.022,0.094,2.05,0.31,52.2,52.2,11574615.19104,11574615.19104,10717236.287999999,10717236.287999999,VN_PDP8_BASELINE,VN_NZE_STRESS,Vietnam,increasing_carbon_tax_50,0.03,0.08,0.02,1,2029,0.25
4d182cde-9c6e-4ef7-8fa9-d348ae66436f,VN_ABCD_011_RenewablesCap_2028,Xuan Thien Group :: RenewablesCap :: 2028,VN_ABCD_011,Xuan Thien Group,VN,Power,RenewablesCap,2027,2405145.6,2405145.6,2540142.059709327,2405145.6,0.022,0.094,2.05,0.31,52.4,52.4,11846785.16736,11846785.16736,10156708.819753086,10156708.819753086,VN_PDP8_BASELINE,VN_NZE_STRESS,Vietnam,increasing_carbon_tax_50,0.03,0.08,0.02,1,2029,0.25
4d182cde-9c6e-4ef7-8fa9-d348ae66436f,VN_ABCD_011_RenewablesCap_2028,Xuan Thien Group :: RenewablesCap :: 2028,VN_ABCD_011,Xuan Thien Group,VN,Power,RenewablesCap,2028,2451398.4000000004,2451398.4000000004,2664859.0086485585,2451398.4000000004,0.022,0.094,2.05,0.31,52.6,52.6,12120694.248960001,12120694.248960001,9621797.8783722,9621797.8783722,VN_PDP8_BASELINE,VN_NZE_STRESS,Vietnam,increasing_carbon_tax_50,0.03,0.08,0.02,1,2029,0.25
4d182cde-9c6e-4ef7-8fa9-d348ae66436f,VN_ABCD_011_RenewablesCap_2028,Xuan Thien Group :: RenewablesCap :: 2028,VN_ABCD_011,Xuan Thien Group,VN,Power,RenewablesCap,2029,NA,2530367.441551985,2792687.85935054,2859224.717687707,0.022,0.094,2.05,0.31,52.8,52.8,12558719.685910812,12558719.685910814,9231033.882046944,9231033.882046945,VN_PDP8_BASELINE,VN_NZE_STRESS,Vietnam,increasing_carbon_tax_50,0.03,0.08,0.02,1,2029,0.25
4d182cde-9c6e-4ef7-8fa9-d348ae66436f,VN_ABCD_011_RenewablesCap_2028,Xuan Thien Group :: RenewablesCap :: 2028,VN_ABCD_011,Xuan Thien Group,VN,Power,RenewablesCap,2030,NA,2609188.3857139773,2920936.581148551,3267051.035375413,0.022,0.094,2.05,0.31,53,56,12998976.537627034,13734767.662398376,8846885.01014495,9347652.086190892,VN_PDP8_BASELINE,VN_NZE_STRESS,Vietnam,increasing_carbon_tax_50,0.03,0.08,0.02,1,2029,0.25
4d182cde-9c6e-4ef7-8fa9-d348ae66436f,VN_ABCD_011_RenewablesCap_2028,Xuan Thien Group :: RenewablesCap :: 2028,VN_ABCD_011,Xuan Thien Group,VN,Power,RenewablesCap,2031,NA,NA,NA,NA,0.022,0.094,2.05,0.31,NA,NA,13258956.068379575,14009463.015646344,220982601.13965958,233491050.2607724,VN_PDP8_BASELINE,VN_NZE_STRESS,Vietnam,increasing_carbon_tax_50,0.03,0.08,0.02,1,2029,0.25
4d182cde-9c6e-4ef7-8fa9-d348ae66436f,VN_ABCD_011_RenewablesCap_2029,Xuan Thien Group :: RenewablesCap :: 2029,VN_ABCD_011,Xuan Thien Group,VN,Power,RenewablesCap,2025,2496600,2496600,2496600,2496600,0.022,0.094,2.05,0.31,52,52,12203380.8,12203380.8,12203380.8,12203380.8,VN_PDP8_BASELINE,VN_NZE_STRESS,Vietnam,increasing_carbon_tax_50,0.03,0.08,0.02,1,2029,0.25
4d182cde-9c6e-4ef7-8fa9-d348ae66436f,VN_ABCD_011_RenewablesCap_2029,Xuan Thien Group :: RenewablesCap :: 2029,VN_ABCD_011,Xuan Thien Group,VN,Power,RenewablesCap,2026,2546532,2546532,2615832.604540725,2546532,0.022,0.094,2.05,0.31,52.2,52.2,12495323.217600001,12495323.217600001,11569743.72,11569743.72,VN_PDP8_BASELINE,VN_NZE_STRESS,Vietnam,increasing_carbon_tax_50,0.03,0.08,0.02,1,2029,0.25
4d182cde-9c6e-4ef7-8fa9-d348ae66436f,VN_ABCD_011_RenewablesCap_2029,Xuan Thien Group :: RenewablesCap :: 2029,VN_ABCD_011,Xuan Thien Group,VN,Power,RenewablesCap,2027,2596464,2596464,2742198.8144589323,2596464,0.022,0.094,2.05,0.31,52.4,52.4,12789143.078399999,12789143.078399999,10964628.839506172,10964628.839506172,VN_PDP8_BASELINE,VN_NZE_STRESS,Vietnam,increasing_carbon_tax_50,0.03,0.08,0.02,1,2029,0.25
4d182cde-9c6e-4ef7-8fa9-d348ae66436f,VN_ABCD_011_RenewablesCap_2029,Xuan Thien Group :: RenewablesCap :: 2029,VN_ABCD_011,Xuan Thien Group,VN,Power,RenewablesCap,2028,2646396,2646396,2876836.4297910575,2646396,0.022,0.094,2.05,0.31,52.6,52.6,13084840.382399999,13084840.382399999,10387168.164151805,10387168.164151805,VN_PDP8_BASELINE,VN_NZE_STRESS,Vietnam,increasing_carbon_tax_50,0.03,0.08,0.02,1,2029,0.25
4d182cde-9c6e-4ef7-8fa9-d348ae66436f,VN_ABCD_011_RenewablesCap_2029,Xuan Thien Group :: RenewablesCap :: 2029,VN_ABCD_011,Xuan Thien Group,VN,Power,RenewablesCap,2029,2696328,2696328,3014833.4845261513,3086663.0475037745,0.022,0.094,2.05,0.31,52.8,52.8,13382415.129600001,13382415.129599998,9836474.622770919,9836474.622770915,VN_PDP8_BASELINE,VN_NZE_STRESS,Vietnam,increasing_carbon_tax_50,0.03,0.08,0.02,1,2029,0.25
4d182cde-9c6e-4ef7-8fa9-d348ae66436f,VN_ABCD_011_RenewablesCap_2029,Xuan Thien Group :: RenewablesCap :: 2029,VN_ABCD_011,Xuan Thien Group,VN,Power,RenewablesCap,2030,NA,2781418.7919930597,3153283.809194458,3526930.0950075486,0.022,0.094,2.05,0.31,53,56,13857028.421709424,14641388.521051465,9430860.704634579,9964683.008670498,VN_PDP8_BASELINE,VN_NZE_STRESS,Vietnam,increasing_carbon_tax_50,0.03,0.08,0.02,1,2029,0.25
4d182cde-9c6e-4ef7-8fa9-d348ae66436f,VN_ABCD_011_RenewablesCap_2029,Xuan Thien Group :: RenewablesCap :: 2029,VN_ABCD_011,Xuan Thien Group,VN,Power,RenewablesCap,2031,NA,NA,NA,NA,0.022,0.094,2.05,0.31,NA,NA,14134168.990143612,14934216.291472495,235569483.1690602,248903604.85787493,VN_PDP8_BASELINE,VN_NZE_STRESS,Vietnam,increasing_carbon_tax_50,0.03,0.08,0.02,1,2029,0.25
4d182cde-9c6e-4ef7-8fa9-d348ae66436f,VN_ABCD_011_RenewablesCap_2030,Xuan Thien Group :: RenewablesCap :: 2030,VN_ABCD_011,Xuan Thien Group,VN,Power,RenewablesCap,2025,2628000,2628000,2628000,2628000,0.022,0.094,2.05,0.31,52,52,12845664,12845664,12845664,12845664,VN_PDP8_BASELINE,VN_NZE_STRESS,Vietnam,increasing_carbon_tax_50,0.03,0.08,0.02,1,2029,0.25
4d182cde-9c6e-4ef7-8fa9-d348ae66436f,VN_ABCD_011_RenewablesCap_2030,Xuan Thien Group :: RenewablesCap :: 2030,VN_ABCD_011,Xuan Thien Group,VN,Power,RenewablesCap,2026,2680560,2680560,2753508.00477971,2680560,0.022,0.094,2.05,0.31,52.2,52.2,13152971.808,13152971.808,12178677.6,12178677.6,VN_PDP8_BASELINE,VN_NZE_STRESS,Vietnam,increasing_carbon_tax_50,0.03,0.08,0.02,1,2029,0.25
4d182cde-9c6e-4ef7-8fa9-d348ae66436f,VN_ABCD_011_RenewablesCap_2030,Xuan Thien Group :: RenewablesCap :: 2030,VN_ABCD_011,Xuan Thien Group,VN,Power,RenewablesCap,2027,2733120,2733120,2886525.0678515076,2733120,0.022,0.094,2.05,0.31,52.4,52.4,13462255.872,13462255.872,11541714.567901233,11541714.567901233,VN_PDP8_BASELINE,VN_NZE_STRESS,Vietnam,increasing_carbon_tax_50,0.03,0.08,0.02,1,2029,0.25
4d182cde-9c6e-4ef7-8fa9-d348ae66436f,VN_ABCD_011_RenewablesCap_2030,Xuan Thien Group :: RenewablesCap :: 2030,VN_ABCD_011,Xuan Thien Group,VN,Power,RenewablesCap,2028,2785680,2785680,3028248.873464271,2785680,0.022,0.094,2.05,0.31,52.6,52.6,13773516.192,13773516.192,10933861.225422952,10933861.225422952,VN_PDP8_BASELINE,VN_NZE_STRESS,Vietnam,increasing_carbon_tax_50,0.03,0.08,0.02,1,2029,0.25
4d182cde-9c6e-4ef7-8fa9-d348ae66436f,VN_ABCD_011_RenewablesCap_2030,Xuan Thien Group :: RenewablesCap :: 2030,VN_ABCD_011,Xuan Thien Group,VN,Power,RenewablesCap,2029,2838240,2838240,3173508.9310801593,3249118.997372394,0.022,0.094,2.05,0.31,52.8,52.8,14086752.768,14086752.768000001,10354183.81344307,10354183.81344307,VN_PDP8_BASELINE,VN_NZE_STRESS,Vietnam,increasing_carbon_tax_50,0.03,0.08,0.02,1,2029,0.25
4d182cde-9c6e-4ef7-8fa9-d348ae66436f,VN_ABCD_011_RenewablesCap_2030,Xuan Thien Group :: RenewablesCap :: 2030,VN_ABCD_011,Xuan Thien Group,VN,Power,RenewablesCap,2030,2890800,2890800,3319246.114941535,3712557.9947447875,0.022,0.094,2.05,0.31,53,56,14401965.6,15217171.2,9801735.791618131,10356551.02510595,VN_PDP8_BASELINE,VN_NZE_STRESS,Vietnam,increasing_carbon_tax_50,0.03,0.08,0.02,1,2029,0.25
4d182cde-9c6e-4ef7-8fa9-d348ae66436f,VN_ABCD_011_RenewablesCap_2030,Xuan Thien Group :: RenewablesCap :: 2030,VN_ABCD_011,Xuan Thien Group,VN,Power,RenewablesCap,2031,NA,NA,NA,NA,0.022,0.094,2.05,0.31,NA,NA,14690004.912,15521514.624,244833415.20000002,258691910.4,VN_PDP8_BASELINE,VN_NZE_STRESS,Vietnam,increasing_carbon_tax_50,0.03,0.08,0.02,1,2029,0.25
4d182cde-9c6e-4ef7-8fa9-d348ae66436f,VN_ABCD_012_RenewablesCap_2025,NA,VN_ABCD_012,NA,NA,Power,RenewablesCap,2025,NA,NA,NA,NA,NA,NA,NA,NA,NA,NA,6625082.880000001,NA,6625082.880000001,NA,VN_PDP8_BASELINE,VN_NZE_STRESS,Vietnam,increasing_carbon_tax_50,0.03,0.08,0.02,1,2029,0.25
4d182cde-9c6e-4ef7-8fa9-d348ae66436f,VN_ABCD_012_RenewablesCap_2025,NA,VN_ABCD_012,NA,NA,Power,RenewablesCap,2026,NA,NA,NA,NA,NA,NA,NA,NA,NA,NA,6869849.470715357,NA,6360971.732143848,NA,VN_PDP8_BASELINE,VN_NZE_STRESS,Vietnam,increasing_carbon_tax_50,0.03,0.08,0.02,1,2029,0.25
4d182cde-9c6e-4ef7-8fa9-d348ae66436f,VN_ABCD_012_RenewablesCap_2025,NA,VN_ABCD_012,NA,NA,Power,RenewablesCap,2027,NA,NA,NA,NA,NA,NA,NA,NA,NA,NA,7115255.020547988,NA,6100184.345462952,NA,VN_PDP8_BASELINE,VN_NZE_STRESS,Vietnam,increasing_carbon_tax_50,0.03,0.08,0.02,1,2029,0.25
4d182cde-9c6e-4ef7-8fa9-d348ae66436f,VN_ABCD_012_RenewablesCap_2025,NA,VN_ABCD_012,NA,NA,Power,RenewablesCap,2028,NA,NA,NA,NA,NA,NA,NA,NA,NA,NA,7368093.233233245,NA,5849029.963383094,NA,VN_PDP8_BASELINE,VN_NZE_STRESS,Vietnam,increasing_carbon_tax_50,0.03,0.08,0.02,1,2029,0.25
4d182cde-9c6e-4ef7-8fa9-d348ae66436f,VN_ABCD_012_RenewablesCap_2025,NA,VN_ABCD_012,NA,NA,Power,RenewablesCap,2029,NA,NA,NA,NA,NA,NA,NA,NA,NA,NA,7625813.94492412,NA,5605200.901390716,NA,VN_PDP8_BASELINE,VN_NZE_STRESS,Vietnam,increasing_carbon_tax_50,0.03,0.08,0.02,1,2029,0.25
4d182cde-9c6e-4ef7-8fa9-d348ae66436f,VN_ABCD_012_RenewablesCap_2025,NA,VN_ABCD_012,NA,NA,Power,RenewablesCap,2030,NA,NA,NA,NA,NA,NA,NA,NA,NA,NA,7884842.429678668,NA,5366291.268898092,NA,VN_PDP8_BASELINE,VN_NZE_STRESS,Vietnam,increasing_carbon_tax_50,0.03,0.08,0.02,1,2029,0.25
4d182cde-9c6e-4ef7-8fa9-d348ae66436f,VN_ABCD_012_RenewablesCap_2025,NA,VN_ABCD_012,NA,NA,Power,RenewablesCap,2031,NA,NA,NA,NA,NA,NA,NA,NA,NA,NA,8042539.278272241,NA,134042321.30453736,NA,VN_PDP8_BASELINE,VN_NZE_STRESS,Vietnam,increasing_carbon_tax_50,0.03,0.08,0.02,1,2029,0.25
4d182cde-9c6e-4ef7-8fa9-d348ae66436f,VN_ABCD_012_RenewablesCap_2026,T&T Group :: RenewablesCap :: 2026,VN_ABCD_012,T&T Group,VN,Power,RenewablesCap,2025,1471680,1471680,1471680,1471680,0.017,0.101,1.65,0.27,52,52,7729263.36,7729263.36,7729263.36,7729263.36,VN_PDP8_BASELINE,VN_NZE_STRESS,Vietnam,increasing_carbon_tax_50,0.03,0.08,0.02,1,2029,0.25
4d182cde-9c6e-4ef7-8fa9-d348ae66436f,VN_ABCD_012_RenewablesCap_2026,T&T Group :: RenewablesCap :: 2026,VN_ABCD_012,T&T Group,VN,Power,RenewablesCap,2026,1501113.5999999999,1501113.5999999999,1541964.4826766378,1501113.5999999999,0.017,0.101,1.65,0.27,52.2,52.2,7914171.121920001,7914171.121920001,7327936.224,7327936.224,VN_PDP8_BASELINE,VN_NZE_STRESS,Vietnam,increasing_carbon_tax_50,0.03,0.08,0.02,1,2029,0.25
4d182cde-9c6e-4ef7-8fa9-d348ae66436f,VN_ABCD_012_RenewablesCap_2026,T&T Group :: RenewablesCap :: 2026,VN_ABCD_012,T&T Group,VN,Power,RenewablesCap,2027,NA,1549408.9547366377,1616454.0379968442,1549408.9547366377,0.017,0.101,1.65,0.27,52.4,52.4,8200091.952048182,8200091.952048182,7030257.160535134,7030257.160535134,VN_PDP8_BASELINE,VN_NZE_STRESS,Vietnam,increasing_carbon_tax_50,0.03,0.08,0.02,1,2029,0.25
4d182cde-9c6e-4ef7-8fa9-d348ae66436f,VN_ABCD_012_RenewablesCap_2026,T&T Group :: RenewablesCap :: 2026,VN_ABCD_012,T&T Group,VN,Power,RenewablesCap,2028,NA,1598969.2847515508,1695819.369139992,1598969.2847515508,0.017,0.101,1.65,0.27,52.6,52.6,8494684.222171089,8494684.222171089,6743354.212844752,6743354.212844752,VN_PDP8_BASELINE,VN_NZE_STRESS,Vietnam,increasing_carbon_tax_50,0.03,0.08,0.02,1,2029,0.25
4d182cde-9c6e-4ef7-8fa9-d348ae66436f,VN_ABCD_012_RenewablesCap_2026,T&T Group :: RenewablesCap :: 2026,VN_ABCD_012,T&T Group,VN,Power,RenewablesCap,2029,NA,1649222.3111937235,1777165.0014048892,1813219.386949662,0.017,0.101,1.65,0.27,52.8,52.8,8794972.74113389,8794972.741133887,6464567.5192644615,6464567.519264461,VN_PDP8_BASELINE,VN_NZE_STRESS,Vietnam,increasing_carbon_tax_50,0.03,0.08,0.02,1,2029,0.25
4d182cde-9c6e-4ef7-8fa9-d348ae66436f,VN_ABCD_012_RenewablesCap_2026,T&T Group :: RenewablesCap :: 2026,VN_ABCD_012,T&T Group,VN,Power,RenewablesCap,2030,NA,1699381.0938422638,1858777.8243672596,2027469.4891477732,0.017,0.101,1.65,0.27,53,56,9096786.995337639,9611699.466771845,6191120.376021957,6541561.1520232,VN_PDP8_BASELINE,VN_NZE_STRESS,Vietnam,increasing_carbon_tax_50,0.03,0.08,0.02,1,2029,0.25
4d182cde-9c6e-4ef7-8fa9-d348ae66436f,VN_ABCD_012_RenewablesCap_2026,T&T Group :: RenewablesCap :: 2026,VN_ABCD_012,T&T Group,VN,Power,RenewablesCap,2031,NA,NA,NA,NA,0.017,0.101,1.65,0.27,NA,NA,9278722.735244391,9803933.456107281,154645378.92073986,163398890.93512136,VN_PDP8_BASELINE,VN_NZE_STRESS,Vietnam,increasing_carbon_tax_50,0.03,0.08,0.02,1,2029,0.25
4d182cde-9c6e-4ef7-8fa9-d348ae66436f,VN_ABCD_012_RenewablesCap_2027,T&T Group :: RenewablesCap :: 2027,VN_ABCD_012,T&T Group,VN,Power,RenewablesCap,2025,1681920,1681920,1681920,1681920,0.017,0.101,1.65,0.27,52,52,8833443.84,8833443.84,8833443.84,8833443.84,VN_PDP8_BASELINE,VN_NZE_STRESS,Vietnam,increasing_carbon_tax_50,0.03,0.08,0.02,1,2029,0.25
4d182cde-9c6e-4ef7-8fa9-d348ae66436f,VN_ABCD_012_RenewablesCap_2027,T&T Group :: RenewablesCap :: 2027,VN_ABCD_012,T&T Group,VN,Power,RenewablesCap,2026,1715558.4000000001,1715558.4000000001,1762245.1230590146,1715558.4000000001,0.017,0.101,1.65,0.27,52.2,52.2,9044766.996480003,9044766.996480003,8374784.256000002,8374784.256000002,VN_PDP8_BASELINE,VN_NZE_STRESS,Vietnam,increasing_carbon_tax_50,0.03,0.08,0.02,1,2029,0.25
4d182cde-9c6e-4ef7-8fa9-d348ae66436f,VN_ABCD_012_RenewablesCap_2027,T&T Group :: RenewablesCap :: 2027,VN_ABCD_012,T&T Group,VN,Power,RenewablesCap,2027,1749196.8,1749196.8,1847376.0434249649,1749196.8,0.017,0.101,1.65,0.27,52.4,52.4,9257449.14432,9257449.14432,7936770.528395061,7936770.528395061,VN_PDP8_BASELINE,VN_NZE_STRESS,Vietnam,increasing_carbon_tax_50,0.03,0.08,0.02,1,2029,0.25
4d182cde-9c6e-4ef7-8fa9-d348ae66436f,VN_ABCD_012_RenewablesCap_2027,T&T Group :: RenewablesCap :: 2027,VN_ABCD_012,T&T Group,VN,Power,RenewablesCap,2028,NA,1805837.177159901,1938079.2790171334,1805837.177159901,0.017,0.101,1.65,0.27,52.6,52.6,9593690.58737969,9593690.58737969,7615780.898633727,7615780.898633727,VN_PDP8_BASELINE,VN_NZE_STRESS,Vietnam,increasing_carbon_tax_50,0.03,0.08,0.02,1,2029,0.25
4d182cde-9c6e-4ef7-8fa9-d348ae66436f,VN_ABCD_012_RenewablesCap_2027,T&T Group :: RenewablesCap :: 2027,VN_ABCD_012,T&T Group,VN,Power,RenewablesCap,2029,NA,1863269.2073795267,2031045.7158913019,2079436.1583183324,0.017,0.101,1.65,0.27,52.8,52.8,9936442.02911354,9936442.029113539,7303581.521979817,7303581.521979815,VN_PDP8_BASELINE,VN_NZE_STRESS,Vietnam,increasing_carbon_tax_50,0.03,0.08,0.02,1,2029,0.25
4d182cde-9c6e-4ef7-8fa9-d348ae66436f,VN_ABCD_012_RenewablesCap_2027,T&T Group :: RenewablesCap :: 2027,VN_ABCD_012,T&T Group,VN,Power,RenewablesCap,2030,NA,1920593.53040643,2124317.5135625824,2353035.139476764,0.017,0.101,1.65,0.27,53,56,10280937.16826562,10862877.007978767,6997033.086481354,7393091.563074637,VN_PDP8_BASELINE,VN_NZE_STRESS,Vietnam,increasing_carbon_tax_50,0.03,0.08,0.02,1,2029,0.25
4d182cde-9c6e-4ef7-8fa9-d348ae66436f,VN_ABCD_012_RenewablesCap_2027,T&T Group :: RenewablesCap :: 2027,VN_ABCD_012,T&T Group,VN,Power,RenewablesCap,2031,NA,NA,NA,NA,0.017,0.101,1.65,0.27,NA,NA,10486555.911630932,11080134.548138343,174775931.86051553,184668909.13563904,VN_PDP8_BASELINE,VN_NZE_STRESS,Vietnam,increasing_carbon_tax_50,0.03,0.08,0.02,1,2029,0.25
4d182cde-9c6e-4ef7-8fa9-d348ae66436f,VN_ABCD_012_RenewablesCap_2028,T&T Group :: RenewablesCap :: 2028,VN_ABCD_012,T&T Group,VN,Power,RenewablesCap,2025,1839600,1839600,1839600,1839600,0.017,0.101,1.65,0.27,52,52,9661579.200000001,9661579.200000001,9661579.200000001,9661579.200000001,VN_PDP8_BASELINE,VN_NZE_STRESS,Vietnam,increasing_carbon_tax_50,0.03,0.08,0.02,1,2029,0.25
4d182cde-9c6e-4ef7-8fa9-d348ae66436f,VN_ABCD_012_RenewablesCap_2028,T&T Group :: RenewablesCap :: 2028,VN_ABCD_012,T&T Group,VN,Power,RenewablesCap,2026,1876392,1876392,1927455.6033457974,1876392,0.017,0.101,1.65,0.27,52.2,52.2,9892713.902400002,9892713.902400002,9159920.280000001,9159920.280000001,VN_PDP8_BASELINE,VN_NZE_STRESS,Vietnam,increasing_carbon_tax_50,0.03,0.08,0.02,1,2029,0.25
4d182cde-9c6e-4ef7-8fa9-d348ae66436f,VN_ABCD_012_RenewablesCap_2028,T&T Group :: RenewablesCap :: 2028,VN_ABCD_012,T&T Group,VN,Power,RenewablesCap,2027,1913184,1913184,2020567.5474960553,1913184,0.017,0.101,1.65,0.27,52.4,52.4,10125335.0016,10125335.0016,8680842.765432097,8680842.765432097,VN_PDP8_BASELINE,VN_NZE_STRESS,Vietnam,increasing_carbon_tax_50,0.03,0.08,0.02,1,2029,0.25
4d182cde-9c6e-4ef7-8fa9-d348ae66436f,VN_ABCD_012_RenewablesCap_2028,T&T Group :: RenewablesCap :: 2028,VN_ABCD_012,T&T Group,VN,Power,RenewablesCap,2028,1949976,1949976,2119774.2114249896,1949976,0.017,0.101,1.65,0.27,52.6,52.6,10359442.497600002,10359442.497600002,8223659.453589393,8223659.453589393,VN_PDP8_BASELINE,VN_NZE_STRESS,Vietnam,increasing_carbon_tax_50,0.03,0.08,0.02,1,2029,0.25
4d182cde-9c6e-4ef7-8fa9-d348ae66436f,VN_ABCD_012_RenewablesCap_2028,T&T Group :: RenewablesCap :: 2028,VN_ABCD_012,T&T Group,VN,Power,RenewablesCap,2029,NA,2012792.2830527157,2221456.251756111,2274383.298160676,0.017,0.101,1.65,0.27,52.8,52.8,10733818.687063523,10733818.687063523,7889677.16949612,7889677.16949612,VN_PDP8_BASELINE,VN_NZE_STRESS,Vietnam,increasing_carbon_tax_50,0.03,0.08,0.02,1,2029,0.25
4d182cde-9c6e-4ef7-8fa9-d348ae66436f,VN_ABCD_012_RenewablesCap_2028,T&T Group :: RenewablesCap :: 2028,VN_ABCD_012,T&T Group,VN,Power,RenewablesCap,2030,NA,2075490.7613633908,2323472.2804590743,2598790.596321352,0.017,0.101,1.65,0.27,53,56,11110102.045578232,11738975.746271338,7561348.769550871,7989349.643299033,VN_PDP8_BASELINE,VN_NZE_STRESS,Vietnam,increasing_carbon_tax_50,0.03,0.08,0.02,1,2029,0.25
4d182cde-9c6e-4ef7-8fa9-d348ae66436f,VN_ABCD_012_RenewablesCap_2028,T&T Group :: RenewablesCap :: 2028,VN_ABCD_012,T&T Group,VN,Power,RenewablesCap,2031,NA,NA,NA,NA,0.017,0.101,1.65,0.27,NA,NA,11332304.086489797,11973755.261196766,188871734.77482995,199562587.68661278,VN_PDP8_BASELINE,VN_NZE_STRESS,Vietnam,increasing_carbon_tax_50,0.03,0.08,0.02,1,2029,0.25
4d182cde-9c6e-4ef7-8fa9-d348ae66436f,VN_ABCD_012_RenewablesCap_2029,T&T Group :: RenewablesCap :: 2029,VN_ABCD_012,T&T Group,VN,Power,RenewablesCap,2025,1997280,1997280,1997280,1997280,0.017,0.101,1.65,0.27,52,52,10489714.56,10489714.56,10489714.56,10489714.56,VN_PDP8_BASELINE,VN_NZE_STRESS,Vietnam,increasing_carbon_tax_50,0.03,0.08,0.02,1,2029,0.25
4d182cde-9c6e-4ef7-8fa9-d348ae66436f,VN_ABCD_012_RenewablesCap_2029,T&T Group :: RenewablesCap :: 2029,VN_ABCD_012,T&T Group,VN,Power,RenewablesCap,2026,2037225.6,2037225.6,2092666.0836325795,2037225.6,0.017,0.101,1.65,0.27,52.2,52.2,10740660.80832,10740660.80832,9945056.304,9945056.304,VN_PDP8_BASELINE,VN_NZE_STRESS,Vietnam,increasing_carbon_tax_50,0.03,0.08,0.02,1,2029,0.25
4d182cde-9c6e-4ef7-8fa9-d348ae66436f,VN_ABCD_012_RenewablesCap_2029,T&T Group :: RenewablesCap :: 2029,VN_ABCD_012,T&T Group,VN,Power,RenewablesCap,2027,2077171.2,2077171.2,2193759.051567146,2077171.2,0.017,0.101,1.65,0.27,52.4,52.4,10993220.85888,10993220.85888,9424915.002469135,9424915.002469135,VN_PDP8_BASELINE,VN_NZE_STRESS,Vietnam,increasing_carbon_tax_50,0.03,0.08,0.02,1,2029,0.25
4d182cde-9c6e-4ef7-8fa9-d348ae66436f,VN_ABCD_012_RenewablesCap_2029,T&T Group :: RenewablesCap :: 2029,VN_ABCD_012,T&T Group,VN,Power,RenewablesCap,2028,2117116.8000000003,2117116.8000000003,2301469.143832846,2117116.8000000003,0.017,0.101,1.65,0.27,52.6,52.6,11247394.711680003,11247394.711680003,8928544.549611341,8928544.549611341,VN_PDP8_BASELINE,VN_NZE_STRESS,Vietnam,increasing_carbon_tax_50,0.03,0.08,0.02,1,2029,0.25
4d182cde-9c6e-4ef7-8fa9-d348ae66436f,VN_ABCD_012_RenewablesCap_2029,T&T Group :: RenewablesCap :: 2029,VN_ABCD_012,T&T Group,VN,Power,RenewablesCap,2029,2157062.4,2157062.4,2411866.787620921,2469330.43800302,0.017,0.101,1.65,0.27,52.8,52.8,11503182.366719998,11503182.366719998,8455182.441700958,8455182.441700958,VN_PDP8_BASELINE,VN_NZE_STRESS,Vietnam,increasing_carbon_tax_50,0.03,0.08,0.02,1,2029,0.25
4d182cde-9c6e-4ef7-8fa9-d348ae66436f,VN_ABCD_012_RenewablesCap_2029,T&T Group :: RenewablesCap :: 2029,VN_ABCD_012,T&T Group,VN,Power,RenewablesCap,2030,NA,2225135.033594447,2522627.0473555666,2821544.0760060395,0.017,0.101,1.65,0.27,53,56,11911147.834831076,12585363.750010192,8106527.073770997,8565387.096814638,VN_PDP8_BASELINE,VN_NZE_STRESS,Vietnam,increasing_carbon_tax_50,0.03,0.08,0.02,1,2029,0.25
4d182cde-9c6e-4ef7-8fa9-d348ae66436f,VN_ABCD_012_RenewablesCap_2029,T&T Group :: RenewablesCap :: 2029,VN_ABCD_012,T&T Group,VN,Power,RenewablesCap,2031,NA,NA,NA,NA,0.017,0.101,1.65,0.27,NA,NA,12149370.791527698,12837071.025010396,202489513.1921283,213951183.75017327,VN_PDP8_BASELINE,VN_NZE_STRESS,Vietnam,increasing_carbon_tax_50,0.03,0.08,0.02,1,2029,0.25
4d182cde-9c6e-4ef7-8fa9-d348ae66436f,VN_ABCD_012_RenewablesCap_2030,T&T Group :: RenewablesCap :: 2030,VN_ABCD_012,T&T Group,VN,Power,RenewablesCap,2025,2102400.0000000005,2102400.0000000005,2102400.0000000005,2102400.0000000005,0.017,0.101,1.65,0.27,52,52,11041804.800000004,11041804.800000004,11041804.800000004,11041804.800000004,VN_PDP8_BASELINE,VN_NZE_STRESS,Vietnam,increasing_carbon_tax_50,0.03,0.08,0.02,1,2029,0.25
4d182cde-9c6e-4ef7-8fa9-d348ae66436f,VN_ABCD_012_RenewablesCap_2030,T&T Group :: RenewablesCap :: 2030,VN_ABCD_012,T&T Group,VN,Power,RenewablesCap,2026,2144448.0000000005,2144448.0000000005,2202806.4038237687,2144448.0000000005,0.017,0.101,1.65,0.27,52.2,52.2,11305958.745600004,11305958.745600004,10468480.320000002,10468480.320000002,VN_PDP8_BASELINE,VN_NZE_STRESS,Vietnam,increasing_carbon_tax_50,0.03,0.08,0.02,1,2029,0.25
4d182cde-9c6e-4ef7-8fa9-d348ae66436f,VN_ABCD_012_RenewablesCap_2030,T&T Group :: RenewablesCap :: 2030,VN_ABCD_012,T&T Group,VN,Power,RenewablesCap,2027,2186496,2186496,2309220.054281207,2186496,0.017,0.101,1.65,0.27,52.4,52.4,11571811.430399999,11571811.430399999,9920963.160493825,9920963.160493825,VN_PDP8_BASELINE,VN_NZE_STRESS,Vietnam,increasing_carbon_tax_50,0.03,0.08,0.02,1,2029,0.25
4d182cde-9c6e-4ef7-8fa9-d348ae66436f,VN_ABCD_012_RenewablesCap_2030,T&T Group :: RenewablesCap :: 2030,VN_ABCD_012,T&T Group,VN,Power,RenewablesCap,2028,2228544.0000000005,2228544.0000000005,2422599.098771417,2228544.0000000005,0.017,0.101,1.65,0.27,52.6,52.6,11839362.854400003,11839362.854400003,9398467.946959306,9398467.946959306,VN_PDP8_BASELINE,VN_NZE_STRESS,Vietnam,increasing_carbon_tax_50,0.03,0.08,0.02,1,2029,0.25
4d182cde-9c6e-4ef7-8fa9-d348ae66436f,VN_ABCD_012_RenewablesCap_2030,T&T Group :: RenewablesCap :: 2030,VN_ABCD_012,T&T Group,VN,Power,RenewablesCap,2029,2270592.0000000005,2270592.0000000005,2538807.144864128,2599295.197897916,0.017,0.101,1.65,0.27,52.8,52.8,12108613.017600004,12108613.0176,8900192.043895748,8900192.043895746,VN_PDP8_BASELINE,VN_NZE_STRESS,Vietnam,increasing_carbon_tax_50,0.03,0.08,0.02,1,2029,0.25
4d182cde-9c6e-4ef7-8fa9-d348ae66436f,VN_ABCD_012_RenewablesCap_2030,T&T Group :: RenewablesCap :: 2030,VN_ABCD_012,T&T Group,VN,Power,RenewablesCap,2030,2312640.0000000005,2312640.0000000005,2655396.8919532285,2970046.395795832,0.017,0.101,1.65,0.27,53,56,12379561.920000004,13080291.840000004,8425321.829390908,8902226.838601712,VN_PDP8_BASELINE,VN_NZE_STRESS,Vietnam,increasing_carbon_tax_50,0.03,0.08,0.02,1,2029,0.25
4d182cde-9c6e-4ef7-8fa9-d348ae66436f,VN_ABCD_012_RenewablesCap_2030,T&T Group :: RenewablesCap :: 2030,VN_ABCD_012,T&T Group,VN,Power,RenewablesCap,2031,NA,NA,NA,NA,0.017,0.101,1.65,0.27,NA,NA,12627153.158400005,13341897.676800003,210452552.64000008,222364961.28000006,VN_PDP8_BASELINE,VN_NZE_STRESS,Vietnam,increasing_carbon_tax_50,0.03,0.08,0.02,1,2029,0.25
4d182cde-9c6e-4ef7-8fa9-d348ae66436f,VN_ABCD_013_RenewablesCap_2025,NA,VN_ABCD_013,NA,NA,Power,RenewablesCap,2025,NA,NA,NA,NA,NA,NA,NA,NA,NA,NA,4448152.8,NA,4448152.8,NA,VN_PDP8_BASELINE,VN_NZE_STRESS,Vietnam,increasing_carbon_tax_50,0.03,0.08,0.02,1,2029,0.25
4d182cde-9c6e-4ef7-8fa9-d348ae66436f,VN_ABCD_013_RenewablesCap_2025,NA,VN_ABCD_013,NA,NA,Power,RenewablesCap,2026,NA,NA,NA,NA,NA,NA,NA,NA,NA,NA,4612491.75478104,NA,4270825.698871333,NA,VN_PDP8_BASELINE,VN_NZE_STRESS,Vietnam,increasing_carbon_tax_50,0.03,0.08,0.02,1,2029,0.25
4d182cde-9c6e-4ef7-8fa9-d348ae66436f,VN_ABCD_013_RenewablesCap_2025,NA,VN_ABCD_013,NA,NA,Power,RenewablesCap,2027,NA,NA,NA,NA,NA,NA,NA,NA,NA,NA,4777259.71367238,NA,4095730.207195113,NA,VN_PDP8_BASELINE,VN_NZE_STRESS,Vietnam,increasing_carbon_tax_50,0.03,0.08,0.02,1,2029,0.25
4d182cde-9c6e-4ef7-8fa9-d348ae66436f,VN_ABCD_013_RenewablesCap_2025,NA,VN_ABCD_013,NA,NA,Power,RenewablesCap,2028,NA,NA,NA,NA,NA,NA,NA,NA,NA,NA,4947018.043352766,NA,3927102.4197219405,NA,VN_PDP8_BASELINE,VN_NZE_STRESS,Vietnam,increasing_carbon_tax_50,0.03,0.08,0.02,1,2029,0.25
4d182cde-9c6e-4ef7-8fa9-d348ae66436f,VN_ABCD_013_RenewablesCap_2025,NA,VN_ABCD_013,NA,NA,Power,RenewablesCap,2029,NA,NA,NA,NA,NA,NA,NA,NA,NA,NA,5120054.536041256,NA,3763392.931936217,NA,VN_PDP8_BASELINE,VN_NZE_STRESS,Vietnam,increasing_carbon_tax_50,0.03,0.08,0.02,1,2029,0.25
4d182cde-9c6e-4ef7-8fa9-d348ae66436f,VN_ABCD_013_RenewablesCap_2025,NA,VN_ABCD_013,NA,NA,Power,RenewablesCap,2030,NA,NA,NA,NA,NA,NA,NA,NA,NA,NA,5293969.081807768,NA,3602986.402694572,NA,VN_PDP8_BASELINE,VN_NZE_STRESS,Vietnam,increasing_carbon_tax_50,0.03,0.08,0.02,1,2029,0.25
4d182cde-9c6e-4ef7-8fa9-d348ae66436f,VN_ABCD_013_RenewablesCap_2025,NA,VN_ABCD_013,NA,NA,Power,RenewablesCap,2031,NA,NA,NA,NA,NA,NA,NA,NA,NA,NA,5399848.463443924,NA,89997474.39073206,NA,VN_PDP8_BASELINE,VN_NZE_STRESS,Vietnam,increasing_carbon_tax_50,0.03,0.08,0.02,1,2029,0.25
4d182cde-9c6e-4ef7-8fa9-d348ae66436f,VN_ABCD_013_RenewablesCap_2026,Gia Lai Electricity JSC :: RenewablesCap :: 2026,VN_ABCD_013,Gia Lai Electricity JSC,VN,Power,RenewablesCap,2025,998640,998640,998640,998640,0.02,0.093,1.75,0.28,52,52,4829423.04,4829423.04,4829423.04,4829423.04,VN_PDP8_BASELINE,VN_NZE_STRESS,Vietnam,increasing_carbon_tax_50,0.03,0.08,0.02,1,2029,0.25
4d182cde-9c6e-4ef7-8fa9-d348ae66436f,VN_ABCD_013_RenewablesCap_2026,Gia Lai Electricity JSC :: RenewablesCap :: 2026,VN_ABCD_013,Gia Lai Electricity JSC,VN,Power,RenewablesCap,2026,1018612.8,1018612.8,1046333.0418162898,1018612.8,0.02,0.093,1.75,0.28,52.2,52.2,4944957.69888,4944957.69888,4578664.535999999,4578664.535999999,VN_PDP8_BASELINE,VN_NZE_STRESS,Vietnam,increasing_carbon_tax_50,0.03,0.08,0.02,1,2029,0.25
4d182cde-9c6e-4ef7-8fa9-d348ae66436f,VN_ABCD_013_RenewablesCap_2026,Gia Lai Electricity JSC :: RenewablesCap :: 2026,VN_ABCD_013,Gia Lai Electricity JSC,VN,Power,RenewablesCap,2027,NA,1051384.6478570043,1096879.525783573,1051384.6478570043,0.02,0.093,1.75,0.28,52.4,52.4,5123607.665936753,5123607.665936753,4392667.7520033885,4392667.7520033885,VN_PDP8_BASELINE,VN_NZE_STRESS,Vietnam,increasing_carbon_tax_50,0.03,0.08,0.02,1,2029,0.25
4d182cde-9c6e-4ef7-8fa9-d348ae66436f,VN_ABCD_013_RenewablesCap_2026,Gia Lai Electricity JSC :: RenewablesCap :: 2026,VN_ABCD_013,Gia Lai Electricity JSC,VN,Power,RenewablesCap,2028,NA,1085014.8717956953,1150734.571916423,1085014.8717956953,0.02,0.093,1.75,0.28,52.6,52.6,5307675.749850182,5307675.749850182,4213404.135111979,4213404.135111979,VN_PDP8_BASELINE,VN_NZE_STRESS,Vietnam,increasing_carbon_tax_50,0.03,0.08,0.02,1,2029,0.25
4d182cde-9c6e-4ef7-8fa9-d348ae66436f,VN_ABCD_013_RenewablesCap_2026,Gia Lai Electricity JSC :: RenewablesCap :: 2026,VN_ABCD_013,Gia Lai Electricity JSC,VN,Power,RenewablesCap,2029,NA,1119115.139738598,1205933.3938104606,1230398.8697158417,0.02,0.093,1.75,0.28,52.8,52.8,5495302.982172411,5495302.982172411,4039211.742058098,4039211.742058098,VN_PDP8_BASELINE,VN_NZE_STRESS,Vietnam,increasing_carbon_tax_50,0.03,0.08,0.02,1,2029,0.25
4d182cde-9c6e-4ef7-8fa9-d348ae66436f,VN_ABCD_013_RenewablesCap_2026,Gia Lai Electricity JSC :: RenewablesCap :: 2026,VN_ABCD_013,Gia Lai Electricity JSC,VN,Power,RenewablesCap,2030,NA,1153151.4565358218,1261313.5236777833,1375782.8676359884,0.02,0.093,1.75,0.28,53,56,5683883.529265066,6005612.785638561,3868355.623914709,4087319.149796674,VN_PDP8_BASELINE,VN_NZE_STRESS,Vietnam,increasing_carbon_tax_50,0.03,0.08,0.02,1,2029,0.25
4d182cde-9c6e-4ef7-8fa9-d348ae66436f,VN_ABCD_013_RenewablesCap_2026,Gia Lai Electricity JSC :: RenewablesCap :: 2026,VN_ABCD_013,Gia Lai Electricity JSC,VN,Power,RenewablesCap,2031,NA,NA,NA,NA,0.02,0.093,1.75,0.28,NA,NA,5797561.199850367,6125725.041351331,96626019.99750613,102095417.35585552,VN_PDP8_BASELINE,VN_NZE_STRESS,Vietnam,increasing_carbon_tax_50,0.03,0.08,0.02,1,2029,0.25
4d182cde-9c6e-4ef7-8fa9-d348ae66436f,VN_ABCD_013_RenewablesCap_2027,Gia Lai Electricity JSC :: RenewablesCap :: 2027,VN_ABCD_013,Gia Lai Electricity JSC,VN,Power,RenewablesCap,2025,1077480,1077480,1077480,1077480,0.02,0.093,1.75,0.28,52,52,5210693.28,5210693.28,5210693.28,5210693.28,VN_PDP8_BASELINE,VN_NZE_STRESS,Vietnam,increasing_carbon_tax_50,0.03,0.08,0.02,1,2029,0.25
4d182cde-9c6e-4ef7-8fa9-d348ae66436f,VN_ABCD_013_RenewablesCap_2027,Gia Lai Electricity JSC :: RenewablesCap :: 2027,VN_ABCD_013,Gia Lai Electricity JSC,VN,Power,RenewablesCap,2026,1099029.5999999999,1099029.5999999999,1128938.2819596813,1099029.5999999999,0.02,0.093,1.75,0.28,52.2,52.2,5335349.096159999,5335349.096159999,4940138.051999999,4940138.051999999,VN_PDP8_BASELINE,VN_NZE_STRESS,Vietnam,increasing_carbon_tax_50,0.03,0.08,0.02,1,2029,0.25
4d182cde-9c6e-4ef7-8fa9-d348ae66436f,VN_ABCD_013_RenewablesCap_2027,Gia Lai Electricity JSC :: RenewablesCap :: 2027,VN_ABCD_013,Gia Lai Electricity JSC,VN,Power,RenewablesCap,2027,1120579.2,1120579.2,1183475.2778191182,1120579.2,0.02,0.093,1.75,0.28,52.4,52.4,5460806.55744,5460806.55744,4681761.451851851,4681761.451851851,VN_PDP8_BASELINE,VN_NZE_STRESS,Vietnam,increasing_carbon_tax_50,0.03,0.08,0.02,1,2029,0.25
4d182cde-9c6e-4ef7-8fa9-d348ae66436f,VN_ABCD_013_RenewablesCap_2027,Gia Lai Electricity JSC :: RenewablesCap :: 2027,VN_ABCD_013,Gia Lai Electricity JSC,VN,Power,RenewablesCap,2028,NA,1156864.4416180614,1241582.038120351,1156864.4416180614,0.02,0.093,1.75,0.28,52.6,52.6,5659149.475507233,5659149.475507233,4492415.310410025,4492415.310410025,VN_PDP8_BASELINE,VN_NZE_STRESS,Vietnam,increasing_carbon_tax_50,0.03,0.08,0.02,1,2029,0.25
4d182cde-9c6e-4ef7-8fa9-d348ae66436f,VN_ABCD_013_RenewablesCap_2027,Gia Lai Electricity JSC :: RenewablesCap :: 2027,VN_ABCD_013,Gia Lai Electricity JSC,VN,Power,RenewablesCap,2029,NA,1193656.8359775092,1301138.661742865,1332138.7889226817,0.02,0.093,1.75,0.28,52.8,52.8,5861332.527383961,5861332.527383961,4308254.384794096,4308254.384794096,VN_PDP8_BASELINE,VN_NZE_STRESS,Vietnam,increasing_carbon_tax_50,0.03,0.08,0.02,1,2029,0.25
4d182cde-9c6e-4ef7-8fa9-d348ae66436f,VN_ABCD_013_RenewablesCap_2027,Gia Lai Electricity JSC :: RenewablesCap :: 2027,VN_ABCD_013,Gia Lai Electricity JSC,VN,Power,RenewablesCap,2030,NA,1230380.2304166192,1360890.9071260295,1507413.136227302,0.02,0.093,1.75,0.28,53,56,6064544.155723516,6407820.240009752,4127426.8500546725,4361054.784963427,VN_PDP8_BASELINE,VN_NZE_STRESS,Vietnam,increasing_carbon_tax_50,0.03,0.08,0.02,1,2029,0.25
4d182cde-9c6e-4ef7-8fa9-d348ae66436f,VN_ABCD_013_RenewablesCap_2027,Gia Lai Electricity JSC :: RenewablesCap :: 2027,VN_ABCD_013,Gia Lai Electricity JSC,VN,Power,RenewablesCap,2031,NA,NA,NA,NA,0.02,0.093,1.75,0.28,NA,NA,6185835.038837986,6535976.644809947,103097250.64729977,108932944.08016579,VN_PDP8_BASELINE,VN_NZE_STRESS,Vietnam,increasing_carbon_tax_50,0.03,0.08,0.02,1,2029,0.25
4d182cde-9c6e-4ef7-8fa9-d348ae66436f,VN_ABCD_013_RenewablesCap_2028,Gia Lai Electricity JSC :: RenewablesCap :: 2028,VN_ABCD_013,Gia Lai Electricity JSC,VN,Power,RenewablesCap,2025,1182600,1182600,1182600,1182600,0.02,0.093,1.75,0.28,52,52,5719053.6,5719053.6,5719053.6,5719053.6,VN_PDP8_BASELINE,VN_NZE_STRESS,Vietnam,increasing_carbon_tax_50,0.03,0.08,0.02,1,2029,0.25
4d182cde-9c6e-4ef7-8fa9-d348ae66436f,VN_ABCD_013_RenewablesCap_2028,Gia Lai Electricity JSC :: RenewablesCap :: 2028,VN_ABCD_013,Gia Lai Electricity JSC,VN,Power,RenewablesCap,2026,1206252,1206252,1239078.6021508696,1206252,0.02,0.093,1.75,0.28,52.2,52.2,5855870.9592,5855870.9592,5422102.74,5422102.74,VN_PDP8_BASELINE,VN_NZE_STRESS,Vietnam,increasing_carbon_tax_50,0.03,0.08,0.02,1,2029,0.25
4d182cde-9c6e-4ef7-8fa9-d348ae66436f,VN_ABCD_013_RenewablesCap_2028,Gia Lai Electricity JSC :: RenewablesCap :: 2028,VN_ABCD_013,Gia Lai Electricity JSC,VN,Power,RenewablesCap,2027,1229904,1229904,1298936.2805331785,1229904,0.02,0.093,1.75,0.28,52.4,52.4,5993568.1728,5993568.1728,5138518.666666666,5138518.666666666,VN_PDP8_BASELINE,VN_NZE_STRESS,Vietnam,increasing_carbon_tax_50,0.03,0.08,0.02,1,2029,0.25
4d182cde-9c6e-4ef7-8fa9-d348ae66436f,VN_ABCD_013_RenewablesCap_2028,Gia Lai Electricity JSC :: RenewablesCap :: 2028,VN_ABCD_013,Gia Lai Electricity JSC,VN,Power,RenewablesCap,2028,1253556,1253556,1362711.993058922,1253556,0.02,0.093,1.75,0.28,52.6,52.6,6132145.2408,6132145.2408,4867894.598765431,4867894.598765431,VN_PDP8_BASELINE,VN_NZE_STRESS,Vietnam,increasing_carbon_tax_50,0.03,0.08,0.02,1,2029,0.25
4d182cde-9c6e-4ef7-8fa9-d348ae66436f,VN_ABCD_013_RenewablesCap_2028,Gia Lai Electricity JSC :: RenewablesCap :: 2028,VN_ABCD_013,Gia Lai Electricity JSC,VN,Power,RenewablesCap,2029,NA,1293937.8962481744,1428079.0189860717,1462103.5488175775,0.02,0.093,1.75,0.28,52.8,52.8,6353752.645737036,6353752.645737035,4670197.871901169,4670197.8719011685,VN_PDP8_BASELINE,VN_NZE_STRESS,Vietnam,increasing_carbon_tax_50,0.03,0.08,0.02,1,2029,0.25
4d182cde-9c6e-4ef7-8fa9-d348ae66436f,VN_ABCD_013_RenewablesCap_2028,Gia Lai Electricity JSC :: RenewablesCap :: 2028,VN_ABCD_013,Gia Lai Electricity JSC,VN,Power,RenewablesCap,2030,NA,1334244.0608764656,1493660.751723691,1670651.0976351548,0.02,0.093,1.75,0.28,53,56,6576488.976060099,6948743.069044633,4475847.892584214,4729197.7732965285,VN_PDP8_BASELINE,VN_NZE_STRESS,Vietnam,increasing_carbon_tax_50,0.03,0.08,0.02,1,2029,0.25
4d182cde-9c6e-4ef7-8fa9-d348ae66436f,VN_ABCD_013_RenewablesCap_2028,Gia Lai Electricity JSC :: RenewablesCap :: 2028,VN_ABCD_013,Gia Lai Electricity JSC,VN,Power,RenewablesCap,2031,NA,NA,NA,NA,0.02,0.093,1.75,0.28,NA,NA,6708018.755581301,7087717.930425526,111800312.59302168,118128632.17375876,VN_PDP8_BASELINE,VN_NZE_STRESS,Vietnam,increasing_carbon_tax_50,0.03,0.08,0.02,1,2029,0.25
4d182cde-9c6e-4ef7-8fa9-d348ae66436f,VN_ABCD_013_RenewablesCap_2029,Gia Lai Electricity JSC :: RenewablesCap :: 2029,VN_ABCD_013,Gia Lai Electricity JSC,VN,Power,RenewablesCap,2025,1261440,1261440,1261440,1261440,0.02,0.093,1.75,0.28,52,52,6100323.84,6100323.84,6100323.84,6100323.84,VN_PDP8_BASELINE,VN_NZE_STRESS,Vietnam,increasing_carbon_tax_50,0.03,0.08,0.02,1,2029,0.25
4d182cde-9c6e-4ef7-8fa9-d348ae66436f,VN_ABCD_013_RenewablesCap_2029,Gia Lai Electricity JSC :: RenewablesCap :: 2029,VN_ABCD_013,Gia Lai Electricity JSC,VN,Power,RenewablesCap,2026,1286668.8,1286668.8,1321683.8422942609,1286668.8,0.02,0.093,1.75,0.28,52.2,52.2,6246262.35648,6246262.35648,5783576.255999999,5783576.255999999,VN_PDP8_BASELINE,VN_NZE_STRESS,Vietnam,increasing_carbon_tax_50,0.03,0.08,0.02,1,2029,0.25
4d182cde-9c6e-4ef7-8fa9-d348ae66436f,VN_ABCD_013_RenewablesCap_2029,Gia Lai Electricity JSC :: RenewablesCap :: 2029,VN_ABCD_013,Gia Lai Electricity JSC,VN,Power,RenewablesCap,2027,1311897.5999999999,1311897.5999999999,1385532.0325687237,1311897.5999999999,0.02,0.093,1.75,0.28,52.4,52.4,6393139.384319999,6393139.384319999,5481086.577777777,5481086.577777777,VN_PDP8_BASELINE,VN_NZE_STRESS,Vietnam,increasing_carbon_tax_50,0.03,0.08,0.02,1,2029,0.25
4d182cde-9c6e-4ef7-8fa9-d348ae66436f,VN_ABCD_013_RenewablesCap_2029,Gia Lai Electricity JSC :: RenewablesCap :: 2029,VN_ABCD_013,Gia Lai Electricity JSC,VN,Power,RenewablesCap,2028,1337126.4000000001,1337126.4000000001,1453559.4592628502,1337126.4000000001,0.02,0.093,1.75,0.28,52.6,52.6,6540954.923520002,6540954.923520002,5192420.905349795,5192420.905349795,VN_PDP8_BASELINE,VN_NZE_STRESS,Vietnam,increasing_carbon_tax_50,0.03,0.08,0.02,1,2029,0.25
4d182cde-9c6e-4ef7-8fa9-d348ae66436f,VN_ABCD_013_RenewablesCap_2029,Gia Lai Electricity JSC :: RenewablesCap :: 2029,VN_ABCD_013,Gia Lai Electricity JSC,VN,Power,RenewablesCap,2029,1362355.2000000002,1362355.2000000002,1523284.2869184765,1559577.1187387495,0.02,0.093,1.75,0.28,52.8,52.8,6689708.97408,6689708.97408,4917135.802469134,4917135.802469134,VN_PDP8_BASELINE,VN_NZE_STRESS,Vietnam,increasing_carbon_tax_50,0.03,0.08,0.02,1,2029,0.25
4d182cde-9c6e-4ef7-8fa9-d348ae66436f,VN_ABCD_013_RenewablesCap_2029,Gia Lai Electricity JSC :: RenewablesCap :: 2029,VN_ABCD_013,Gia Lai Electricity JSC,VN,Power,RenewablesCap,2030,NA,1405348.4422701776,1593238.1351719368,1782027.8374774992,0.02,0.093,1.75,0.28,53,56,6926962.471949706,7319054.687343085,4714374.264892358,4981225.638376832,VN_PDP8_BASELINE,VN_NZE_STRESS,Vietnam,increasing_carbon_tax_50,0.03,0.08,0.02,1,2029,0.25
4d182cde-9c6e-4ef7-8fa9-d348ae66436f,VN_ABCD_013_RenewablesCap_2029,Gia Lai Electricity JSC :: RenewablesCap :: 2029,VN_ABCD_013,Gia Lai Electricity JSC,VN,Power,RenewablesCap,2031,NA,NA,NA,NA,0.02,0.093,1.75,0.28,NA,NA,7065501.7213887,7465435.781089947,117758362.023145,124423929.68483245,VN_PDP8_BASELINE,VN_NZE_STRESS,Vietnam,increasing_carbon_tax_50,0.03,0.08,0.02,1,2029,0.25
4d182cde-9c6e-4ef7-8fa9-d348ae66436f,VN_ABCD_013_RenewablesCap_2030,Gia Lai Electricity JSC :: RenewablesCap :: 2030,VN_ABCD_013,Gia Lai Electricity JSC,VN,Power,RenewablesCap,2025,1314000,1314000,1314000,1314000,0.02,0.093,1.75,0.28,52,52,6354504,6354504,6354504,6354504,VN_PDP8_BASELINE,VN_NZE_STRESS,Vietnam,increasing_carbon_tax_50,0.03,0.08,0.02,1,2029,0.25
4d182cde-9c6e-4ef7-8fa9-d348ae66436f,VN_ABCD_013_RenewablesCap_2030,Gia Lai Electricity JSC :: RenewablesCap :: 2030,VN_ABCD_013,Gia Lai Electricity JSC,VN,Power,RenewablesCap,2026,1340280,1340280,1376754.002389855,1340280,0.02,0.093,1.75,0.28,52.2,52.2,6506523.288,6506523.288,6024558.6,6024558.6,VN_PDP8_BASELINE,VN_NZE_STRESS,Vietnam,increasing_carbon_tax_50,0.03,0.08,0.02,1,2029,0.25
4d182cde-9c6e-4ef7-8fa9-d348ae66436f,VN_ABCD_013_RenewablesCap_2030,Gia Lai Electricity JSC :: RenewablesCap :: 2030,VN_ABCD_013,Gia Lai Electricity JSC,VN,Power,RenewablesCap,2027,1366560,1366560,1443262.5339257538,1366560,0.02,0.093,1.75,0.28,52.4,52.4,6659520.192,6659520.192,5709465.185185185,5709465.185185185,VN_PDP8_BASELINE,VN_NZE_STRESS,Vietnam,increasing_carbon_tax_50,0.03,0.08,0.02,1,2029,0.25
4d182cde-9c6e-4ef7-8fa9-d348ae66436f,VN_ABCD_013_RenewablesCap_2030,Gia Lai Electricity JSC :: RenewablesCap :: 2030,VN_ABCD_013,Gia Lai Electricity JSC,VN,Power,RenewablesCap,2028,1392840,1392840,1514124.4367321355,1392840,0.02,0.093,1.75,0.28,52.6,52.6,6813494.712,6813494.712,5408771.776406035,5408771.776406035,VN_PDP8_BASELINE,VN_NZE_STRESS,Vietnam,increasing_carbon_tax_50,0.03,0.08,0.02,1,2029,0.25
4d182cde-9c6e-4ef7-8fa9-d348ae66436f,VN_ABCD_013_RenewablesCap_2030,Gia Lai Electricity JSC :: RenewablesCap :: 2030,VN_ABCD_013,Gia Lai Electricity JSC,VN,Power,RenewablesCap,2029,1419120,1419120,1586754.4655400796,1624559.498686197,0.02,0.093,1.75,0.28,52.8,52.8,6968446.848,6968446.848,5122016.460905349,5122016.460905349,VN_PDP8_BASELINE,VN_NZE_STRESS,Vietnam,increasing_carbon_tax_50,0.03,0.08,0.02,1,2029,0.25
4d182cde-9c6e-4ef7-8fa9-d348ae66436f,VN_ABCD_013_RenewablesCap_2030,Gia Lai Electricity JSC :: RenewablesCap :: 2030,VN_ABCD_013,Gia Lai Electricity JSC,VN,Power,RenewablesCap,2030,1445400,1445400,1659623.0574707675,1856278.9973723937,0.02,0.093,1.75,0.28,53,56,7124376.6,7527643.199999998,4848731.003300458,5123187.475185389,VN_PDP8_BASELINE,VN_NZE_STRESS,Vietnam,increasing_carbon_tax_50,0.03,0.08,0.02,1,2029,0.25
4d182cde-9c6e-4ef7-8fa9-d348ae66436f,VN_ABCD_013_RenewablesCap_2030,Gia Lai Electricity JSC :: RenewablesCap :: 2030,VN_ABCD_013,Gia Lai Electricity JSC,VN,Power,RenewablesCap,2031,NA,NA,NA,NA,0.02,0.093,1.75,0.28,NA,NA,7266864.131999999,7678196.063999998,121114402.19999999,127969934.39999998,VN_PDP8_BASELINE,VN_NZE_STRESS,Vietnam,increasing_carbon_tax_50,0.03,0.08,0.02,1,2029,0.25
