sector,projected,target_demo,intensity_gap,aligned
cement,0.6688558087975573,0.3799626808611021,0.2888931279364553,NO
steel,0.29337296992496636,0.2136089960809989,0.07976397384396747,NO
