company_id,company_name,sector,pd_baseline,pd_shock,pd_change
VN_ABCD_022,Hoa Phat Group JSC,Steel,0.22030135823418903,0.3373357725119266,0.11703441427773756
VN_ABCD_023,Pomina Group,Steel,0.3731316707359653,0.35070591214553426,-0.022425758590431055
