company_id,company_name,sector,pd_baseline,pd_shock,pd_change
VN_ABCD_020,VICEM,Cement,0.2121082254992821,0.27749374869290966,0.06538552319362756
VN_ABCD_021,Holcim Group,Cement,0.03338076603531859,0.07128709285341217,0.03790632681809358
