company_id,company_name,sector,assets,npv_baseline,npv_shock,npv_difference,npv_change,pd_baseline,pd_shock,pd_change,mean_abs_alignment_gap_pp,worst_alignment_gap_pp,alignment_context,stress_priority_score
VN_ABCD_020,VICEM,Cement,5,13144368488.724806,8574422283.5341,-4569946205.190706,-0.3476733179772608,0.2121082254992821,0.27749374869290966,0.06538552319362756,2.1,2.1,"Sector-level SDA gap (cement, 2030)",95
VN_ABCD_021,Holcim Group,Cement,5,9140263557.190859,6230296994.322685,-2909966562.8681736,-0.31836790533012965,0.03338076603531859,0.07128709285341217,0.03790632681809358,2.1,2.1,"Sector-level SDA gap (cement, 2030)",5
