run_label,parameter_name,parameter_value,borrower_count,average_npv_change,average_pd_change,average_priority_delta,max_priority_delta,max_priority_delta_company,min_priority_delta,min_priority_delta_company,top_ranked_company
discount_rate_0.06,discount_rate,0.06,13,-0.31752728523978774,0.07349540676224593,-0.07249588545346,0.018495413663554672,Vietnam Hydropower JSC,-0.3278618816217218,PVN Power Corporation,Nghi Son Power LLC
discount_rate_0.10,discount_rate,0.10,13,-0.3153599702325683,0.0653739457813573,0.060050456668703164,0.27789995638294585,PVN Power Corporation,-0.015462573912593314,Vietnam Hydropower JSC,Nghi Son Power LLC
market_passthrough_0.15,market_passthrough,0.15,13,-0.3243867009995893,0.07100088505245421,0.6147902552436648,4.024065440137406,Dung Quat LNG Power Consortium,-0.01352657373413102,Vietnam Hydropower JSC,Nghi Son Power LLC
market_passthrough_0.35,market_passthrough,0.35,13,-0.3082987516656251,0.06711571982463528,-0.6134225370920195,0.013607695623591098,Vietnam Hydropower JSC,-4.027893168440478,Dung Quat LNG Power Consortium,Nghi Son Power LLC
risk_free_rate_0.02,risk_free_rate,0.02,13,-0.3163427263326072,0.07320696331178941,-0.05213376262645076,0.2691767266066165,PVN Power Corporation,-0.6637957713872993,Vinacomin Power JSC,Nghi Son Power LLC
risk_free_rate_0.04,risk_free_rate,0.04,13,-0.3163427263326072,0.06490014548584251,-0.040376026521064645,0.3363798586688347,Vinacomin Power JSC,-0.4307444192407601,PVN Power Corporation,Vinacomin Power JSC
shock_year_2027,shock_year,2027,13,-0.30464415933018607,0.06997409890062226,0.08098165455217145,0.8499920706924868,PVN Power Corporation,-0.029236020289765463,Vietnam Hydropower JSC,Nghi Son Power LLC
shock_year_2029,shock_year,2029,13,-0.3215947718141116,0.06638375371713384,0.1396880188342599,1.5876957852501832,Dung Quat LNG Power Consortium,-0.06412958436165894,EVN (Electricity of Vietnam),Nghi Son Power LLC
