run_id,asset_id,asset_name,company_id,company_name,country_iso2,sector,technology,year,production_plan_company_technology,production_baseline_scenario,production_target_scenario,production_shock_scenario,pd,net_profit_margin,debt_equity_ratio,volatility,scenario_price_baseline,price_shock_scenario,net_profits_baseline_scenario,net_profits_shock_scenario,discounted_net_profits_baseline_scenario,discounted_net_profits_shock_scenario,baseline_scenario,target_scenario,scenario_geography,carbon_price_model,risk_free_rate,discount_rate,growth_rate,div_netprofit_prop_coef,shock_year,market_passthrough
8ff17d64-04ed-4110-a34b-e0d697a87210,VN_ABCD_001_CoalCap_2025,NA,VN_ABCD_001,NA,NA,Power,CoalCap,2025,NA,NA,NA,NA,NA,NA,NA,NA,NA,NA,443037000.00000006,NA,443037000.00000006,NA,VN_PDP8_BASELINE,VN_NZE_STRESS,Vietnam,increasing_carbon_tax_50,0.03,0.08,0.02,1,2027,0.25
8ff17d64-04ed-4110-a34b-e0d697a87210,VN_ABCD_001_CoalCap_2025,NA,VN_ABCD_001,NA,NA,Power,CoalCap,2026,NA,NA,NA,NA,NA,NA,NA,NA,NA,NA,429252438.23204434,NA,397455961.32596695,NA,VN_PDP8_BASELINE,VN_NZE_STRESS,Vietnam,increasing_carbon_tax_50,0.03,0.08,0.02,1,2027,0.25
8ff17d64-04ed-4110-a34b-e0d697a87210,VN_ABCD_001_CoalCap_2025,NA,VN_ABCD_001,NA,NA,Power,CoalCap,2027,NA,NA,NA,NA,NA,NA,NA,NA,NA,NA,397529732.2624309,NA,340817671.69275624,NA,VN_PDP8_BASELINE,VN_NZE_STRESS,Vietnam,increasing_carbon_tax_50,0.03,0.08,0.02,1,2027,0.25
8ff17d64-04ed-4110-a34b-e0d697a87210,VN_ABCD_001_CoalCap_2025,NA,VN_ABCD_001,NA,NA,Power,CoalCap,2028,NA,NA,NA,NA,NA,NA,NA,NA,NA,NA,373214423.3080111,NA,296269642.0356487,NA,VN_PDP8_BASELINE,VN_NZE_STRESS,Vietnam,increasing_carbon_tax_50,0.03,0.08,0.02,1,2027,0.25
8ff17d64-04ed-4110-a34b-e0d697a87210,VN_ABCD_001_CoalCap_2025,NA,VN_ABCD_001,NA,NA,Power,CoalCap,2029,NA,NA,NA,NA,NA,NA,NA,NA,NA,NA,345990690.2983425,NA,254313486.15893397,NA,VN_PDP8_BASELINE,VN_NZE_STRESS,Vietnam,increasing_carbon_tax_50,0.03,0.08,0.02,1,2027,0.25
8ff17d64-04ed-4110-a34b-e0d697a87210,VN_ABCD_001_CoalCap_2025,NA,VN_ABCD_001,NA,NA,Power,CoalCap,2030,NA,NA,NA,NA,NA,NA,NA,NA,NA,NA,317377265.26243097,NA,216001633.85813472,NA,VN_PDP8_BASELINE,VN_NZE_STRESS,Vietnam,increasing_carbon_tax_50,0.03,0.08,0.02,1,2027,0.25
8ff17d64-04ed-4110-a34b-e0d697a87210,VN_ABCD_001_CoalCap_2025,NA,VN_ABCD_001,NA,NA,Power,CoalCap,2031,NA,NA,NA,NA,NA,NA,NA,NA,NA,NA,323724810.5676796,NA,5395413509.461327,NA,VN_PDP8_BASELINE,VN_NZE_STRESS,Vietnam,increasing_carbon_tax_50,0.03,0.08,0.02,1,2027,0.25
8ff17d64-04ed-4110-a34b-e0d697a87210,VN_ABCD_001_CoalCap_2026,EVN (Electricity of Vietnam) :: CoalCap :: 2026,VN_ABCD_001,EVN (Electricity of Vietnam),VN,Power,CoalCap,2025,76650000,76650000,76650000,76650000,0.012,0.085,1.6,0.22,68,68,443037000.00000006,443037000.00000006,443037000.00000006,443037000.00000006,VN_PDP8_BASELINE,VN_NZE_STRESS,Vietnam,increasing_carbon_tax_50,0.03,0.08,0.02,1,2027,0.25
8ff17d64-04ed-4110-a34b-e0d697a87210,VN_ABCD_001_CoalCap_2026,EVN (Electricity of Vietnam) :: CoalCap :: 2026,VN_ABCD_001,EVN (Electricity of Vietnam),VN,Power,CoalCap,2026,73912500,73912500,64424234.254143655,73912500,0.012,0.085,1.6,0.22,68.4,68.4,429727275.00000006,429727275.00000006,397895625,397895625,VN_PDP8_BASELINE,VN_NZE_STRESS,Vietnam,increasing_carbon_tax_50,0.03,0.08,0.02,1,2027,0.25
8ff17d64-04ed-4110-a34b-e0d697a87210,VN_ABCD_001_CoalCap_2026,EVN (Electricity of Vietnam) :: CoalCap :: 2026,VN_ABCD_001,EVN (Electricity of Vietnam),VN,Power,CoalCap,2027,NA,68058711.6712707,50739910.359116025,57036324.30662984,0.012,0.085,1.6,0.22,68.8,68.8,398007345.8535911,160835305.0041578,341227148.3655616,137890350.65514216,VN_PDP8_BASELINE,VN_NZE_STRESS,Vietnam,increasing_carbon_tax_50,0.03,0.08,0.02,1,2027,0.25
8ff17d64-04ed-4110-a34b-e0d697a87210,VN_ABCD_001_CoalCap_2026,EVN (Electricity of Vietnam) :: CoalCap :: 2026,VN_ABCD_001,EVN (Electricity of Vietnam),VN,Power,CoalCap,2028,NA,63531930.24861877,38514961.32596685,40160148.61325967,0.012,0.085,1.6,0.22,69.2,65.86666666666666,373694813.72237563,98368937.34912845,296650991.43484825,78088433.9826313,VN_PDP8_BASELINE,VN_NZE_STRESS,Vietnam,increasing_carbon_tax_50,0.03,0.08,0.02,1,2027,0.25
8ff17d64-04ed-4110-a34b-e0d697a87210,VN_ABCD_001_CoalCap_2026,EVN (Electricity of Vietnam) :: CoalCap :: 2026,VN_ABCD_001,EVN (Electricity of Vietnam),VN,Power,CoalCap,2029,NA,58565560.77348065,28072266.961325966,23283972.91988951,0.012,0.085,1.6,0.22,69.6,62.93333333333333,346473857.5359115,45243193.334647864,254668628.50244033,33255097.736807693,VN_PDP8_BASELINE,VN_NZE_STRESS,Vietnam,increasing_carbon_tax_50,0.03,0.08,0.02,1,2027,0.25
8ff17d64-04ed-4110-a34b-e0d697a87210,VN_ABCD_001_CoalCap_2026,EVN (Electricity of Vietnam) :: CoalCap :: 2026,VN_ABCD_001,EVN (Electricity of Vietnam),VN,Power,CoalCap,2030,NA,53422388.12154695,19049370.165745854,6407797.226519346,0.012,0.085,1.6,0.22,70,60,317863209.3232044,9072306.243583871,216332359.22059545,6174459.187727588,VN_PDP8_BASELINE,VN_NZE_STRESS,Vietnam,increasing_carbon_tax_50,0.03,0.08,0.02,1,2027,0.25
8ff17d64-04ed-4110-a34b-e0d697a87210,VN_ABCD_001_CoalCap_2026,EVN (Electricity of Vietnam) :: CoalCap :: 2026,VN_ABCD_001,EVN (Electricity of Vietnam),VN,Power,CoalCap,2031,NA,NA,NA,NA,0.012,0.085,1.6,0.22,NA,NA,324220473.50966847,9253752.368455548,5403674558.494474,154229206.1409258,VN_PDP8_BASELINE,VN_NZE_STRESS,Vietnam,increasing_carbon_tax_50,0.03,0.08,0.02,1,2027,0.25
8ff17d64-04ed-4110-a34b-e0d697a87210,VN_ABCD_001_CoalCap_2027,EVN (Electricity of Vietnam) :: CoalCap :: 2027,VN_ABCD_001,EVN (Electricity of Vietnam),VN,Power,CoalCap,2025,73584000,73584000,73584000,73584000,0.012,0.085,1.6,0.22,68,68,425315520.00000006,425315520.00000006,425315520.00000006,425315520.00000006,VN_PDP8_BASELINE,VN_NZE_STRESS,Vietnam,increasing_carbon_tax_50,0.03,0.08,0.02,1,2027,0.25
8ff17d64-04ed-4110-a34b-e0d697a87210,VN_ABCD_001_CoalCap_2027,EVN (Electricity of Vietnam) :: CoalCap :: 2027,VN_ABCD_001,EVN (Electricity of Vietnam),VN,Power,CoalCap,2026,70956000.00000001,70956000.00000001,61847264.8839779,70956000.00000001,0.012,0.085,1.6,0.22,68.4,68.4,412538184.0000001,412538184.0000001,381979800.00000006,381979800.00000006,VN_PDP8_BASELINE,VN_NZE_STRESS,Vietnam,increasing_carbon_tax_50,0.03,0.08,0.02,1,2027,0.25
8ff17d64-04ed-4110-a34b-e0d697a87210,VN_ABCD_001_CoalCap_2027,EVN (Electricity of Vietnam) :: CoalCap :: 2027,VN_ABCD_001,EVN (Electricity of Vietnam),VN,Power,CoalCap,2027,68328000,68328000,48710313.94475138,54754871.33436465,0.012,0.085,1.6,0.22,68.8,68.8,399582144,154401892.80399153,342577283.95061725,132374736.62893648,VN_PDP8_BASELINE,VN_NZE_STRESS,Vietnam,increasing_carbon_tax_50,0.03,0.08,0.02,1,2027,0.25
8ff17d64-04ed-4110-a34b-e0d697a87210,VN_ABCD_001_CoalCap_2027,EVN (Electricity of Vietnam) :: CoalCap :: 2027,VN_ABCD_001,EVN (Electricity of Vietnam),VN,Power,CoalCap,2028,NA,63982289.83425414,36974362.87292818,38553742.66872928,0.012,0.085,1.6,0.22,69.2,65.86666666666666,376343828.8050829,94434179.8551633,298753865.01445,74964896.62332605,VN_PDP8_BASELINE,VN_NZE_STRESS,Vietnam,increasing_carbon_tax_50,0.03,0.08,0.02,1,2027,0.25
8ff17d64-04ed-4110-a34b-e0d697a87210,VN_ABCD_001_CoalCap_2027,EVN (Electricity of Vietnam) :: CoalCap :: 2027,VN_ABCD_001,EVN (Electricity of Vietnam),VN,Power,CoalCap,2029,NA,59214575.138121545,26949376.282872926,22352614.003093913,0.012,0.085,1.6,0.22,69.6,62.93333333333333,350313426.5171271,43433465.60126192,257490826.32550508,31924893.827335365,VN_PDP8_BASELINE,VN_NZE_STRESS,Vietnam,increasing_carbon_tax_50,0.03,0.08,0.02,1,2027,0.25
8ff17d64-04ed-4110-a34b-e0d697a87210,VN_ABCD_001_CoalCap_2027,EVN (Electricity of Vietnam) :: CoalCap :: 2027,VN_ABCD_001,EVN (Electricity of Vietnam),VN,Power,CoalCap,2030,NA,54277129.392265186,18287395.35911602,6151485.337458551,0.012,0.085,1.6,0.22,70,60,322948919.8839779,8709413.993840486,219793608.37323502,5927480.820218464,VN_PDP8_BASELINE,VN_NZE_STRESS,Vietnam,increasing_carbon_tax_50,0.03,0.08,0.02,1,2027,0.25
8ff17d64-04ed-4110-a34b-e0d697a87210,VN_ABCD_001_CoalCap_2027,EVN (Electricity of Vietnam) :: CoalCap :: 2027,VN_ABCD_001,EVN (Electricity of Vietnam),VN,Power,CoalCap,2031,NA,NA,NA,NA,0.012,0.085,1.6,0.22,NA,NA,329407898.28165746,8883602.273717295,5490131638.027624,148060037.89528826,VN_PDP8_BASELINE,VN_NZE_STRESS,Vietnam,increasing_carbon_tax_50,0.03,0.08,0.02,1,2027,0.25
8ff17d64-04ed-4110-a34b-e0d697a87210,VN_ABCD_001_CoalCap_2028,EVN (Electricity of Vietnam) :: CoalCap :: 2028,VN_ABCD_001,EVN (Electricity of Vietnam),VN,Power,CoalCap,2025,72357600,72357600,72357600,72357600,0.012,0.085,1.6,0.22,68,68,418226928.00000006,418226928.00000006,418226928.00000006,418226928.00000006,VN_PDP8_BASELINE,VN_NZE_STRESS,Vietnam,increasing_carbon_tax_50,0.03,0.08,0.02,1,2027,0.25
8ff17d64-04ed-4110-a34b-e0d697a87210,VN_ABCD_001_CoalCap_2028,EVN (Electricity of Vietnam) :: CoalCap :: 2028,VN_ABCD_001,EVN (Electricity of Vietnam),VN,Power,CoalCap,2026,69773400.00000001,69773400.00000001,60816477.1359116,69773400.00000001,0.012,0.085,1.6,0.22,68.4,68.4,405662547.6000001,405662547.6000001,375613470.00000006,375613470.00000006,VN_PDP8_BASELINE,VN_NZE_STRESS,Vietnam,increasing_carbon_tax_50,0.03,0.08,0.02,1,2027,0.25
8ff17d64-04ed-4110-a34b-e0d697a87210,VN_ABCD_001_CoalCap_2028,EVN (Electricity of Vietnam) :: CoalCap :: 2028,VN_ABCD_001,EVN (Electricity of Vietnam),VN,Power,CoalCap,2027,67189200,67189200,47898475.37900553,53842290.14545857,0.012,0.085,1.6,0.22,68.8,68.8,392922441.6,151828527.92392498,336867662.5514403,130168491.0184542,VN_PDP8_BASELINE,VN_NZE_STRESS,Vietnam,increasing_carbon_tax_50,0.03,0.08,0.02,1,2027,0.25
8ff17d64-04ed-4110-a34b-e0d697a87210,VN_ABCD_001_CoalCap_2028,EVN (Electricity of Vietnam) :: CoalCap :: 2028,VN_ABCD_001,EVN (Electricity of Vietnam),VN,Power,CoalCap,2028,64605000,64605000,36358123.49171271,37911180.29091713,0.012,0.085,1.6,0.22,69.2,65.86666666666666,380006610,92860276.85757725,301661498.81877756,73715481.67960393,VN_PDP8_BASELINE,VN_NZE_STRESS,Vietnam,increasing_carbon_tax_50,0.03,0.08,0.02,1,2027,0.25
8ff17d64-04ed-4110-a34b-e0d697a87210,VN_ABCD_001_CoalCap_2028,EVN (Electricity of Vietnam) :: CoalCap :: 2028,VN_ABCD_001,EVN (Electricity of Vietnam),VN,Power,CoalCap,2029,NA,59916747.2154696,26500220.011491712,21980070.436375692,0.012,0.085,1.6,0.22,69.6,62.93333333333333,354467476.52671814,42709574.50790758,260544177.0925639,31392812.26354646,VN_PDP8_BASELINE,VN_NZE_STRESS,Vietnam,increasing_carbon_tax_50,0.03,0.08,0.02,1,2027,0.25
8ff17d64-04ed-4110-a34b-e0d697a87210,VN_ABCD_001_CoalCap_2028,EVN (Electricity of Vietnam) :: CoalCap :: 2028,VN_ABCD_001,EVN (Electricity of Vietnam),VN,Power,CoalCap,2030,NA,55061592.23204419,17982605.436464086,6048960.581834249,0.012,0.085,1.6,0.22,70,60,327616473.78066295,8564257.093943154,222970267.1265683,5828689.47321483,VN_PDP8_BASELINE,VN_NZE_STRESS,Vietnam,increasing_carbon_tax_50,0.03,0.08,0.02,1,2027,0.25
8ff17d64-04ed-4110-a34b-e0d697a87210,VN_ABCD_001_CoalCap_2028,EVN (Electricity of Vietnam) :: CoalCap :: 2028,VN_ABCD_001,EVN (Electricity of Vietnam),VN,Power,CoalCap,2031,NA,NA,NA,NA,0.012,0.085,1.6,0.22,NA,NA,334168803.2562762,8735542.235822018,5569480054.27127,145592370.59703365,VN_PDP8_BASELINE,VN_NZE_STRESS,Vietnam,increasing_carbon_tax_50,0.03,0.08,0.02,1,2027,0.25
8ff17d64-04ed-4110-a34b-e0d697a87210,VN_ABCD_001_CoalCap_2029,EVN (Electricity of Vietnam) :: CoalCap :: 2029,VN_ABCD_001,EVN (Electricity of Vietnam),VN,Power,CoalCap,2025,70518000.00000001,70518000.00000001,70518000.00000001,70518000.00000001,0.012,0.085,1.6,0.22,68,68,407594040.0000001,407594040.0000001,407594040.0000001,407594040.0000001,VN_PDP8_BASELINE,VN_NZE_STRESS,Vietnam,increasing_carbon_tax_50,0.03,0.08,0.02,1,2027,0.25
8ff17d64-04ed-4110-a34b-e0d697a87210,VN_ABCD_001_CoalCap_2029,EVN (Electricity of Vietnam) :: CoalCap :: 2029,VN_ABCD_001,EVN (Electricity of Vietnam),VN,Power,CoalCap,2026,67999500.00000001,67999500.00000001,59270295.51381216,67999500.00000001,0.012,0.085,1.6,0.22,68.4,68.4,395349093.0000001,395349093.0000001,366063975.00000006,366063975.00000006,VN_PDP8_BASELINE,VN_NZE_STRESS,Vietnam,increasing_carbon_tax_50,0.03,0.08,0.02,1,2027,0.25
8ff17d64-04ed-4110-a34b-e0d697a87210,VN_ABCD_001_CoalCap_2029,EVN (Electricity of Vietnam) :: CoalCap :: 2029,VN_ABCD_001,EVN (Electricity of Vietnam),VN,Power,CoalCap,2027,65481000.000000015,65481000.000000015,46680717.53038675,52473418.362099454,0.012,0.085,1.6,0.22,68.8,68.8,382932888.0000001,147968480.60382518,328303230.452675,126859122.60273077,VN_PDP8_BASELINE,VN_NZE_STRESS,Vietnam,increasing_carbon_tax_50,0.03,0.08,0.02,1,2027,0.25
8ff17d64-04ed-4110-a34b-e0d697a87210,VN_ABCD_001_CoalCap_2029,EVN (Electricity of Vietnam) :: CoalCap :: 2029,VN_ABCD_001,EVN (Electricity of Vietnam),VN,Power,CoalCap,2028,62962500.00000001,62962500.00000001,35433764.41988951,36947336.7241989,0.012,0.085,1.6,0.22,69.2,65.86666666666666,370345425.0000001,90499422.36119819,293992138.67931724,71841359.2640208,VN_PDP8_BASELINE,VN_NZE_STRESS,Vietnam,increasing_carbon_tax_50,0.03,0.08,0.02,1,2027,0.25
8ff17d64-04ed-4110-a34b-e0d697a87210,VN_ABCD_001_CoalCap_2029,EVN (Electricity of Vietnam) :: CoalCap :: 2029,VN_ABCD_001,EVN (Electricity of Vietnam),VN,Power,CoalCap,2029,60444000.00000001,60444000.00000001,25826485.60441989,21421255.086298347,0.012,0.085,1.6,0.22,69.6,62.93333333333333,357586704,41623737.86787603,262836902.4030889,30594689.917863075,VN_PDP8_BASELINE,VN_NZE_STRESS,Vietnam,increasing_carbon_tax_50,0.03,0.08,0.02,1,2027,0.25
8ff17d64-04ed-4110-a34b-e0d697a87210,VN_ABCD_001_CoalCap_2029,EVN (Electricity of Vietnam) :: CoalCap :: 2029,VN_ABCD_001,EVN (Electricity of Vietnam),VN,Power,CoalCap,2030,NA,55712281.160220996,17525420.55248619,5895173.448397785,0.012,0.085,1.6,0.22,70,60,331488072.90331495,8346521.7440971425,225605212.43509585,5680502.452709368,VN_PDP8_BASELINE,VN_NZE_STRESS,Vietnam,increasing_carbon_tax_50,0.03,0.08,0.02,1,2027,0.25
8ff17d64-04ed-4110-a34b-e0d697a87210,VN_ABCD_001_CoalCap_2029,EVN (Electricity of Vietnam) :: CoalCap :: 2029,VN_ABCD_001,EVN (Electricity of Vietnam),VN,Power,CoalCap,2031,NA,NA,NA,NA,0.012,0.085,1.6,0.22,NA,NA,338117834.36138123,8513452.178979086,5635297239.356354,141890869.64965144,VN_PDP8_BASELINE,VN_NZE_STRESS,Vietnam,increasing_carbon_tax_50,0.03,0.08,0.02,1,2027,0.25
8ff17d64-04ed-4110-a34b-e0d697a87210,VN_ABCD_001_CoalCap_2030,EVN (Electricity of Vietnam) :: CoalCap :: 2030,VN_ABCD_001,EVN (Electricity of Vietnam),VN,Power,CoalCap,2025,67451999.99999999,67451999.99999999,67451999.99999999,67451999.99999999,0.012,0.085,1.6,0.22,68,68,389872559.99999994,389872559.99999994,389872559.99999994,389872559.99999994,VN_PDP8_BASELINE,VN_NZE_STRESS,Vietnam,increasing_carbon_tax_50,0.03,0.08,0.02,1,2027,0.25
8ff17d64-04ed-4110-a34b-e0d697a87210,VN_ABCD_001_CoalCap_2030,EVN (Electricity of Vietnam) :: CoalCap :: 2030,VN_ABCD_001,EVN (Electricity of Vietnam),VN,Power,CoalCap,2026,65043000.00000001,65043000.00000001,56693326.143646404,65043000.00000001,0.012,0.085,1.6,0.22,68.4,68.4,378160002.0000001,378160002.0000001,350148150.00000006,350148150.00000006,VN_PDP8_BASELINE,VN_NZE_STRESS,Vietnam,increasing_carbon_tax_50,0.03,0.08,0.02,1,2027,0.25
8ff17d64-04ed-4110-a34b-e0d697a87210,VN_ABCD_001_CoalCap_2030,EVN (Electricity of Vietnam) :: CoalCap :: 2030,VN_ABCD_001,EVN (Electricity of Vietnam),VN,Power,CoalCap,2027,62634000,62634000,44651121.116022095,50191965.389834255,0.012,0.085,1.6,0.22,68.8,68.8,366283632,141535068.40365887,314029176.9547325,121343508.57652508,VN_PDP8_BASELINE,VN_NZE_STRESS,Vietnam,increasing_carbon_tax_50,0.03,0.08,0.02,1,2027,0.25
8ff17d64-04ed-4110-a34b-e0d697a87210,VN_ABCD_001_CoalCap_2030,EVN (Electricity of Vietnam) :: CoalCap :: 2030,VN_ABCD_001,EVN (Electricity of Vietnam),VN,Power,CoalCap,2028,60225000,60225000,33893165.966850825,35340930.77966851,0.012,0.085,1.6,0.22,69.2,65.86666666666666,354243450,86564664.86723304,281209871.7802164,68717821.90471554,VN_PDP8_BASELINE,VN_NZE_STRESS,Vietnam,increasing_carbon_tax_50,0.03,0.08,0.02,1,2027,0.25
8ff17d64-04ed-4110-a34b-e0d697a87210,VN_ABCD_001_CoalCap_2030,EVN (Electricity of Vietnam) :: CoalCap :: 2030,VN_ABCD_001,EVN (Electricity of Vietnam),VN,Power,CoalCap,2029,57816000,57816000,24703594.92596685,20489896.169502757,0.012,0.085,1.6,0.22,69.6,62.93333333333333,342039456,39814010.1344901,251409210.99425894,29264486.00839076,VN_PDP8_BASELINE,VN_NZE_STRESS,Vietnam,increasing_carbon_tax_50,0.03,0.08,0.02,1,2027,0.25
8ff17d64-04ed-4110-a34b-e0d697a87210,VN_ABCD_001_CoalCap_2030,EVN (Electricity of Vietnam) :: CoalCap :: 2030,VN_ABCD_001,EVN (Electricity of Vietnam),VN,Power,CoalCap,2030,55406999.99999999,55406999.99999999,16763445.745856352,5638861.559337005,0.012,0.085,1.6,0.22,70,60,329671650,7983629.494353779,224368985.52839243,5433524.0852002585,VN_PDP8_BASELINE,VN_NZE_STRESS,Vietnam,increasing_carbon_tax_50,0.03,0.08,0.02,1,2027,0.25
8ff17d64-04ed-4110-a34b-e0d697a87210,VN_ABCD_001_CoalCap_2030,EVN (Electricity of Vietnam) :: CoalCap :: 2030,VN_ABCD_001,EVN (Electricity of Vietnam),VN,Power,CoalCap,2031,NA,NA,NA,NA,0.012,0.085,1.6,0.22,NA,NA,336265083,8143302.084240855,5604418050,135721701.40401426,VN_PDP8_BASELINE,VN_NZE_STRESS,Vietnam,increasing_carbon_tax_50,0.03,0.08,0.02,1,2027,0.25
8ff17d64-04ed-4110-a34b-e0d697a87210,VN_ABCD_001_GasCap_2025,NA,VN_ABCD_001,NA,NA,Power,GasCap,2025,NA,NA,NA,NA,NA,NA,NA,NA,NA,NA,36857700.00000001,NA,36857700.00000001,NA,VN_PDP8_BASELINE,VN_NZE_STRESS,Vietnam,increasing_carbon_tax_50,0.03,0.08,0.02,1,2027,0.25
8ff17d64-04ed-4110-a34b-e0d697a87210,VN_ABCD_001_GasCap_2025,NA,VN_ABCD_001,NA,NA,Power,GasCap,2026,NA,NA,NA,NA,NA,NA,NA,NA,NA,NA,42432873.53229474,NA,39289697.71508772,NA,VN_PDP8_BASELINE,VN_NZE_STRESS,Vietnam,increasing_carbon_tax_50,0.03,0.08,0.02,1,2027,0.25
8ff17d64-04ed-4110-a34b-e0d697a87210,VN_ABCD_001_GasCap_2025,NA,VN_ABCD_001,NA,NA,Power,GasCap,2027,NA,NA,NA,NA,NA,NA,NA,NA,NA,NA,55637649.7488,NA,47700317,NA,VN_PDP8_BASELINE,VN_NZE_STRESS,Vietnam,increasing_carbon_tax_50,0.03,0.08,0.02,1,2027,0.25
8ff17d64-04ed-4110-a34b-e0d697a87210,VN_ABCD_001_GasCap_2025,NA,VN_ABCD_001,NA,NA,Power,GasCap,2028,NA,NA,NA,NA,NA,NA,NA,NA,NA,NA,69457166.7847579,NA,55137338.36365605,NA,VN_PDP8_BASELINE,VN_NZE_STRESS,Vietnam,increasing_carbon_tax_50,0.03,0.08,0.02,1,2027,0.25
8ff17d64-04ed-4110-a34b-e0d697a87210,VN_ABCD_001_GasCap_2025,NA,VN_ABCD_001,NA,NA,Power,GasCap,2029,NA,NA,NA,NA,NA,NA,NA,NA,NA,NA,81534412.46463157,NA,59930227.19172345,NA,VN_PDP8_BASELINE,VN_NZE_STRESS,Vietnam,increasing_carbon_tax_50,0.03,0.08,0.02,1,2027,0.25
8ff17d64-04ed-4110-a34b-e0d697a87210,VN_ABCD_001_GasCap_2025,NA,VN_ABCD_001,NA,NA,Power,GasCap,2030,NA,NA,NA,NA,NA,NA,NA,NA,NA,NA,97592135.49473684,NA,66419567.58035919,NA,VN_PDP8_BASELINE,VN_NZE_STRESS,Vietnam,increasing_carbon_tax_50,0.03,0.08,0.02,1,2027,0.25
8ff17d64-04ed-4110-a34b-e0d697a87210,VN_ABCD_001_GasCap_2025,NA,VN_ABCD_001,NA,NA,Power,GasCap,2031,NA,NA,NA,NA,NA,NA,NA,NA,NA,NA,99543978.20463157,NA,1659066303.4105263,NA,VN_PDP8_BASELINE,VN_NZE_STRESS,Vietnam,increasing_carbon_tax_50,0.03,0.08,0.02,1,2027,0.25
8ff17d64-04ed-4110-a34b-e0d697a87210,VN_ABCD_001_GasCap_2026,EVN (Electricity of Vietnam) :: GasCap :: 2026,VN_ABCD_001,EVN (Electricity of Vietnam),VN,Power,GasCap,2025,7323360.000000001,7323360.000000001,7323360.000000001,7323360.000000001,0.012,0.085,1.6,0.22,60,60,37349136.00000001,37349136.00000001,37349136.00000001,37349136.00000001,VN_PDP8_BASELINE,VN_NZE_STRESS,Vietnam,increasing_carbon_tax_50,0.03,0.08,0.02,1,2027,0.25
8ff17d64-04ed-4110-a34b-e0d697a87210,VN_ABCD_001_GasCap_2026,EVN (Electricity of Vietnam) :: GasCap :: 2026,VN_ABCD_001,EVN (Electricity of Vietnam),VN,Power,GasCap,2026,7456512,7456512,7825903.680000002,7456512,0.012,0.085,1.6,0.22,60.6,60.6,38408493.312,38408493.312,35563419.73333333,35563419.73333333,VN_PDP8_BASELINE,VN_NZE_STRESS,Vietnam,increasing_carbon_tax_50,0.03,0.08,0.02,1,2027,0.25
8ff17d64-04ed-4110-a34b-e0d697a87210,VN_ABCD_001_GasCap_2026,EVN (Electricity of Vietnam) :: GasCap :: 2026,VN_ABCD_001,EVN (Electricity of Vietnam),VN,Power,GasCap,2027,NA,9946921.599999998,9356941.44,8599050.8848,0.012,0.085,1.6,0.22,61.2,61.2,51743886.16319999,39409622.55031499,44362042.32098764,33787399.305825606,VN_PDP8_BASELINE,VN_NZE_STRESS,Vietnam,increasing_carbon_tax_50,0.03,0.08,0.02,1,2027,0.25
8ff17d64-04ed-4110-a34b-e0d697a87210,VN_ABCD_001_GasCap_2026,EVN (Electricity of Vietnam) :: GasCap :: 2026,VN_ABCD_001,EVN (Electricity of Vietnam),VN,Power,GasCap,2028,NA,12507560.704,10215225.215999998,9741589.7696,0.012,0.085,1.6,0.22,61.8,60.300000000000004,65702216.378112,49575485.8495512,52156537.66742874,39354619.03161293,VN_PDP8_BASELINE,VN_NZE_STRESS,Vietnam,increasing_carbon_tax_50,0.03,0.08,0.02,1,2027,0.25
8ff17d64-04ed-4110-a34b-e0d697a87210,VN_ABCD_001_GasCap_2026,EVN (Electricity of Vietnam) :: GasCap :: 2026,VN_ABCD_001,EVN (Electricity of Vietnam),VN,Power,GasCap,2029,NA,14686094.447999999,10489088.512,10884128.654399998,0.012,0.085,1.6,0.22,62.4,59.4,77895044.952192,56588801.79586238,57255183.42478279,41594458.653940395,VN_PDP8_BASELINE,VN_NZE_STRESS,Vietnam,increasing_carbon_tax_50,0.03,0.08,0.02,1,2027,0.25
8ff17d64-04ed-4110-a34b-e0d697a87210,VN_ABCD_001_GasCap_2026,EVN (Electricity of Vietnam) :: GasCap :: 2026,VN_ABCD_001,EVN (Electricity of Vietnam),VN,Power,GasCap,2030,NA,17576363.007999998,10820790,12026667.539199999,0.012,0.085,1.6,0.22,63,58.5,94121423.90784,66410288.47851342,64057459.59256685,45197726.448640466,VN_PDP8_BASELINE,VN_NZE_STRESS,Vietnam,increasing_carbon_tax_50,0.03,0.08,0.02,1,2027,0.25
8ff17d64-04ed-4110-a34b-e0d697a87210,VN_ABCD_001_GasCap_2026,EVN (Electricity of Vietnam) :: GasCap :: 2026,VN_ABCD_001,EVN (Electricity of Vietnam),VN,Power,GasCap,2031,NA,NA,NA,NA,0.012,0.085,1.6,0.22,NA,NA,96003852.3859968,67738494.2480837,1600064206.4332802,1128974904.1347282,VN_PDP8_BASELINE,VN_NZE_STRESS,Vietnam,increasing_carbon_tax_50,0.03,0.08,0.02,1,2027,0.25
8ff17d64-04ed-4110-a34b-e0d697a87210,VN_ABCD_001_GasCap_2027,EVN (Electricity of Vietnam) :: GasCap :: 2027,VN_ABCD_001,EVN (Electricity of Vietnam),VN,Power,GasCap,2025,7419720.000000002,7419720.000000002,7419720.000000002,7419720.000000002,0.012,0.085,1.6,0.22,60,60,37840572.000000015,37840572.000000015,37840572.000000015,37840572.000000015,VN_PDP8_BASELINE,VN_NZE_STRESS,Vietnam,increasing_carbon_tax_50,0.03,0.08,0.02,1,2027,0.25
8ff17d64-04ed-4110-a34b-e0d697a87210,VN_ABCD_001_GasCap_2027,EVN (Electricity of Vietnam) :: GasCap :: 2027,VN_ABCD_001,EVN (Electricity of Vietnam),VN,Power,GasCap,2026,7554624.000000002,7554624.000000002,7928876.096842106,7554624.000000002,0.012,0.085,1.6,0.22,60.6,60.6,38913868.224000014,38913868.224000014,36031359.466666676,36031359.466666676,VN_PDP8_BASELINE,VN_NZE_STRESS,Vietnam,increasing_carbon_tax_50,0.03,0.08,0.02,1,2027,0.25
8ff17d64-04ed-4110-a34b-e0d697a87210,VN_ABCD_001_GasCap_2027,EVN (Electricity of Vietnam) :: GasCap :: 2027,VN_ABCD_001,EVN (Electricity of Vietnam),VN,Power,GasCap,2027,7689528.000000001,7689528.000000001,9480059.090526318,8712196.29117895,0.012,0.085,1.6,0.22,61.2,61.2,40000924.65600001,27504368.100840203,34294345.55555556,23580562.500720337,VN_PDP8_BASELINE,VN_NZE_STRESS,Vietnam,increasing_carbon_tax_50,0.03,0.08,0.02,1,2027,0.25
8ff17d64-04ed-4110-a34b-e0d697a87210,VN_ABCD_001_GasCap_2027,EVN (Electricity of Vietnam) :: GasCap :: 2027,VN_ABCD_001,EVN (Electricity of Vietnam),VN,Power,GasCap,2028,NA,10283859.723789476,10349636.074105263,9869768.582357895,0.012,0.085,1.6,0.22,61.8,60.300000000000004,54021115.12906612,37986695.731550574,42883702.88531514,30155063.801528104,VN_PDP8_BASELINE,VN_NZE_STRESS,Vietnam,increasing_carbon_tax_50,0.03,0.08,0.02,1,2027,0.25
8ff17d64-04ed-4110-a34b-e0d697a87210,VN_ABCD_001_GasCap_2027,EVN (Electricity of Vietnam) :: GasCap :: 2027,VN_ABCD_001,EVN (Electricity of Vietnam),VN,Power,GasCap,2029,NA,12491058.385473687,10627102.834526317,11027340.873536842,0.012,0.085,1.6,0.22,62.4,59.4,66252573.67655244,45274995.123113215,48697619.47686251,33278473.000702046,VN_PDP8_BASELINE,VN_NZE_STRESS,Vietnam,increasing_carbon_tax_50,0.03,0.08,0.02,1,2027,0.25
8ff17d64-04ed-4110-a34b-e0d697a87210,VN_ABCD_001_GasCap_2027,EVN (Electricity of Vietnam) :: GasCap :: 2027,VN_ABCD_001,EVN (Electricity of Vietnam),VN,Power,GasCap,2030,NA,15419356.794947367,10963168.815789476,12184913.16471579,0.012,0.085,1.6,0.22,63,58.5,82570655.63694316,55408414.86596754,56196200.794563845,37710036.13205271,VN_PDP8_BASELINE,VN_NZE_STRESS,Vietnam,increasing_carbon_tax_50,0.03,0.08,0.02,1,2027,0.25
8ff17d64-04ed-4110-a34b-e0d697a87210,VN_ABCD_001_GasCap_2027,EVN (Electricity of Vietnam) :: GasCap :: 2027,VN_ABCD_001,EVN (Electricity of Vietnam),VN,Power,GasCap,2031,NA,NA,NA,NA,0.012,0.085,1.6,0.22,NA,NA,84222068.74968202,56516583.163286895,1403701145.8280337,941943052.7214483,VN_PDP8_BASELINE,VN_NZE_STRESS,Vietnam,increasing_carbon_tax_50,0.03,0.08,0.02,1,2027,0.25
8ff17d64-04ed-4110-a34b-e0d697a87210,VN_ABCD_001_GasCap_2028,EVN (Electricity of Vietnam) :: GasCap :: 2028,VN_ABCD_001,EVN (Electricity of Vietnam),VN,Power,GasCap,2025,7516080.000000001,7516080.000000001,7516080.000000001,7516080.000000001,0.012,0.085,1.6,0.22,60,60,38332008.00000001,38332008.00000001,38332008.00000001,38332008.00000001,VN_PDP8_BASELINE,VN_NZE_STRESS,Vietnam,increasing_carbon_tax_50,0.03,0.08,0.02,1,2027,0.25
8ff17d64-04ed-4110-a34b-e0d697a87210,VN_ABCD_001_GasCap_2028,EVN (Electricity of Vietnam) :: GasCap :: 2028,VN_ABCD_001,EVN (Electricity of Vietnam),VN,Power,GasCap,2026,7652736.000000001,7652736.000000001,8031848.513684212,7652736.000000001,0.012,0.085,1.6,0.22,60.6,60.6,39419243.13600001,39419243.13600001,36499299.2,36499299.2,VN_PDP8_BASELINE,VN_NZE_STRESS,Vietnam,increasing_carbon_tax_50,0.03,0.08,0.02,1,2027,0.25
8ff17d64-04ed-4110-a34b-e0d697a87210,VN_ABCD_001_GasCap_2028,EVN (Electricity of Vietnam) :: GasCap :: 2028,VN_ABCD_001,EVN (Electricity of Vietnam),VN,Power,GasCap,2027,7789391.999999999,7789391.999999999,9603176.741052633,8825341.697557896,0.012,0.085,1.6,0.22,61.2,61.2,40520417.184,27861567.686565388,34739726.666666664,23886803.57215825,VN_PDP8_BASELINE,VN_NZE_STRESS,Vietnam,increasing_carbon_tax_50,0.03,0.08,0.02,1,2027,0.25
8ff17d64-04ed-4110-a34b-e0d697a87210,VN_ABCD_001_GasCap_2028,EVN (Electricity of Vietnam) :: GasCap :: 2028,VN_ABCD_001,EVN (Electricity of Vietnam),VN,Power,GasCap,2028,7926048,7926048,10484046.932210525,9997947.395115789,0.012,0.085,1.6,0.22,61.8,60.300000000000004,41635530.144,25710520.997336023,33051626.200274345,20409840.50111138,VN_PDP8_BASELINE,VN_NZE_STRESS,Vietnam,increasing_carbon_tax_50,0.03,0.08,0.02,1,2027,0.25
8ff17d64-04ed-4110-a34b-e0d697a87210,VN_ABCD_001_GasCap_2028,EVN (Electricity of Vietnam) :: GasCap :: 2028,VN_ABCD_001,EVN (Electricity of Vietnam),VN,Power,GasCap,2029,NA,10161911.579368422,10765117.157052632,11170553.092673685,0.012,0.085,1.6,0.22,62.4,59.4,53898779.01697011,33284063.30603392,39617211.606752105,24464780.152301945,VN_PDP8_BASELINE,VN_NZE_STRESS,Vietnam,increasing_carbon_tax_50,0.03,0.08,0.02,1,2027,0.25
8ff17d64-04ed-4110-a34b-e0d697a87210,VN_ABCD_001_GasCap_2028,EVN (Electricity of Vietnam) :: GasCap :: 2028,VN_ABCD_001,EVN (Electricity of Vietnam),VN,Power,GasCap,2030,NA,13128239.838315789,11105547.631578948,12343158.790231578,0.012,0.085,1.6,0.22,63,58.5,70301724.33418106,43739675.58097536,47846172.30434252,29768488.244119383,VN_PDP8_BASELINE,VN_NZE_STRESS,Vietnam,increasing_carbon_tax_50,0.03,0.08,0.02,1,2027,0.25
8ff17d64-04ed-4110-a34b-e0d697a87210,VN_ABCD_001_GasCap_2028,EVN (Electricity of Vietnam) :: GasCap :: 2028,VN_ABCD_001,EVN (Electricity of Vietnam),VN,Power,GasCap,2031,NA,NA,NA,NA,0.012,0.085,1.6,0.22,NA,NA,71707758.82086468,44614469.09259487,1195129313.681078,743574484.8765812,VN_PDP8_BASELINE,VN_NZE_STRESS,Vietnam,increasing_carbon_tax_50,0.03,0.08,0.02,1,2027,0.25
8ff17d64-04ed-4110-a34b-e0d697a87210,VN_ABCD_001_GasCap_2029,EVN (Electricity of Vietnam) :: GasCap :: 2029,VN_ABCD_001,EVN (Electricity of Vietnam),VN,Power,GasCap,2025,7612440.000000001,7612440.000000001,7612440.000000001,7612440.000000001,0.012,0.085,1.6,0.22,60,60,38823444.00000001,38823444.00000001,38823444.00000001,38823444.00000001,VN_PDP8_BASELINE,VN_NZE_STRESS,Vietnam,increasing_carbon_tax_50,0.03,0.08,0.02,1,2027,0.25
8ff17d64-04ed-4110-a34b-e0d697a87210,VN_ABCD_001_GasCap_2029,EVN (Electricity of Vietnam) :: GasCap :: 2029,VN_ABCD_001,EVN (Electricity of Vietnam),VN,Power,GasCap,2026,7750848.000000001,7750848.000000001,8134820.930526316,7750848.000000001,0.012,0.085,1.6,0.22,60.6,60.6,39924618.04800001,39924618.04800001,36967238.93333334,36967238.93333334,VN_PDP8_BASELINE,VN_NZE_STRESS,Vietnam,increasing_carbon_tax_50,0.03,0.08,0.02,1,2027,0.25
8ff17d64-04ed-4110-a34b-e0d697a87210,VN_ABCD_001_GasCap_2029,EVN (Electricity of Vietnam) :: GasCap :: 2029,VN_ABCD_001,EVN (Electricity of Vietnam),VN,Power,GasCap,2027,7889255.999999999,7889255.999999999,9726294.391578946,8938487.103936844,0.012,0.085,1.6,0.22,61.2,61.2,41039909.712000005,28218767.27229059,35185107.777777776,24193044.643596184,VN_PDP8_BASELINE,VN_NZE_STRESS,Vietnam,increasing_carbon_tax_50,0.03,0.08,0.02,1,2027,0.25
8ff17d64-04ed-4110-a34b-e0d697a87210,VN_ABCD_001_GasCap_2029,EVN (Electricity of Vietnam) :: GasCap :: 2029,VN_ABCD_001,EVN (Electricity of Vietnam),VN,Power,GasCap,2028,8027664,8027664,10618457.790315786,10126126.207873683,0.012,0.085,1.6,0.22,61.8,60.300000000000004,42169318.992,26040143.06140443,33475364.99771376,20671505.1229205,VN_PDP8_BASELINE,VN_NZE_STRESS,Vietnam,increasing_carbon_tax_50,0.03,0.08,0.02,1,2027,0.25
8ff17d64-04ed-4110-a34b-e0d697a87210,VN_ABCD_001_GasCap_2029,EVN (Electricity of Vietnam) :: GasCap :: 2029,VN_ABCD_001,EVN (Electricity of Vietnam),VN,Power,GasCap,2029,8166071.999999999,8166071.999999999,10903131.479578948,11313765.311810527,0.012,0.085,1.6,0.22,62.4,59.4,43312845.888,22975999.676748943,31836234.7372521,16888045.66025213,VN_PDP8_BASELINE,VN_NZE_STRESS,Vietnam,increasing_carbon_tax_50,0.03,0.08,0.02,1,2027,0.25
8ff17d64-04ed-4110-a34b-e0d697a87210,VN_ABCD_001_GasCap_2029,EVN (Electricity of Vietnam) :: GasCap :: 2029,VN_ABCD_001,EVN (Electricity of Vietnam),VN,Power,GasCap,2030,NA,11170430.10842105,11247926.44736842,12501404.415747367,0.012,0.085,1.6,0.22,63,58.5,59817653.230594724,33728306.4809321,40710889.674734555,22954918.65532702,VN_PDP8_BASELINE,VN_NZE_STRESS,Vietnam,increasing_carbon_tax_50,0.03,0.08,0.02,1,2027,0.25
8ff17d64-04ed-4110-a34b-e0d697a87210,VN_ABCD_001_GasCap_2029,EVN (Electricity of Vietnam) :: GasCap :: 2029,VN_ABCD_001,EVN (Electricity of Vietnam),VN,Power,GasCap,2031,NA,NA,NA,NA,0.012,0.085,1.6,0.22,NA,NA,61014006.29520662,34402872.61055075,1016900104.9201103,573381210.1758457,VN_PDP8_BASELINE,VN_NZE_STRESS,Vietnam,increasing_carbon_tax_50,0.03,0.08,0.02,1,2027,0.25
8ff17d64-04ed-4110-a34b-e0d697a87210,VN_ABCD_001_GasCap_2030,EVN (Electricity of Vietnam) :: GasCap :: 2030,VN_ABCD_001,EVN (Electricity of Vietnam),VN,Power,GasCap,2025,7708800.000000001,7708800.000000001,7708800.000000001,7708800.000000001,0.012,0.085,1.6,0.22,60,60,39314880.00000001,39314880.00000001,39314880.00000001,39314880.00000001,VN_PDP8_BASELINE,VN_NZE_STRESS,Vietnam,increasing_carbon_tax_50,0.03,0.08,0.02,1,2027,0.25
8ff17d64-04ed-4110-a34b-e0d697a87210,VN_ABCD_001_GasCap_2030,EVN (Electricity of Vietnam) :: GasCap :: 2030,VN_ABCD_001,EVN (Electricity of Vietnam),VN,Power,GasCap,2026,7848960.000000001,7848960.000000001,8237793.347368422,7848960.000000001,0.012,0.085,1.6,0.22,60.6,60.6,40429992.96000001,40429992.96000001,37435178.66666667,37435178.66666667,VN_PDP8_BASELINE,VN_NZE_STRESS,Vietnam,increasing_carbon_tax_50,0.03,0.08,0.02,1,2027,0.25
8ff17d64-04ed-4110-a34b-e0d697a87210,VN_ABCD_001_GasCap_2030,EVN (Electricity of Vietnam) :: GasCap :: 2030,VN_ABCD_001,EVN (Electricity of Vietnam),VN,Power,GasCap,2027,7989119.999999999,7989119.999999999,9849412.042105263,9051632.51031579,0.012,0.085,1.6,0.22,61.2,61.2,41559402.239999995,28575966.858015787,35630488.88888888,24499285.71503411,VN_PDP8_BASELINE,VN_NZE_STRESS,Vietnam,increasing_carbon_tax_50,0.03,0.08,0.02,1,2027,0.25
8ff17d64-04ed-4110-a34b-e0d697a87210,VN_ABCD_001_GasCap_2030,EVN (Electricity of Vietnam) :: GasCap :: 2030,VN_ABCD_001,EVN (Electricity of Vietnam),VN,Power,GasCap,2028,8129279.999999999,8129279.999999999,10752868.648421051,10254305.020631578,0.012,0.085,1.6,0.22,61.8,60.300000000000004,42703107.839999996,26369765.125472844,33899103.79515317,20933169.74472962,VN_PDP8_BASELINE,VN_NZE_STRESS,Vietnam,increasing_carbon_tax_50,0.03,0.08,0.02,1,2027,0.25
8ff17d64-04ed-4110-a34b-e0d697a87210,VN_ABCD_001_GasCap_2030,EVN (Electricity of Vietnam) :: GasCap :: 2030,VN_ABCD_001,EVN (Electricity of Vietnam),VN,Power,GasCap,2029,8269440,8269440,11041145.802105265,11456977.530947369,0.012,0.085,1.6,0.22,62.4,59.4,43861109.760000005,23266835.115695138,32239225.050381884,17101818.390128747,VN_PDP8_BASELINE,VN_NZE_STRESS,Vietnam,increasing_carbon_tax_50,0.03,0.08,0.02,1,2027,0.25
8ff17d64-04ed-4110-a34b-e0d697a87210,VN_ABCD_001_GasCap_2030,EVN (Electricity of Vietnam) :: GasCap :: 2030,VN_ABCD_001,EVN (Electricity of Vietnam),VN,Power,GasCap,2030,8409600,8409600,11390305.263157895,12659650.041263156,0.012,0.085,1.6,0.22,63,58.5,45033408,19723918.548666764,30648980.789965384,13423767.543884967,VN_PDP8_BASELINE,VN_NZE_STRESS,Vietnam,increasing_carbon_tax_50,0.03,0.08,0.02,1,2027,0.25
8ff17d64-04ed-4110-a34b-e0d697a87210,VN_ABCD_001_GasCap_2030,EVN (Electricity of Vietnam) :: GasCap :: 2030,VN_ABCD_001,EVN (Electricity of Vietnam),VN,Power,GasCap,2031,NA,NA,NA,NA,0.012,0.085,1.6,0.22,NA,NA,45934076.160000004,20118396.9196401,765567936.0000001,335306615.32733506,VN_PDP8_BASELINE,VN_NZE_STRESS,Vietnam,increasing_carbon_tax_50,0.03,0.08,0.02,1,2027,0.25
8ff17d64-04ed-4110-a34b-e0d697a87210,VN_ABCD_001_HydroCap_2025,NA,VN_ABCD_001,NA,NA,Power,HydroCap,2025,NA,NA,NA,NA,NA,NA,NA,NA,NA,NA,146358576,NA,146358576,NA,VN_PDP8_BASELINE,VN_NZE_STRESS,Vietnam,increasing_carbon_tax_50,0.03,0.08,0.02,1,2027,0.25
8ff17d64-04ed-4110-a34b-e0d697a87210,VN_ABCD_001_HydroCap_2025,NA,VN_ABCD_001,NA,NA,Power,HydroCap,2026,NA,NA,NA,NA,NA,NA,NA,NA,NA,NA,146587108.8573556,NA,135728804.49755147,NA,VN_PDP8_BASELINE,VN_NZE_STRESS,Vietnam,increasing_carbon_tax_50,0.03,0.08,0.02,1,2027,0.25
8ff17d64-04ed-4110-a34b-e0d697a87210,VN_ABCD_001_HydroCap_2025,NA,VN_ABCD_001,NA,NA,Power,HydroCap,2027,NA,NA,NA,NA,NA,NA,NA,NA,NA,NA,146840468.33988684,NA,125892033.89907993,NA,VN_PDP8_BASELINE,VN_NZE_STRESS,Vietnam,increasing_carbon_tax_50,0.03,0.08,0.02,1,2027,0.25
8ff17d64-04ed-4110-a34b-e0d697a87210,VN_ABCD_001_HydroCap_2025,NA,VN_ABCD_001,NA,NA,Power,HydroCap,2028,NA,NA,NA,NA,NA,NA,NA,NA,NA,NA,147146047.25733152,NA,116809276.45154727,NA,VN_PDP8_BASELINE,VN_NZE_STRESS,Vietnam,increasing_carbon_tax_50,0.03,0.08,0.02,1,2027,0.25
8ff17d64-04ed-4110-a34b-e0d697a87210,VN_ABCD_001_HydroCap_2025,NA,VN_ABCD_001,NA,NA,Power,HydroCap,2029,NA,NA,NA,NA,NA,NA,NA,NA,NA,NA,147447232.18894553,NA,108378117.37108509,NA,VN_PDP8_BASELINE,VN_NZE_STRESS,Vietnam,increasing_carbon_tax_50,0.03,0.08,0.02,1,2027,0.25
8ff17d64-04ed-4110-a34b-e0d697a87210,VN_ABCD_001_HydroCap_2025,NA,VN_ABCD_001,NA,NA,Power,HydroCap,2030,NA,NA,NA,NA,NA,NA,NA,NA,NA,NA,147881921.25845945,NA,100645950.75357604,NA,VN_PDP8_BASELINE,VN_NZE_STRESS,Vietnam,increasing_carbon_tax_50,0.03,0.08,0.02,1,2027,0.25
8ff17d64-04ed-4110-a34b-e0d697a87210,VN_ABCD_001_HydroCap_2025,NA,VN_ABCD_001,NA,NA,Power,HydroCap,2031,NA,NA,NA,NA,NA,NA,NA,NA,NA,NA,150839559.68362865,NA,2513992661.3938107,NA,VN_PDP8_BASELINE,VN_NZE_STRESS,Vietnam,increasing_carbon_tax_50,0.03,0.08,0.02,1,2027,0.25
8ff17d64-04ed-4110-a34b-e0d697a87210,VN_ABCD_001_HydroCap_2026,EVN (Electricity of Vietnam) :: HydroCap :: 2026,VN_ABCD_001,EVN (Electricity of Vietnam),VN,Power,HydroCap,2025,30944700.000000004,30944700.000000004,30944700.000000004,30944700.000000004,0.012,0.085,1.6,0.22,56,56,147296772.00000003,147296772.00000003,147296772.00000003,147296772.00000003,VN_PDP8_BASELINE,VN_NZE_STRESS,Vietnam,increasing_carbon_tax_50,0.03,0.08,0.02,1,2027,0.25
8ff17d64-04ed-4110-a34b-e0d697a87210,VN_ABCD_001_HydroCap_2026,EVN (Electricity of Vietnam) :: HydroCap :: 2026,VN_ABCD_001,EVN (Electricity of Vietnam),VN,Power,HydroCap,2026,30944700.000000004,30944700.000000004,30888709.478523728,30944700.000000004,0.012,0.085,1.6,0.22,56.1,56.1,147559801.95000002,147559801.95000002,136629446.25,136629446.25,VN_PDP8_BASELINE,VN_NZE_STRESS,Vietnam,increasing_carbon_tax_50,0.03,0.08,0.02,1,2027,0.25
8ff17d64-04ed-4110-a34b-e0d697a87210,VN_ABCD_001_HydroCap_2026,EVN (Electricity of Vietnam) :: HydroCap :: 2026,VN_ABCD_001,EVN (Electricity of Vietnam),VN,Power,HydroCap,2027,NA,30943027.928112913,30837209.664401356,30903581.363622334,0.012,0.085,1.6,0.22,56.2,56.2,147814844.4125954,147626408.1740239,126727404.33178616,126565850.62930717,VN_PDP8_BASELINE,VN_NZE_STRESS,Vietnam,increasing_carbon_tax_50,0.03,0.08,0.02,1,2027,0.25
8ff17d64-04ed-4110-a34b-e0d697a87210,VN_ABCD_001_HydroCap_2026,EVN (Electricity of Vietnam) :: HydroCap :: 2026,VN_ABCD_001,EVN (Electricity of Vietnam),VN,Power,HydroCap,2028,NA,30952343.75719813,30845570.023836803,30862462.727244664,0.012,0.085,1.6,0.22,56.3,56.46666666666667,148122441.05007166,148129533.60319865,117584369.32415634,117589999.6214997,VN_PDP8_BASELINE,VN_NZE_STRESS,Vietnam,increasing_carbon_tax_50,0.03,0.08,0.02,1,2027,0.25
8ff17d64-04ed-4110-a34b-e0d697a87210,VN_ABCD_001_HydroCap_2026,EVN (Electricity of Vietnam) :: HydroCap :: 2026,VN_ABCD_001,EVN (Electricity of Vietnam),VN,Power,HydroCap,2029,NA,30960704.11663358,30852974.91362249,30821344.090866994,0.012,0.085,1.6,0.22,56.4,56.733333333333334,148425615.53514138,148630794.98752427,109097258.33801793,109248071.36069979,VN_PDP8_BASELINE,VN_NZE_STRESS,Vietnam,increasing_carbon_tax_50,0.03,0.08,0.02,1,2027,0.25
8ff17d64-04ed-4110-a34b-e0d697a87210,VN_ABCD_001_HydroCap_2026,EVN (Electricity of Vietnam) :: HydroCap :: 2026,VN_ABCD_001,EVN (Electricity of Vietnam),VN,Power,HydroCap,2030,NA,30997011.963324677,30887849.55583894,30780225.454489324,0.012,0.085,1.6,0.22,56.5,57,148863149.95386678,149130192.32700077,101313758.51611762,101495503.06816863,VN_PDP8_BASELINE,VN_NZE_STRESS,Vietnam,increasing_carbon_tax_50,0.03,0.08,0.02,1,2027,0.25
8ff17d64-04ed-4110-a34b-e0d697a87210,VN_ABCD_001_HydroCap_2026,EVN (Electricity of Vietnam) :: HydroCap :: 2026,VN_ABCD_001,EVN (Electricity of Vietnam),VN,Power,HydroCap,2031,NA,NA,NA,NA,0.012,0.085,1.6,0.22,NA,NA,151840412.95294413,152112796.17354077,2530673549.2157354,2535213269.559013,VN_PDP8_BASELINE,VN_NZE_STRESS,Vietnam,increasing_carbon_tax_50,0.03,0.08,0.02,1,2027,0.25
8ff17d64-04ed-4110-a34b-e0d697a87210,VN_ABCD_001_HydroCap_2027,EVN (Electricity of Vietnam) :: HydroCap :: 2027,VN_ABCD_001,EVN (Electricity of Vietnam),VN,Power,HydroCap,2025,31141800,31141800,31141800,31141800,0.012,0.085,1.6,0.22,56,56,148234968,148234968,148234968,148234968,VN_PDP8_BASELINE,VN_NZE_STRESS,Vietnam,increasing_carbon_tax_50,0.03,0.08,0.02,1,2027,0.25
8ff17d64-04ed-4110-a34b-e0d697a87210,VN_ABCD_001_HydroCap_2027,EVN (Electricity of Vietnam) :: HydroCap :: 2027,VN_ABCD_001,EVN (Electricity of Vietnam),VN,Power,HydroCap,2026,31141800,31141800,31085452.8509984,31141800,0.012,0.085,1.6,0.22,56.1,56.1,148499673.3,148499673.3,137499697.5,137499697.5,VN_PDP8_BASELINE,VN_NZE_STRESS,Vietnam,increasing_carbon_tax_50,0.03,0.08,0.02,1,2027,0.25
8ff17d64-04ed-4110-a34b-e0d697a87210,VN_ABCD_001_HydroCap_2027,EVN (Electricity of Vietnam) :: HydroCap :: 2027,VN_ABCD_001,EVN (Electricity of Vietnam),VN,Power,HydroCap,2027,31141800,31141800,31033625.01258225,31100419.461479794,0.012,0.085,1.6,0.22,56.2,56.2,148764378.60000002,148566703.76748902,127541476.85185187,127372002.54414353,VN_PDP8_BASELINE,VN_NZE_STRESS,Vietnam,increasing_carbon_tax_50,0.03,0.08,0.02,1,2027,0.25
8ff17d64-04ed-4110-a34b-e0d697a87210,VN_ABCD_001_HydroCap_2027,EVN (Electricity of Vietnam) :: HydroCap :: 2027,VN_ABCD_001,EVN (Electricity of Vietnam),VN,Power,HydroCap,2028,NA,31151175.165576205,31042038.62271474,31059038.92295959,0.012,0.085,1.6,0.22,56.3,56.46666666666667,149073948.75486493,149073033.8172317,118339706.81780034,118338980.51080857,VN_PDP8_BASELINE,VN_NZE_STRESS,Vietnam,increasing_carbon_tax_50,0.03,0.08,0.02,1,2027,0.25
8ff17d64-04ed-4110-a34b-e0d697a87210,VN_ABCD_001_HydroCap_2027,EVN (Electricity of Vietnam) :: HydroCap :: 2027,VN_ABCD_001,EVN (Electricity of Vietnam),VN,Power,HydroCap,2029,NA,31159588.775708698,31049490.677403517,31017658.384439386,0.012,0.085,1.6,0.22,56.4,56.733333333333334,149379068.5907475,149577487.9492282,109798074.79712844,109943918.94898446,VN_PDP8_BASELINE,VN_NZE_STRESS,Vietnam,increasing_carbon_tax_50,0.03,0.08,0.02,1,2027,0.25
8ff17d64-04ed-4110-a34b-e0d697a87210,VN_ABCD_001_HydroCap_2027,EVN (Electricity of Vietnam) :: HydroCap :: 2027,VN_ABCD_001,EVN (Electricity of Vietnam),VN,Power,HydroCap,2030,NA,31196127.882569805,31084587.451099057,30976277.84591918,0.012,0.085,1.6,0.22,56.5,57,149819404.1560415,150080066.16347846,101964569.05821066,102141971.24057734,VN_PDP8_BASELINE,VN_NZE_STRESS,Vietnam,increasing_carbon_tax_50,0.03,0.08,0.02,1,2027,0.25
8ff17d64-04ed-4110-a34b-e0d697a87210,VN_ABCD_001_HydroCap_2027,EVN (Electricity of Vietnam) :: HydroCap :: 2027,VN_ABCD_001,EVN (Electricity of Vietnam),VN,Power,HydroCap,2031,NA,NA,NA,NA,0.012,0.085,1.6,0.22,NA,NA,152815792.23916233,153081667.48674804,2546929870.6527057,2551361124.7791343,VN_PDP8_BASELINE,VN_NZE_STRESS,Vietnam,increasing_carbon_tax_50,0.03,0.08,0.02,1,2027,0.25
8ff17d64-04ed-4110-a34b-e0d697a87210,VN_ABCD_001_HydroCap_2028,EVN (Electricity of Vietnam) :: HydroCap :: 2028,VN_ABCD_001,EVN (Electricity of Vietnam),VN,Power,HydroCap,2025,31338900.000000004,31338900.000000004,31338900.000000004,31338900.000000004,0.012,0.085,1.6,0.22,56,56,149173164.00000003,149173164.00000003,149173164.00000003,149173164.00000003,VN_PDP8_BASELINE,VN_NZE_STRESS,Vietnam,increasing_carbon_tax_50,0.03,0.08,0.02,1,2027,0.25
8ff17d64-04ed-4110-a34b-e0d697a87210,VN_ABCD_001_HydroCap_2028,EVN (Electricity of Vietnam) :: HydroCap :: 2028,VN_ABCD_001,EVN (Electricity of Vietnam),VN,Power,HydroCap,2026,31338900.000000004,31338900.000000004,31282196.223473072,31338900.000000004,0.012,0.085,1.6,0.22,56.1,56.1,149439544.65000004,149439544.65000004,138369948.75000003,138369948.75000003,VN_PDP8_BASELINE,VN_NZE_STRESS,Vietnam,increasing_carbon_tax_50,0.03,0.08,0.02,1,2027,0.25
8ff17d64-04ed-4110-a34b-e0d697a87210,VN_ABCD_001_HydroCap_2028,EVN (Electricity of Vietnam) :: HydroCap :: 2028,VN_ABCD_001,EVN (Electricity of Vietnam),VN,Power,HydroCap,2027,31338900.000000004,31338900.000000004,31230040.36076315,31297257.559337266,0.012,0.085,1.6,0.22,56.2,56.2,149705925.30000004,149506999.36095414,128348701.38888891,128178154.45897987,VN_PDP8_BASELINE,VN_NZE_STRESS,Vietnam,increasing_carbon_tax_50,0.03,0.08,0.02,1,2027,0.25
8ff17d64-04ed-4110-a34b-e0d697a87210,VN_ABCD_001_HydroCap_2028,EVN (Electricity of Vietnam) :: HydroCap :: 2028,VN_ABCD_001,EVN (Electricity of Vietnam),VN,Power,HydroCap,2028,31338900.000000004,31338900.000000004,31238507.221592687,31255615.118674528,0.012,0.085,1.6,0.22,56.3,56.46666666666667,149972305.95000002,150016534.03126484,119052851.72325103,119087961.4001175,VN_PDP8_BASELINE,VN_NZE_STRESS,Vietnam,increasing_carbon_tax_50,0.03,0.08,0.02,1,2027,0.25
8ff17d64-04ed-4110-a34b-e0d697a87210,VN_ABCD_001_HydroCap_2028,EVN (Electricity of Vietnam) :: HydroCap :: 2028,VN_ABCD_001,EVN (Electricity of Vietnam),VN,Power,HydroCap,2029,NA,31347366.860829536,31246006.44118456,31213972.678011794,0.012,0.085,1.6,0.22,56.4,56.733333333333334,150279276.7308168,150524180.9109322,110459754.65380974,110639766.5372692,VN_PDP8_BASELINE,VN_NZE_STRESS,Vietnam,increasing_carbon_tax_50,0.03,0.08,0.02,1,2027,0.25
8ff17d64-04ed-4110-a34b-e0d697a87210,VN_ABCD_001_HydroCap_2028,EVN (Electricity of Vietnam) :: HydroCap :: 2028,VN_ABCD_001,EVN (Electricity of Vietnam),VN,Power,HydroCap,2030,NA,31384137.22786065,31281325.346359182,31172330.237349056,0.012,0.085,1.6,0.22,56.5,57,150722319.03680077,151029939.9999562,102579077.75440715,102788439.41298607,VN_PDP8_BASELINE,VN_NZE_STRESS,Vietnam,increasing_carbon_tax_50,0.03,0.08,0.02,1,2027,0.25
8ff17d64-04ed-4110-a34b-e0d697a87210,VN_ABCD_001_HydroCap_2028,EVN (Electricity of Vietnam) :: HydroCap :: 2028,VN_ABCD_001,EVN (Electricity of Vietnam),VN,Power,HydroCap,2031,NA,NA,NA,NA,0.012,0.085,1.6,0.22,NA,NA,153736765.4175368,154050538.7999553,2562279423.625613,2567508979.999255,VN_PDP8_BASELINE,VN_NZE_STRESS,Vietnam,increasing_carbon_tax_50,0.03,0.08,0.02,1,2027,0.25
8ff17d64-04ed-4110-a34b-e0d697a87210,VN_ABCD_001_HydroCap_2029,EVN (Electricity of Vietnam) :: HydroCap :: 2029,VN_ABCD_001,EVN (Electricity of Vietnam),VN,Power,HydroCap,2025,31536000,31536000,31536000,31536000,0.012,0.085,1.6,0.22,56,56,150111360,150111360,150111360,150111360,VN_PDP8_BASELINE,VN_NZE_STRESS,Vietnam,increasing_carbon_tax_50,0.03,0.08,0.02,1,2027,0.25
8ff17d64-04ed-4110-a34b-e0d697a87210,VN_ABCD_001_HydroCap_2029,EVN (Electricity of Vietnam) :: HydroCap :: 2029,VN_ABCD_001,EVN (Electricity of Vietnam),VN,Power,HydroCap,2026,31536000,31536000,31478939.595947746,31536000,0.012,0.085,1.6,0.22,56.1,56.1,150379416,150379416,139240200,139240200,VN_PDP8_BASELINE,VN_NZE_STRESS,Vietnam,increasing_carbon_tax_50,0.03,0.08,0.02,1,2027,0.25
8ff17d64-04ed-4110-a34b-e0d697a87210,VN_ABCD_001_HydroCap_2029,EVN (Electricity of Vietnam) :: HydroCap :: 2029,VN_ABCD_001,EVN (Electricity of Vietnam),VN,Power,HydroCap,2027,31536000,31536000,31426455.708944052,31494095.65719473,0.012,0.085,1.6,0.22,56.2,56.2,150647472,150447294.95441923,129155925.92592591,128984306.37381619,VN_PDP8_BASELINE,VN_NZE_STRESS,Vietnam,increasing_carbon_tax_50,0.03,0.08,0.02,1,2027,0.25
8ff17d64-04ed-4110-a34b-e0d697a87210,VN_ABCD_001_HydroCap_2029,EVN (Electricity of Vietnam) :: HydroCap :: 2029,VN_ABCD_001,EVN (Electricity of Vietnam),VN,Power,HydroCap,2028,31536000,31536000,31434975.820470624,31452191.31438946,0.012,0.085,1.6,0.22,56.3,56.46666666666667,150915528,150960034.24529797,119801611.79698215,119836942.28942643,VN_PDP8_BASELINE,VN_NZE_STRESS,Vietnam,increasing_carbon_tax_50,0.03,0.08,0.02,1,2027,0.25
8ff17d64-04ed-4110-a34b-e0d697a87210,VN_ABCD_001_HydroCap_2029,EVN (Electricity of Vietnam) :: HydroCap :: 2029,VN_ABCD_001,EVN (Electricity of Vietnam),VN,Power,HydroCap,2029,31536000,31536000,31442522.204965588,31410286.971584193,0.012,0.085,1.6,0.22,56.4,56.733333333333334,151183584,151470873.87263617,111124447.49276023,111335614.1255539,VN_PDP8_BASELINE,VN_NZE_STRESS,Vietnam,increasing_carbon_tax_50,0.03,0.08,0.02,1,2027,0.25
8ff17d64-04ed-4110-a34b-e0d697a87210,VN_ABCD_001_HydroCap_2029,EVN (Electricity of Vietnam) :: HydroCap :: 2029,VN_ABCD_001,EVN (Electricity of Vietnam),VN,Power,HydroCap,2030,NA,31573001.627201125,31478063.241619296,31368382.628778923,0.012,0.085,1.6,0.22,56.5,57,151629340.31463343,151979813.8364339,103196381.19545214,103434907.58539477,VN_PDP8_BASELINE,VN_NZE_STRESS,Vietnam,increasing_carbon_tax_50,0.03,0.08,0.02,1,2027,0.25
8ff17d64-04ed-4110-a34b-e0d697a87210,VN_ABCD_001_HydroCap_2029,EVN (Electricity of Vietnam) :: HydroCap :: 2029,VN_ABCD_001,EVN (Electricity of Vietnam),VN,Power,HydroCap,2031,NA,NA,NA,NA,0.012,0.085,1.6,0.22,NA,NA,154661927.1209261,155019410.11316258,2577698785.3487687,2583656835.2193766,VN_PDP8_BASELINE,VN_NZE_STRESS,Vietnam,increasing_carbon_tax_50,0.03,0.08,0.02,1,2027,0.25
8ff17d64-04ed-4110-a34b-e0d697a87210,VN_ABCD_001_HydroCap_2030,EVN (Electricity of Vietnam) :: HydroCap :: 2030,VN_ABCD_001,EVN (Electricity of Vietnam),VN,Power,HydroCap,2025,31930200,31930200,31930200,31930200,0.012,0.085,1.6,0.22,56,56,151987752,151987752,151987752,151987752,VN_PDP8_BASELINE,VN_NZE_STRESS,Vietnam,increasing_carbon_tax_50,0.03,0.08,0.02,1,2027,0.25
8ff17d64-04ed-4110-a34b-e0d697a87210,VN_ABCD_001_HydroCap_2030,EVN (Electricity of Vietnam) :: HydroCap :: 2030,VN_ABCD_001,EVN (Electricity of Vietnam),VN,Power,HydroCap,2026,31930200,31930200,31872426.34089709,31930200,0.012,0.085,1.6,0.22,56.1,56.1,152259158.70000002,152259158.70000002,140980702.5,140980702.5,VN_PDP8_BASELINE,VN_NZE_STRESS,Vietnam,increasing_carbon_tax_50,0.03,0.08,0.02,1,2027,0.25
8ff17d64-04ed-4110-a34b-e0d697a87210,VN_ABCD_001_HydroCap_2030,EVN (Electricity of Vietnam) :: HydroCap :: 2030,VN_ABCD_001,EVN (Electricity of Vietnam),VN,Power,HydroCap,2027,31930200,31930200,31819286.40530585,31887771.852909666,0.012,0.085,1.6,0.22,56.2,56.2,152530565.4,152327886.1413495,130770375,130596610.20348893,VN_PDP8_BASELINE,VN_NZE_STRESS,Vietnam,increasing_carbon_tax_50,0.03,0.08,0.02,1,2027,0.25
8ff17d64-04ed-4110-a34b-e0d697a87210,VN_ABCD_001_HydroCap_2030,EVN (Electricity of Vietnam) :: HydroCap :: 2030,VN_ABCD_001,EVN (Electricity of Vietnam),VN,Power,HydroCap,2028,31930200,31930200,31827913.018226508,31845343.70581933,0.012,0.085,1.6,0.22,56.3,56.46666666666667,152801972.10000002,152847034.6733642,121299131.94444445,121334904.06804426,VN_PDP8_BASELINE,VN_NZE_STRESS,Vietnam,increasing_carbon_tax_50,0.03,0.08,0.02,1,2027,0.25
8ff17d64-04ed-4110-a34b-e0d697a87210,VN_ABCD_001_HydroCap_2030,EVN (Electricity of Vietnam) :: HydroCap :: 2030,VN_ABCD_001,EVN (Electricity of Vietnam),VN,Power,HydroCap,2029,31930200,31930200,31835553.732527662,31802915.558729,0.012,0.085,1.6,0.22,56.4,56.733333333333334,153073378.8,153364259.79604417,112513503.08641973,112727309.30212337,VN_PDP8_BASELINE,VN_NZE_STRESS,Vietnam,increasing_carbon_tax_50,0.03,0.08,0.02,1,2027,0.25
8ff17d64-04ed-4110-a34b-e0d697a87210,VN_ABCD_001_HydroCap_2030,EVN (Electricity of Vietnam) :: HydroCap :: 2030,VN_ABCD_001,EVN (Electricity of Vietnam),VN,Power,HydroCap,2030,31930200,31930200,31871539.03213954,31760487.411638666,0.012,0.085,1.6,0.22,56.5,57,153344785.5,153879561.50938934,104363884.36404508,104727843.93021223,VN_PDP8_BASELINE,VN_NZE_STRESS,Vietnam,increasing_carbon_tax_50,0.03,0.08,0.02,1,2027,0.25
8ff17d64-04ed-4110-a34b-e0d697a87210,VN_ABCD_001_HydroCap_2030,EVN (Electricity of Vietnam) :: HydroCap :: 2030,VN_ABCD_001,EVN (Electricity of Vietnam),VN,Power,HydroCap,2031,NA,NA,NA,NA,0.012,0.085,1.6,0.22,NA,NA,156411681.21,156957152.73957714,2606861353.5,2615952545.6596193,VN_PDP8_BASELINE,VN_NZE_STRESS,Vietnam,increasing_carbon_tax_50,0.03,0.08,0.02,1,2027,0.25
8ff17d64-04ed-4110-a34b-e0d697a87210,VN_ABCD_002_CoalCap_2025,NA,VN_ABCD_002,NA,NA,Power,CoalCap,2025,NA,NA,NA,NA,NA,NA,NA,NA,NA,NA,75889631.99999999,NA,75889631.99999999,NA,VN_PDP8_BASELINE,VN_NZE_STRESS,Vietnam,increasing_carbon_tax_50,0.03,0.08,0.02,1,2027,0.25
8ff17d64-04ed-4110-a34b-e0d697a87210,VN_ABCD_002_CoalCap_2025,NA,VN_ABCD_002,NA,NA,Power,CoalCap,2026,NA,NA,NA,NA,NA,NA,NA,NA,NA,NA,73528417.65480666,NA,68081868.19889505,NA,VN_PDP8_BASELINE,VN_NZE_STRESS,Vietnam,increasing_carbon_tax_50,0.03,0.08,0.02,1,2027,0.25
8ff17d64-04ed-4110-a34b-e0d697a87210,VN_ABCD_002_CoalCap_2025,NA,VN_ABCD_002,NA,NA,Power,CoalCap,2027,NA,NA,NA,NA,NA,NA,NA,NA,NA,NA,68094504.72636466,NA,58380062.35113568,NA,VN_PDP8_BASELINE,VN_NZE_STRESS,Vietnam,increasing_carbon_tax_50,0.03,0.08,0.02,1,2027,0.25
8ff17d64-04ed-4110-a34b-e0d697a87210,VN_ABCD_002_CoalCap_2025,NA,VN_ABCD_002,NA,NA,Power,CoalCap,2028,NA,NA,NA,NA,NA,NA,NA,NA,NA,NA,63929435.333701655,NA,50749246.9181064,NA,VN_PDP8_BASELINE,VN_NZE_STRESS,Vietnam,increasing_carbon_tax_50,0.03,0.08,0.02,1,2027,0.25
8ff17d64-04ed-4110-a34b-e0d697a87210,VN_ABCD_002_CoalCap_2025,NA,VN_ABCD_002,NA,NA,Power,CoalCap,2029,NA,NA,NA,NA,NA,NA,NA,NA,NA,NA,59266170.00875137,NA,43562404.21734209,NA,VN_PDP8_BASELINE,VN_NZE_STRESS,Vietnam,increasing_carbon_tax_50,0.03,0.08,0.02,1,2027,0.25
8ff17d64-04ed-4110-a34b-e0d697a87210,VN_ABCD_002_CoalCap_2025,NA,VN_ABCD_002,NA,NA,Power,CoalCap,2030,NA,NA,NA,NA,NA,NA,NA,NA,NA,NA,54364858.61436464,NA,36999809.28205225,NA,VN_PDP8_BASELINE,VN_NZE_STRESS,Vietnam,increasing_carbon_tax_50,0.03,0.08,0.02,1,2027,0.25
8ff17d64-04ed-4110-a34b-e0d697a87210,VN_ABCD_002_CoalCap_2025,NA,VN_ABCD_002,NA,NA,Power,CoalCap,2031,NA,NA,NA,NA,NA,NA,NA,NA,NA,NA,55452155.78665193,NA,924202596.4441988,NA,VN_PDP8_BASELINE,VN_NZE_STRESS,Vietnam,increasing_carbon_tax_50,0.03,0.08,0.02,1,2027,0.25
8ff17d64-04ed-4110-a34b-e0d697a87210,VN_ABCD_002_CoalCap_2026,Vinacomin Power JSC :: CoalCap :: 2026,VN_ABCD_002,Vinacomin Power JSC,VN,Power,CoalCap,2025,15820559.999999998,15820559.999999998,15820559.999999998,15820559.999999998,0.02,0.07,1.85,0.26,68,68,75305865.6,75305865.6,75305865.6,75305865.6,VN_PDP8_BASELINE,VN_NZE_STRESS,Vietnam,increasing_carbon_tax_50,0.03,0.08,0.02,1,2027,0.25
8ff17d64-04ed-4110-a34b-e0d697a87210,VN_ABCD_002_CoalCap_2026,Vinacomin Power JSC :: CoalCap :: 2026,VN_ABCD_002,Vinacomin Power JSC,VN,Power,CoalCap,2026,15255540.000000002,15255540.000000002,13297161.950055249,15255540.000000002,0.02,0.07,1.85,0.26,68.4,68.4,73043525.52000003,73043525.52000003,67632894.00000001,67632894.00000001,VN_PDP8_BASELINE,VN_NZE_STRESS,Vietnam,increasing_carbon_tax_50,0.03,0.08,0.02,1,2027,0.25
8ff17d64-04ed-4110-a34b-e0d697a87210,VN_ABCD_002_CoalCap_2026,Vinacomin Power JSC :: CoalCap :: 2026,VN_ABCD_002,Vinacomin Power JSC,VN,Power,CoalCap,2027,NA,14047318.088950276,10472717.498121548,11772297.336888399,0.02,0.07,1.85,0.26,68.8,68.8,67651883.91638453,27338217.490589086,58000586.34806629,23438115.132535223,VN_PDP8_BASELINE,VN_NZE_STRESS,Vietnam,increasing_carbon_tax_50,0.03,0.08,0.02,1,2027,0.25
8ff17d64-04ed-4110-a34b-e0d697a87210,VN_ABCD_002_CoalCap_2026,Vinacomin Power JSC :: CoalCap :: 2026,VN_ABCD_002,Vinacomin Power JSC,VN,Power,CoalCap,2028,NA,13112990.403314918,7949488.017679557,8289054.673776795,0.02,0.07,1.85,0.26,69.2,65.86666666666666,63519325.51365747,16720404.78612009,50423688.52059635,13273196.40213008,VN_PDP8_BASELINE,VN_NZE_STRESS,Vietnam,increasing_carbon_tax_50,0.03,0.08,0.02,1,2027,0.25
8ff17d64-04ed-4110-a34b-e0d697a87210,VN_ABCD_002_CoalCap_2026,Vinacomin Power JSC :: CoalCap :: 2026,VN_ABCD_002,Vinacomin Power JSC,VN,Power,CoalCap,2029,NA,12087931.74364641,5794115.900817679,4805812.010665191,0.02,0.07,1.85,0.26,69.6,62.93333333333333,58892403.455045305,7690278.321164611,43287674.64239129,5652584.142369379,VN_PDP8_BASELINE,VN_NZE_STRESS,Vietnam,increasing_carbon_tax_50,0.03,0.08,0.02,1,2027,0.25
8ff17d64-04ed-4110-a34b-e0d697a87210,VN_ABCD_002_CoalCap_2026,Vinacomin Power JSC :: CoalCap :: 2026,VN_ABCD_002,Vinacomin Power JSC,VN,Power,CoalCap,2030,NA,11026380.908287294,3931790.002209944,1322569.3475535884,0.02,0.07,1.85,0.26,70,60,54029266.45060775,1542078.595379992,36771410.89434311,1049512.780521034,VN_PDP8_BASELINE,VN_NZE_STRESS,Vietnam,increasing_carbon_tax_50,0.03,0.08,0.02,1,2027,0.25
8ff17d64-04ed-4110-a34b-e0d697a87210,VN_ABCD_002_CoalCap_2026,Vinacomin Power JSC :: CoalCap :: 2026,VN_ABCD_002,Vinacomin Power JSC,VN,Power,CoalCap,2031,NA,NA,NA,NA,0.02,0.07,1.85,0.26,NA,NA,55109851.7796199,1572920.1672875918,918497529.6603317,26215336.121459864,VN_PDP8_BASELINE,VN_NZE_STRESS,Vietnam,increasing_carbon_tax_50,0.03,0.08,0.02,1,2027,0.25
8ff17d64-04ed-4110-a34b-e0d697a87210,VN_ABCD_002_CoalCap_2027,Vinacomin Power JSC :: CoalCap :: 2027,VN_ABCD_002,Vinacomin Power JSC,VN,Power,CoalCap,2025,15636600,15636600,15636600,15636600,0.02,0.07,1.85,0.26,68,68,74430216,74430216,74430216,74430216,VN_PDP8_BASELINE,VN_NZE_STRESS,Vietnam,increasing_carbon_tax_50,0.03,0.08,0.02,1,2027,0.25
8ff17d64-04ed-4110-a34b-e0d697a87210,VN_ABCD_002_CoalCap_2027,Vinacomin Power JSC :: CoalCap :: 2027,VN_ABCD_002,Vinacomin Power JSC,VN,Power,CoalCap,2026,15078150,15078150,13142543.787845302,15078150,0.02,0.07,1.85,0.26,68.4,68.4,72194182.20000002,72194182.20000002,66846465.000000015,66846465.000000015,VN_PDP8_BASELINE,VN_NZE_STRESS,Vietnam,increasing_carbon_tax_50,0.03,0.08,0.02,1,2027,0.25
8ff17d64-04ed-4110-a34b-e0d697a87210,VN_ABCD_002_CoalCap_2027,Vinacomin Power JSC :: CoalCap :: 2027,VN_ABCD_002,Vinacomin Power JSC,VN,Power,CoalCap,2027,14519700,14519700,10350941.713259669,11635410.158552486,0.02,0.07,1.85,0.26,68.8,68.8,69926875.2,27020331.240698513,59951024.69135802,23165578.91006388,VN_PDP8_BASELINE,VN_NZE_STRESS,Vietnam,increasing_carbon_tax_50,0.03,0.08,0.02,1,2027,0.25
8ff17d64-04ed-4110-a34b-e0d697a87210,VN_ABCD_002_CoalCap_2027,Vinacomin Power JSC :: CoalCap :: 2027,VN_ABCD_002,Vinacomin Power JSC,VN,Power,CoalCap,2028,NA,13596236.589779006,7857052.110497238,8192670.317104973,0.02,0.07,1.85,0.26,69.2,65.86666666666666,65860170.04088951,16525981.474653581,52281926.37752875,13118856.909082059,VN_PDP8_BASELINE,VN_NZE_STRESS,Vietnam,increasing_carbon_tax_50,0.03,0.08,0.02,1,2027,0.25
8ff17d64-04ed-4110-a34b-e0d697a87210,VN_ABCD_002_CoalCap_2027,Vinacomin Power JSC :: CoalCap :: 2027,VN_ABCD_002,Vinacomin Power JSC,VN,Power,CoalCap,2029,NA,12583097.216850828,5726742.460110497,4749930.475657459,0.02,0.07,1.85,0.26,69.6,62.93333333333333,61304849.64049724,7600856.480220841,45060894.60696338,5586856.419783693,VN_PDP8_BASELINE,VN_NZE_STRESS,Vietnam,increasing_carbon_tax_50,0.03,0.08,0.02,1,2027,0.25
8ff17d64-04ed-4110-a34b-e0d697a87210,VN_ABCD_002_CoalCap_2027,Vinacomin Power JSC :: CoalCap :: 2027,VN_ABCD_002,Vinacomin Power JSC,VN,Power,CoalCap,2030,NA,11533889.995856352,3886071.513812155,1307190.6342099458,0.02,0.07,1.85,0.26,70,60,56516060.979696125,1524147.4489220893,38463881.465316124,1037309.1435382342,VN_PDP8_BASELINE,VN_NZE_STRESS,Vietnam,increasing_carbon_tax_50,0.03,0.08,0.02,1,2027,0.25
8ff17d64-04ed-4110-a34b-e0d697a87210,VN_ABCD_002_CoalCap_2027,Vinacomin Power JSC :: CoalCap :: 2027,VN_ABCD_002,Vinacomin Power JSC,VN,Power,CoalCap,2031,NA,NA,NA,NA,0.02,0.07,1.85,0.26,NA,NA,57646382.199290045,1554630.397900531,960773036.6548342,25910506.63167552,VN_PDP8_BASELINE,VN_NZE_STRESS,Vietnam,increasing_carbon_tax_50,0.03,0.08,0.02,1,2027,0.25
8ff17d64-04ed-4110-a34b-e0d697a87210,VN_ABCD_002_CoalCap_2028,Vinacomin Power JSC :: CoalCap :: 2028,VN_ABCD_002,Vinacomin Power JSC,VN,Power,CoalCap,2025,15330000,15330000,15330000,15330000,0.02,0.07,1.85,0.26,68,68,72970800,72970800,72970800,72970800,VN_PDP8_BASELINE,VN_NZE_STRESS,Vietnam,increasing_carbon_tax_50,0.03,0.08,0.02,1,2027,0.25
8ff17d64-04ed-4110-a34b-e0d697a87210,VN_ABCD_002_CoalCap_2028,Vinacomin Power JSC :: CoalCap :: 2028,VN_ABCD_002,Vinacomin Power JSC,VN,Power,CoalCap,2026,14782500,14782500,12884846.85082873,14782500,0.02,0.07,1.85,0.26,68.4,68.4,70778610.00000001,70778610.00000001,65535750.00000001,65535750.00000001,VN_PDP8_BASELINE,VN_NZE_STRESS,Vietnam,increasing_carbon_tax_50,0.03,0.08,0.02,1,2027,0.25
8ff17d64-04ed-4110-a34b-e0d697a87210,VN_ABCD_002_CoalCap_2028,Vinacomin Power JSC :: CoalCap :: 2028,VN_ABCD_002,Vinacomin Power JSC,VN,Power,CoalCap,2027,14235000,14235000,10147982.071823204,11407264.861325966,0.02,0.07,1.85,0.26,68.8,68.8,68555760,26490520.824214224,58775514.40329218,22711351.872611646,VN_PDP8_BASELINE,VN_NZE_STRESS,Vietnam,increasing_carbon_tax_50,0.03,0.08,0.02,1,2027,0.25
8ff17d64-04ed-4110-a34b-e0d697a87210,VN_ABCD_002_CoalCap_2028,Vinacomin Power JSC :: CoalCap :: 2028,VN_ABCD_002,Vinacomin Power JSC,VN,Power,CoalCap,2028,13687500,13687500,7702992.265193371,8032029.722651933,0.02,0.07,1.85,0.26,69.2,65.86666666666666,66302250.00000001,16201942.62220939,52632863.70217954,12861624.420668684,VN_PDP8_BASELINE,VN_NZE_STRESS,Vietnam,increasing_carbon_tax_50,0.03,0.08,0.02,1,2027,0.25
8ff17d64-04ed-4110-a34b-e0d697a87210,VN_ABCD_002_CoalCap_2028,Vinacomin Power JSC :: CoalCap :: 2028,VN_ABCD_002,Vinacomin Power JSC,VN,Power,CoalCap,2029,NA,12694226.104972374,5614453.392265193,4656794.5839779,0.02,0.07,1.85,0.26,69.6,62.93333333333333,61846269.5834254,7451820.078647881,45458854.42791494,5477310.215474207,VN_PDP8_BASELINE,VN_NZE_STRESS,Vietnam,increasing_carbon_tax_50,0.03,0.08,0.02,1,2027,0.25
8ff17d64-04ed-4110-a34b-e0d697a87210,VN_ABCD_002_CoalCap_2028,Vinacomin Power JSC :: CoalCap :: 2028,VN_ABCD_002,Vinacomin Power JSC,VN,Power,CoalCap,2030,NA,11665591.574585633,3809874.0331491707,1281559.4453038666,0.02,0.07,1.85,0.26,70,60,57161398.71546961,1494262.204825576,38903087.48469537,1016969.748566895,VN_PDP8_BASELINE,VN_NZE_STRESS,Vietnam,increasing_carbon_tax_50,0.03,0.08,0.02,1,2027,0.25
8ff17d64-04ed-4110-a34b-e0d697a87210,VN_ABCD_002_CoalCap_2028,Vinacomin Power JSC :: CoalCap :: 2028,VN_ABCD_002,Vinacomin Power JSC,VN,Power,CoalCap,2031,NA,NA,NA,NA,0.02,0.07,1.85,0.26,NA,NA,58304626.689779006,1524147.4489220874,971743778.1629834,25402457.48203479,VN_PDP8_BASELINE,VN_NZE_STRESS,Vietnam,increasing_carbon_tax_50,0.03,0.08,0.02,1,2027,0.25
8ff17d64-04ed-4110-a34b-e0d697a87210,VN_ABCD_002_CoalCap_2029,Vinacomin Power JSC :: CoalCap :: 2029,VN_ABCD_002,Vinacomin Power JSC,VN,Power,CoalCap,2025,15084720,15084720,15084720,15084720,0.02,0.07,1.85,0.26,68,68,71803267.2,71803267.2,71803267.2,71803267.2,VN_PDP8_BASELINE,VN_NZE_STRESS,Vietnam,increasing_carbon_tax_50,0.03,0.08,0.02,1,2027,0.25
8ff17d64-04ed-4110-a34b-e0d697a87210,VN_ABCD_002_CoalCap_2029,Vinacomin Power JSC :: CoalCap :: 2029,VN_ABCD_002,Vinacomin Power JSC,VN,Power,CoalCap,2026,14545980,14545980,12678689.30121547,14545980,0.02,0.07,1.85,0.26,68.4,68.4,69646152.24000001,69646152.24000001,64487178.00000001,64487178.00000001,VN_PDP8_BASELINE,VN_NZE_STRESS,Vietnam,increasing_carbon_tax_50,0.03,0.08,0.02,1,2027,0.25
8ff17d64-04ed-4110-a34b-e0d697a87210,VN_ABCD_002_CoalCap_2029,Vinacomin Power JSC :: CoalCap :: 2029,VN_ABCD_002,Vinacomin Power JSC,VN,Power,CoalCap,2027,14007240,14007240,9985614.358674034,11224748.62354475,0.02,0.07,1.85,0.26,68.8,68.8,67458867.84,26066672.491026796,57835106.17283951,22347970.242649857,VN_PDP8_BASELINE,VN_NZE_STRESS,Vietnam,increasing_carbon_tax_50,0.03,0.08,0.02,1,2027,0.25
8ff17d64-04ed-4110-a34b-e0d697a87210,VN_ABCD_002_CoalCap_2029,Vinacomin Power JSC :: CoalCap :: 2029,VN_ABCD_002,Vinacomin Power JSC,VN,Power,CoalCap,2028,13468500,13468500,7579744.388950275,7903517.247089502,0.02,0.07,1.85,0.26,69.2,65.86666666666666,65241414.00000001,15942711.54025404,51790737.88294467,12655838.429937985,VN_PDP8_BASELINE,VN_NZE_STRESS,Vietnam,increasing_carbon_tax_50,0.03,0.08,0.02,1,2027,0.25
8ff17d64-04ed-4110-a34b-e0d697a87210,VN_ABCD_002_CoalCap_2029,Vinacomin Power JSC :: CoalCap :: 2029,VN_ABCD_002,Vinacomin Power JSC,VN,Power,CoalCap,2029,12929760,12929760,5524622.13798895,4582285.870634254,0.02,0.07,1.85,0.26,69.6,62.93333333333333,62993790.72,7332590.957389516,46302316.72001218,5389673.25202662,VN_PDP8_BASELINE,VN_NZE_STRESS,Vietnam,increasing_carbon_tax_50,0.03,0.08,0.02,1,2027,0.25
8ff17d64-04ed-4110-a34b-e0d697a87210,VN_ABCD_002_CoalCap_2029,Vinacomin Power JSC :: CoalCap :: 2029,VN_ABCD_002,Vinacomin Power JSC,VN,Power,CoalCap,2030,NA,11917583.622099446,3748916.048618784,1261054.4941790048,0.02,0.07,1.85,0.26,70,60,58396159.74828729,1470354.0095483668,39743445.09598312,1000698.2325898247,VN_PDP8_BASELINE,VN_NZE_STRESS,Vietnam,increasing_carbon_tax_50,0.03,0.08,0.02,1,2027,0.25
8ff17d64-04ed-4110-a34b-e0d697a87210,VN_ABCD_002_CoalCap_2029,Vinacomin Power JSC :: CoalCap :: 2029,VN_ABCD_002,Vinacomin Power JSC,VN,Power,CoalCap,2031,NA,NA,NA,NA,0.02,0.07,1.85,0.26,NA,NA,59564082.94325304,1499761.089739334,992734715.7208841,24996018.162322234,VN_PDP8_BASELINE,VN_NZE_STRESS,Vietnam,increasing_carbon_tax_50,0.03,0.08,0.02,1,2027,0.25
8ff17d64-04ed-4110-a34b-e0d697a87210,VN_ABCD_002_CoalCap_2030,Vinacomin Power JSC :: CoalCap :: 2030,VN_ABCD_002,Vinacomin Power JSC,VN,Power,CoalCap,2025,14716800,14716800,14716800,14716800,0.02,0.07,1.85,0.26,68,68,70051968,70051968,70051968,70051968,VN_PDP8_BASELINE,VN_NZE_STRESS,Vietnam,increasing_carbon_tax_50,0.03,0.08,0.02,1,2027,0.25
8ff17d64-04ed-4110-a34b-e0d697a87210,VN_ABCD_002_CoalCap_2030,Vinacomin Power JSC :: CoalCap :: 2030,VN_ABCD_002,Vinacomin Power JSC,VN,Power,CoalCap,2026,14191200,14191200,12369452.976795578,14191200,0.02,0.07,1.85,0.26,68.4,68.4,67947465.60000001,67947465.60000001,62914320.00000001,62914320.00000001,VN_PDP8_BASELINE,VN_NZE_STRESS,Vietnam,increasing_carbon_tax_50,0.03,0.08,0.02,1,2027,0.25
8ff17d64-04ed-4110-a34b-e0d697a87210,VN_ABCD_002_CoalCap_2030,Vinacomin Power JSC :: CoalCap :: 2030,VN_ABCD_002,Vinacomin Power JSC,VN,Power,CoalCap,2027,13665600,13665600,9742062.788950277,10950974.266872928,0.02,0.07,1.85,0.26,68.8,68.8,65813529.60000001,25430899.991245657,56424493.8271605,21802897.79770718,VN_PDP8_BASELINE,VN_NZE_STRESS,Vietnam,increasing_carbon_tax_50,0.03,0.08,0.02,1,2027,0.25
8ff17d64-04ed-4110-a34b-e0d697a87210,VN_ABCD_002_CoalCap_2030,Vinacomin Power JSC :: CoalCap :: 2030,VN_ABCD_002,Vinacomin Power JSC,VN,Power,CoalCap,2028,13140000,13140000,7394872.574585634,7710748.533745855,0.02,0.07,1.85,0.26,69.2,65.86666666666666,63650160.00000001,15553864.917321013,50527549.154092364,12347159.443841934,VN_PDP8_BASELINE,VN_NZE_STRESS,Vietnam,increasing_carbon_tax_50,0.03,0.08,0.02,1,2027,0.25
8ff17d64-04ed-4110-a34b-e0d697a87210,VN_ABCD_002_CoalCap_2030,Vinacomin Power JSC :: CoalCap :: 2030,VN_ABCD_002,Vinacomin Power JSC,VN,Power,CoalCap,2029,12614400,12614400,5389875.256574585,4470522.800618783,0.02,0.07,1.85,0.26,69.6,62.93333333333333,61457356.8,7153747.275501963,45172991.9219631,5258217.806855236,VN_PDP8_BASELINE,VN_NZE_STRESS,Vietnam,increasing_carbon_tax_50,0.03,0.08,0.02,1,2027,0.25
8ff17d64-04ed-4110-a34b-e0d697a87210,VN_ABCD_002_CoalCap_2030,Vinacomin Power JSC :: CoalCap :: 2030,VN_ABCD_002,Vinacomin Power JSC,VN,Power,CoalCap,2030,12088800,12088800,3657479.071823204,1230297.0674917102,0.02,0.07,1.85,0.26,70,60,59235120.00000001,1434491.7166325508,40314427.346278004,976290.9586242178,VN_PDP8_BASELINE,VN_NZE_STRESS,Vietnam,increasing_carbon_tax_50,0.03,0.08,0.02,1,2027,0.25
8ff17d64-04ed-4110-a34b-e0d697a87210,VN_ABCD_002_CoalCap_2030,Vinacomin Power JSC :: CoalCap :: 2030,VN_ABCD_002,Vinacomin Power JSC,VN,Power,CoalCap,2031,NA,NA,NA,NA,0.02,0.07,1.85,0.26,NA,NA,60419822.400000006,1463181.5509652018,1006997040.0000001,24386359.182753365,VN_PDP8_BASELINE,VN_NZE_STRESS,Vietnam,increasing_carbon_tax_50,0.03,0.08,0.02,1,2027,0.25
8ff17d64-04ed-4110-a34b-e0d697a87210,VN_ABCD_003_CoalCap_2025,NA,VN_ABCD_003,NA,NA,Power,CoalCap,2025,NA,NA,NA,NA,NA,NA,NA,NA,NA,NA,45033408,NA,45033408,NA,VN_PDP8_BASELINE,VN_NZE_STRESS,Vietnam,increasing_carbon_tax_50,0.03,0.08,0.02,1,2027,0.25
8ff17d64-04ed-4110-a34b-e0d697a87210,VN_ABCD_003_CoalCap_2025,NA,VN_ABCD_003,NA,NA,Power,CoalCap,2026,NA,NA,NA,NA,NA,NA,NA,NA,NA,NA,43632247.83911603,NA,40400229.48066299,NA,VN_PDP8_BASELINE,VN_NZE_STRESS,Vietnam,increasing_carbon_tax_50,0.03,0.08,0.02,1,2027,0.25
8ff17d64-04ed-4110-a34b-e0d697a87210,VN_ABCD_003_CoalCap_2025,NA,VN_ABCD_003,NA,NA,Power,CoalCap,2027,NA,NA,NA,NA,NA,NA,NA,NA,NA,NA,40407728.07938121,NA,34643113.92265193,NA,VN_PDP8_BASELINE,VN_NZE_STRESS,Vietnam,increasing_carbon_tax_50,0.03,0.08,0.02,1,2027,0.25
8ff17d64-04ed-4110-a34b-e0d697a87210,VN_ABCD_003_CoalCap_2025,NA,VN_ABCD_003,NA,NA,Power,CoalCap,2028,NA,NA,NA,NA,NA,NA,NA,NA,NA,NA,37936148.439779006,NA,30114937.73162358,NA,VN_PDP8_BASELINE,VN_NZE_STRESS,Vietnam,increasing_carbon_tax_50,0.03,0.08,0.02,1,2027,0.25
8ff17d64-04ed-4110-a34b-e0d697a87210,VN_ABCD_003_CoalCap_2025,NA,VN_ABCD_003,NA,NA,Power,CoalCap,2029,NA,NA,NA,NA,NA,NA,NA,NA,NA,NA,35168936.04914916,NA,25850217.887213986,NA,VN_PDP8_BASELINE,VN_NZE_STRESS,Vietnam,increasing_carbon_tax_50,0.03,0.08,0.02,1,2027,0.25
8ff17d64-04ed-4110-a34b-e0d697a87210,VN_ABCD_003_CoalCap_2025,NA,VN_ABCD_003,NA,NA,Power,CoalCap,2030,NA,NA,NA,NA,NA,NA,NA,NA,NA,NA,32260465.55138121,NA,21955930.782756276,NA,VN_PDP8_BASELINE,VN_NZE_STRESS,Vietnam,increasing_carbon_tax_50,0.03,0.08,0.02,1,2027,0.25
8ff17d64-04ed-4110-a34b-e0d697a87210,VN_ABCD_003_CoalCap_2025,NA,VN_ABCD_003,NA,NA,Power,CoalCap,2031,NA,NA,NA,NA,NA,NA,NA,NA,NA,NA,32905674.862408835,NA,548427914.3734806,NA,VN_PDP8_BASELINE,VN_NZE_STRESS,Vietnam,increasing_carbon_tax_50,0.03,0.08,0.02,1,2027,0.25
8ff17d64-04ed-4110-a34b-e0d697a87210,VN_ABCD_003_CoalCap_2026,International Power Mong Duong :: CoalCap :: 2026,VN_ABCD_003,International Power Mong Duong,VN,Power,CoalCap,2025,7358400,7358400,7358400,7358400,0.024,0.09,2.4,0.2,68,68,45033408,45033408,45033408,45033408,VN_PDP8_BASELINE,VN_NZE_STRESS,Vietnam,increasing_carbon_tax_50,0.03,0.08,0.02,1,2027,0.25
8ff17d64-04ed-4110-a34b-e0d697a87210,VN_ABCD_003_CoalCap_2026,International Power Mong Duong :: CoalCap :: 2026,VN_ABCD_003,International Power Mong Duong,VN,Power,CoalCap,2026,7095600,7095600,6184726.488397789,7095600,0.024,0.09,2.4,0.2,68.4,68.4,43680513.6,43680513.6,40444920,40444920,VN_PDP8_BASELINE,VN_NZE_STRESS,Vietnam,increasing_carbon_tax_50,0.03,0.08,0.02,1,2027,0.25
8ff17d64-04ed-4110-a34b-e0d697a87210,VN_ABCD_003_CoalCap_2026,International Power Mong Duong :: CoalCap :: 2026,VN_ABCD_003,International Power Mong Duong,VN,Power,CoalCap,2027,NA,6533636.320441988,4871031.394475139,5475487.133436464,0.024,0.09,2.4,0.2,68.8,68.8,40456276.09617679,16348435.70865792,34684736.022099435,14016148.584240329,VN_PDP8_BASELINE,VN_NZE_STRESS,Vietnam,increasing_carbon_tax_50,0.03,0.08,0.02,1,2027,0.25
8ff17d64-04ed-4110-a34b-e0d697a87210,VN_ABCD_003_CoalCap_2026,International Power Mong Duong :: CoalCap :: 2026,VN_ABCD_003,International Power Mong Duong,VN,Power,CoalCap,2028,NA,6099065.303867403,3697436.287292817,3855374.2668729275,0.024,0.09,2.4,0.2,69.2,65.86666666666666,37984978.712486185,9998913.161134936,30153700.776436344,7937459.642469814,VN_PDP8_BASELINE,VN_NZE_STRESS,Vietnam,increasing_carbon_tax_50,0.03,0.08,0.02,1,2027,0.25
8ff17d64-04ed-4110-a34b-e0d697a87210,VN_ABCD_003_CoalCap_2026,International Power Mong Duong :: CoalCap :: 2026,VN_ABCD_003,International Power Mong Duong,VN,Power,CoalCap,2029,NA,5622293.834254143,2694937.6282872926,2235261.4003093913,0.024,0.09,2.4,0.2,69.6,62.93333333333333,35218048.577767946,4598837.5342512615,25886317.061895113,3380282.8758355086,VN_PDP8_BASELINE,VN_NZE_STRESS,Vietnam,increasing_carbon_tax_50,0.03,0.08,0.02,1,2027,0.25
8ff17d64-04ed-4110-a34b-e0d697a87210,VN_ABCD_003_CoalCap_2026,International Power Mong Duong :: CoalCap :: 2026,VN_ABCD_003,International Power Mong Duong,VN,Power,CoalCap,2030,NA,5128549.259668508,1828739.535911602,615148.5337458551,0.024,0.09,2.4,0.2,70,60,32309860.335911598,922173.2464066397,21989548.043128762,627615.6162584256,VN_PDP8_BASELINE,VN_NZE_STRESS,Vietnam,increasing_carbon_tax_50,0.03,0.08,0.02,1,2027,0.25
8ff17d64-04ed-4110-a34b-e0d697a87210,VN_ABCD_003_CoalCap_2026,International Power Mong Duong :: CoalCap :: 2026,VN_ABCD_003,International Power Mong Duong,VN,Power,CoalCap,2031,NA,NA,NA,NA,0.024,0.09,2.4,0.2,NA,NA,32956057.54262983,940616.7113347725,549267625.7104971,15676945.188912876,VN_PDP8_BASELINE,VN_NZE_STRESS,Vietnam,increasing_carbon_tax_50,0.03,0.08,0.02,1,2027,0.25
8ff17d64-04ed-4110-a34b-e0d697a87210,VN_ABCD_003_CoalCap_2027,International Power Mong Duong :: CoalCap :: 2027,VN_ABCD_003,International Power Mong Duong,VN,Power,CoalCap,2025,7358400,7358400,7358400,7358400,0.024,0.09,2.4,0.2,68,68,45033408,45033408,45033408,45033408,VN_PDP8_BASELINE,VN_NZE_STRESS,Vietnam,increasing_carbon_tax_50,0.03,0.08,0.02,1,2027,0.25
8ff17d64-04ed-4110-a34b-e0d697a87210,VN_ABCD_003_CoalCap_2027,International Power Mong Duong :: CoalCap :: 2027,VN_ABCD_003,International Power Mong Duong,VN,Power,CoalCap,2026,7095600,7095600,6184726.488397789,7095600,0.024,0.09,2.4,0.2,68.4,68.4,43680513.6,43680513.6,40444920,40444920,VN_PDP8_BASELINE,VN_NZE_STRESS,Vietnam,increasing_carbon_tax_50,0.03,0.08,0.02,1,2027,0.25
8ff17d64-04ed-4110-a34b-e0d697a87210,VN_ABCD_003_CoalCap_2027,International Power Mong Duong :: CoalCap :: 2027,VN_ABCD_003,International Power Mong Duong,VN,Power,CoalCap,2027,6832800,6832800,4871031.394475139,5475487.133436464,0.024,0.09,2.4,0.2,68.8,68.8,42308697.6,16348435.70865792,36272888.88888889,14016148.584240329,VN_PDP8_BASELINE,VN_NZE_STRESS,Vietnam,increasing_carbon_tax_50,0.03,0.08,0.02,1,2027,0.25
8ff17d64-04ed-4110-a34b-e0d697a87210,VN_ABCD_003_CoalCap_2027,International Power Mong Duong :: CoalCap :: 2027,VN_ABCD_003,International Power Mong Duong,VN,Power,CoalCap,2028,NA,6398228.983425415,3697436.287292817,3855374.2668729275,0.024,0.09,2.4,0.2,69.2,65.86666666666666,39848170.108773485,9998913.161134936,31632762.17800059,7937459.642469814,VN_PDP8_BASELINE,VN_NZE_STRESS,Vietnam,increasing_carbon_tax_50,0.03,0.08,0.02,1,2027,0.25
8ff17d64-04ed-4110-a34b-e0d697a87210,VN_ABCD_003_CoalCap_2027,International Power Mong Duong :: CoalCap :: 2027,VN_ABCD_003,International Power Mong Duong,VN,Power,CoalCap,2029,NA,5921457.5138121545,2694937.6282872926,2235261.4003093913,0.024,0.09,2.4,0.2,69.6,62.93333333333333,37092009.86651933,4598837.5342512615,27263734.552112296,3380282.8758355086,VN_PDP8_BASELINE,VN_NZE_STRESS,Vietnam,increasing_carbon_tax_50,0.03,0.08,0.02,1,2027,0.25
8ff17d64-04ed-4110-a34b-e0d697a87210,VN_ABCD_003_CoalCap_2027,International Power Mong Duong :: CoalCap :: 2027,VN_ABCD_003,International Power Mong Duong,VN,Power,CoalCap,2030,NA,5427712.939226519,1828739.535911602,615148.5337458551,0.024,0.09,2.4,0.2,70,60,34194591.51712707,922173.2464066397,23272264.415989585,627615.6162584256,VN_PDP8_BASELINE,VN_NZE_STRESS,Vietnam,increasing_carbon_tax_50,0.03,0.08,0.02,1,2027,0.25
8ff17d64-04ed-4110-a34b-e0d697a87210,VN_ABCD_003_CoalCap_2027,International Power Mong Duong :: CoalCap :: 2027,VN_ABCD_003,International Power Mong Duong,VN,Power,CoalCap,2031,NA,NA,NA,NA,0.024,0.09,2.4,0.2,NA,NA,34878483.347469606,940616.7113347725,581308055.7911601,15676945.188912876,VN_PDP8_BASELINE,VN_NZE_STRESS,Vietnam,increasing_carbon_tax_50,0.03,0.08,0.02,1,2027,0.25
8ff17d64-04ed-4110-a34b-e0d697a87210,VN_ABCD_003_CoalCap_2028,International Power Mong Duong :: CoalCap :: 2028,VN_ABCD_003,International Power Mong Duong,VN,Power,CoalCap,2025,7358400,7358400,7358400,7358400,0.024,0.09,2.4,0.2,68,68,45033408,45033408,45033408,45033408,VN_PDP8_BASELINE,VN_NZE_STRESS,Vietnam,increasing_carbon_tax_50,0.03,0.08,0.02,1,2027,0.25
8ff17d64-04ed-4110-a34b-e0d697a87210,VN_ABCD_003_CoalCap_2028,International Power Mong Duong :: CoalCap :: 2028,VN_ABCD_003,International Power Mong Duong,VN,Power,CoalCap,2026,7095600,7095600,6184726.488397789,7095600,0.024,0.09,2.4,0.2,68.4,68.4,43680513.6,43680513.6,40444920,40444920,VN_PDP8_BASELINE,VN_NZE_STRESS,Vietnam,increasing_carbon_tax_50,0.03,0.08,0.02,1,2027,0.25
8ff17d64-04ed-4110-a34b-e0d697a87210,VN_ABCD_003_CoalCap_2028,International Power Mong Duong :: CoalCap :: 2028,VN_ABCD_003,International Power Mong Duong,VN,Power,CoalCap,2027,6832800,6832800,4871031.394475139,5475487.133436464,0.024,0.09,2.4,0.2,68.8,68.8,42308697.6,16348435.70865792,36272888.88888889,14016148.584240329,VN_PDP8_BASELINE,VN_NZE_STRESS,Vietnam,increasing_carbon_tax_50,0.03,0.08,0.02,1,2027,0.25
8ff17d64-04ed-4110-a34b-e0d697a87210,VN_ABCD_003_CoalCap_2028,International Power Mong Duong :: CoalCap :: 2028,VN_ABCD_003,International Power Mong Duong,VN,Power,CoalCap,2028,6570000,6570000,3697436.287292817,3855374.2668729275,0.024,0.09,2.4,0.2,69.2,65.86666666666666,40917960,9998913.161134936,32481995.884773657,7937459.642469814,VN_PDP8_BASELINE,VN_NZE_STRESS,Vietnam,increasing_carbon_tax_50,0.03,0.08,0.02,1,2027,0.25
8ff17d64-04ed-4110-a34b-e0d697a87210,VN_ABCD_003_CoalCap_2028,International Power Mong Duong :: CoalCap :: 2028,VN_ABCD_003,International Power Mong Duong,VN,Power,CoalCap,2029,NA,6093228.530386739,2694937.6282872926,2235261.4003093913,0.024,0.09,2.4,0.2,69.6,62.93333333333333,38167983.51434253,4598837.5342512615,28054607.304084644,3380282.8758355086,VN_PDP8_BASELINE,VN_NZE_STRESS,Vietnam,increasing_carbon_tax_50,0.03,0.08,0.02,1,2027,0.25
8ff17d64-04ed-4110-a34b-e0d697a87210,VN_ABCD_003_CoalCap_2028,International Power Mong Duong :: CoalCap :: 2028,VN_ABCD_003,International Power Mong Duong,VN,Power,CoalCap,2030,NA,5599483.955801104,1828739.535911602,615148.5337458551,0.024,0.09,2.4,0.2,70,60,35276748.92154695,922173.2464066397,24008762.561983418,627615.6162584256,VN_PDP8_BASELINE,VN_NZE_STRESS,Vietnam,increasing_carbon_tax_50,0.03,0.08,0.02,1,2027,0.25
8ff17d64-04ed-4110-a34b-e0d697a87210,VN_ABCD_003_CoalCap_2028,International Power Mong Duong :: CoalCap :: 2028,VN_ABCD_003,International Power Mong Duong,VN,Power,CoalCap,2031,NA,NA,NA,NA,0.024,0.09,2.4,0.2,NA,NA,35982283.89997789,940616.7113347725,599704731.6662983,15676945.188912876,VN_PDP8_BASELINE,VN_NZE_STRESS,Vietnam,increasing_carbon_tax_50,0.03,0.08,0.02,1,2027,0.25
8ff17d64-04ed-4110-a34b-e0d697a87210,VN_ABCD_003_CoalCap_2029,International Power Mong Duong :: CoalCap :: 2029,VN_ABCD_003,International Power Mong Duong,VN,Power,CoalCap,2025,7358400,7358400,7358400,7358400,0.024,0.09,2.4,0.2,68,68,45033408,45033408,45033408,45033408,VN_PDP8_BASELINE,VN_NZE_STRESS,Vietnam,increasing_carbon_tax_50,0.03,0.08,0.02,1,2027,0.25
8ff17d64-04ed-4110-a34b-e0d697a87210,VN_ABCD_003_CoalCap_2029,International Power Mong Duong :: CoalCap :: 2029,VN_ABCD_003,International Power Mong Duong,VN,Power,CoalCap,2026,7095600,7095600,6184726.488397789,7095600,0.024,0.09,2.4,0.2,68.4,68.4,43680513.6,43680513.6,40444920,40444920,VN_PDP8_BASELINE,VN_NZE_STRESS,Vietnam,increasing_carbon_tax_50,0.03,0.08,0.02,1,2027,0.25
8ff17d64-04ed-4110-a34b-e0d697a87210,VN_ABCD_003_CoalCap_2029,International Power Mong Duong :: CoalCap :: 2029,VN_ABCD_003,International Power Mong Duong,VN,Power,CoalCap,2027,6832800,6832800,4871031.394475139,5475487.133436464,0.024,0.09,2.4,0.2,68.8,68.8,42308697.6,16348435.70865792,36272888.88888889,14016148.584240329,VN_PDP8_BASELINE,VN_NZE_STRESS,Vietnam,increasing_carbon_tax_50,0.03,0.08,0.02,1,2027,0.25
8ff17d64-04ed-4110-a34b-e0d697a87210,VN_ABCD_003_CoalCap_2029,International Power Mong Duong :: CoalCap :: 2029,VN_ABCD_003,International Power Mong Duong,VN,Power,CoalCap,2028,6570000,6570000,3697436.287292817,3855374.2668729275,0.024,0.09,2.4,0.2,69.2,65.86666666666666,40917960,9998913.161134936,32481995.884773657,7937459.642469814,VN_PDP8_BASELINE,VN_NZE_STRESS,Vietnam,increasing_carbon_tax_50,0.03,0.08,0.02,1,2027,0.25
8ff17d64-04ed-4110-a34b-e0d697a87210,VN_ABCD_003_CoalCap_2029,International Power Mong Duong :: CoalCap :: 2029,VN_ABCD_003,International Power Mong Duong,VN,Power,CoalCap,2029,6307200,6307200,2694937.6282872926,2235261.4003093913,0.024,0.09,2.4,0.2,69.6,62.93333333333333,39508300.79999999,4598837.5342512615,29039780.52126199,3380282.8758355086,VN_PDP8_BASELINE,VN_NZE_STRESS,Vietnam,increasing_carbon_tax_50,0.03,0.08,0.02,1,2027,0.25
8ff17d64-04ed-4110-a34b-e0d697a87210,VN_ABCD_003_CoalCap_2029,International Power Mong Duong :: CoalCap :: 2029,VN_ABCD_003,International Power Mong Duong,VN,Power,CoalCap,2030,NA,5813455.425414365,1828739.535911602,615148.5337458551,0.024,0.09,2.4,0.2,70,60,36624769.1801105,922173.2464066397,24926202.499222863,627615.6162584256,VN_PDP8_BASELINE,VN_NZE_STRESS,Vietnam,increasing_carbon_tax_50,0.03,0.08,0.02,1,2027,0.25
8ff17d64-04ed-4110-a34b-e0d697a87210,VN_ABCD_003_CoalCap_2029,International Power Mong Duong :: CoalCap :: 2029,VN_ABCD_003,International Power Mong Duong,VN,Power,CoalCap,2031,NA,NA,NA,NA,0.024,0.09,2.4,0.2,NA,NA,37357264.56371271,940616.7113347725,622621076.0618784,15676945.188912876,VN_PDP8_BASELINE,VN_NZE_STRESS,Vietnam,increasing_carbon_tax_50,0.03,0.08,0.02,1,2027,0.25
8ff17d64-04ed-4110-a34b-e0d697a87210,VN_ABCD_003_CoalCap_2030,International Power Mong Duong :: CoalCap :: 2030,VN_ABCD_003,International Power Mong Duong,VN,Power,CoalCap,2025,7358400,7358400,7358400,7358400,0.024,0.09,2.4,0.2,68,68,45033408,45033408,45033408,45033408,VN_PDP8_BASELINE,VN_NZE_STRESS,Vietnam,increasing_carbon_tax_50,0.03,0.08,0.02,1,2027,0.25
8ff17d64-04ed-4110-a34b-e0d697a87210,VN_ABCD_003_CoalCap_2030,International Power Mong Duong :: CoalCap :: 2030,VN_ABCD_003,International Power Mong Duong,VN,Power,CoalCap,2026,7095600,7095600,6184726.488397789,7095600,0.024,0.09,2.4,0.2,68.4,68.4,43680513.6,43680513.6,40444920,40444920,VN_PDP8_BASELINE,VN_NZE_STRESS,Vietnam,increasing_carbon_tax_50,0.03,0.08,0.02,1,2027,0.25
8ff17d64-04ed-4110-a34b-e0d697a87210,VN_ABCD_003_CoalCap_2030,International Power Mong Duong :: CoalCap :: 2030,VN_ABCD_003,International Power Mong Duong,VN,Power,CoalCap,2027,6832800,6832800,4871031.394475139,5475487.133436464,0.024,0.09,2.4,0.2,68.8,68.8,42308697.6,16348435.70865792,36272888.88888889,14016148.584240329,VN_PDP8_BASELINE,VN_NZE_STRESS,Vietnam,increasing_carbon_tax_50,0.03,0.08,0.02,1,2027,0.25
8ff17d64-04ed-4110-a34b-e0d697a87210,VN_ABCD_003_CoalCap_2030,International Power Mong Duong :: CoalCap :: 2030,VN_ABCD_003,International Power Mong Duong,VN,Power,CoalCap,2028,6570000,6570000,3697436.287292817,3855374.2668729275,0.024,0.09,2.4,0.2,69.2,65.86666666666666,40917960,9998913.161134936,32481995.884773657,7937459.642469814,VN_PDP8_BASELINE,VN_NZE_STRESS,Vietnam,increasing_carbon_tax_50,0.03,0.08,0.02,1,2027,0.25
8ff17d64-04ed-4110-a34b-e0d697a87210,VN_ABCD_003_CoalCap_2030,International Power Mong Duong :: CoalCap :: 2030,VN_ABCD_003,International Power Mong Duong,VN,Power,CoalCap,2029,6307200,6307200,2694937.6282872926,2235261.4003093913,0.024,0.09,2.4,0.2,69.6,62.93333333333333,39508300.79999999,4598837.5342512615,29039780.52126199,3380282.8758355086,VN_PDP8_BASELINE,VN_NZE_STRESS,Vietnam,increasing_carbon_tax_50,0.03,0.08,0.02,1,2027,0.25
8ff17d64-04ed-4110-a34b-e0d697a87210,VN_ABCD_003_CoalCap_2030,International Power Mong Duong :: CoalCap :: 2030,VN_ABCD_003,International Power Mong Duong,VN,Power,CoalCap,2030,6044400,6044400,1828739.535911602,615148.5337458551,0.024,0.09,2.4,0.2,70,60,38079720,922173.2464066397,25916417.579750143,627615.6162584256,VN_PDP8_BASELINE,VN_NZE_STRESS,Vietnam,increasing_carbon_tax_50,0.03,0.08,0.02,1,2027,0.25
8ff17d64-04ed-4110-a34b-e0d697a87210,VN_ABCD_003_CoalCap_2030,International Power Mong Duong :: CoalCap :: 2030,VN_ABCD_003,International Power Mong Duong,VN,Power,CoalCap,2031,NA,NA,NA,NA,0.024,0.09,2.4,0.2,NA,NA,38841314.4,940616.7113347725,647355240,15676945.188912876,VN_PDP8_BASELINE,VN_NZE_STRESS,Vietnam,increasing_carbon_tax_50,0.03,0.08,0.02,1,2027,0.25
8ff17d64-04ed-4110-a34b-e0d697a87210,VN_ABCD_004_CoalCap_2025,NA,VN_ABCD_004,NA,NA,Power,CoalCap,2025,NA,NA,NA,NA,NA,NA,NA,NA,NA,NA,23767632,NA,23767632,NA,VN_PDP8_BASELINE,VN_NZE_STRESS,Vietnam,increasing_carbon_tax_50,0.03,0.08,0.02,1,2027,0.25
8ff17d64-04ed-4110-a34b-e0d697a87210,VN_ABCD_004_CoalCap_2025,NA,VN_ABCD_004,NA,NA,Power,CoalCap,2026,NA,NA,NA,NA,NA,NA,NA,NA,NA,NA,23028130.803977907,NA,21322343.33701658,NA,VN_PDP8_BASELINE,VN_NZE_STRESS,Vietnam,increasing_carbon_tax_50,0.03,0.08,0.02,1,2027,0.25
8ff17d64-04ed-4110-a34b-e0d697a87210,VN_ABCD_004_CoalCap_2025,NA,VN_ABCD_004,NA,NA,Power,CoalCap,2027,NA,NA,NA,NA,NA,NA,NA,NA,NA,NA,21326300.930784527,NA,18283865.68139963,NA,VN_PDP8_BASELINE,VN_NZE_STRESS,Vietnam,increasing_carbon_tax_50,0.03,0.08,0.02,1,2027,0.25
8ff17d64-04ed-4110-a34b-e0d697a87210,VN_ABCD_004_CoalCap_2025,NA,VN_ABCD_004,NA,NA,Power,CoalCap,2028,NA,NA,NA,NA,NA,NA,NA,NA,NA,NA,20021856.12099448,NA,15893994.913912447,NA,VN_PDP8_BASELINE,VN_NZE_STRESS,Vietnam,increasing_carbon_tax_50,0.03,0.08,0.02,1,2027,0.25
8ff17d64-04ed-4110-a34b-e0d697a87210,VN_ABCD_004_CoalCap_2025,NA,VN_ABCD_004,NA,NA,Power,CoalCap,2029,NA,NA,NA,NA,NA,NA,NA,NA,NA,NA,18561382.914828725,NA,13643170.55158516,NA,VN_PDP8_BASELINE,VN_NZE_STRESS,Vietnam,increasing_carbon_tax_50,0.03,0.08,0.02,1,2027,0.25
8ff17d64-04ed-4110-a34b-e0d697a87210,VN_ABCD_004_CoalCap_2025,NA,VN_ABCD_004,NA,NA,Power,CoalCap,2030,NA,NA,NA,NA,NA,NA,NA,NA,NA,NA,17026356.818784527,NA,11587852.357565813,NA,VN_PDP8_BASELINE,VN_NZE_STRESS,Vietnam,increasing_carbon_tax_50,0.03,0.08,0.02,1,2027,0.25
8ff17d64-04ed-4110-a34b-e0d697a87210,VN_ABCD_004_CoalCap_2025,NA,VN_ABCD_004,NA,NA,Power,CoalCap,2031,NA,NA,NA,NA,NA,NA,NA,NA,NA,NA,17366883.95516022,NA,289448065.919337,NA,VN_PDP8_BASELINE,VN_NZE_STRESS,Vietnam,increasing_carbon_tax_50,0.03,0.08,0.02,1,2027,0.25
8ff17d64-04ed-4110-a34b-e0d697a87210,VN_ABCD_004_CoalCap_2026,PVN Power Corporation :: CoalCap :: 2026,VN_ABCD_004,PVN Power Corporation,VN,Power,CoalCap,2025,3679200,3679200,3679200,3679200,0.015,0.095,1.45,0.21,68,68,23767632,23767632,23767632,23767632,VN_PDP8_BASELINE,VN_NZE_STRESS,Vietnam,increasing_carbon_tax_50,0.03,0.08,0.02,1,2027,0.25
8ff17d64-04ed-4110-a34b-e0d697a87210,VN_ABCD_004_CoalCap_2026,PVN Power Corporation :: CoalCap :: 2026,VN_ABCD_004,PVN Power Corporation,VN,Power,CoalCap,2026,3547800,3547800,3092363.2441988946,3547800,0.015,0.095,1.45,0.21,68.4,68.4,23053604.400000002,23053604.400000002,21345930,21345930,VN_PDP8_BASELINE,VN_NZE_STRESS,Vietnam,increasing_carbon_tax_50,0.03,0.08,0.02,1,2027,0.25
8ff17d64-04ed-4110-a34b-e0d697a87210,VN_ABCD_004_CoalCap_2026,PVN Power Corporation :: CoalCap :: 2026,VN_ABCD_004,PVN Power Corporation,VN,Power,CoalCap,2027,NA,3266818.160220994,2435515.6972375694,2737743.566718232,0.015,0.095,1.45,0.21,68.8,68.8,21351923.49520442,8628341.068458347,18305832.900552485,7397411.752793507,VN_PDP8_BASELINE,VN_NZE_STRESS,Vietnam,increasing_carbon_tax_50,0.03,0.08,0.02,1,2027,0.25
8ff17d64-04ed-4110-a34b-e0d697a87210,VN_ABCD_004_CoalCap_2026,PVN Power Corporation :: CoalCap :: 2026,VN_ABCD_004,PVN Power Corporation,VN,Power,CoalCap,2028,NA,3049532.6519337017,1848718.1436464086,1927687.1334364638,0.015,0.095,1.45,0.21,69.2,65.86666666666666,20047627.653812155,5277204.168376772,15914453.187563628,4189214.811303513,VN_PDP8_BASELINE,VN_NZE_STRESS,Vietnam,increasing_carbon_tax_50,0.03,0.08,0.02,1,2027,0.25
8ff17d64-04ed-4110-a34b-e0d697a87210,VN_ABCD_004_CoalCap_2026,PVN Power Corporation :: CoalCap :: 2026,VN_ABCD_004,PVN Power Corporation,VN,Power,CoalCap,2029,NA,2811146.9171270714,1347468.8141436463,1117630.7001546957,0.015,0.095,1.45,0.21,69.6,62.93333333333333,18587303.416044194,2427164.254188166,13662222.893777978,1784038.1844687408,VN_PDP8_BASELINE,VN_NZE_STRESS,Vietnam,increasing_carbon_tax_50,0.03,0.08,0.02,1,2027,0.25
8ff17d64-04ed-4110-a34b-e0d697a87210,VN_ABCD_004_CoalCap_2026,PVN Power Corporation :: CoalCap :: 2026,VN_ABCD_004,PVN Power Corporation,VN,Power,CoalCap,2030,NA,2564274.629834254,914369.767955801,307574.26687292755,0.015,0.095,1.45,0.21,70,60,17052426.28839779,486702.54671461537,11605594.80054018,331241.5752475024,VN_PDP8_BASELINE,VN_NZE_STRESS,Vietnam,increasing_carbon_tax_50,0.03,0.08,0.02,1,2027,0.25
8ff17d64-04ed-4110-a34b-e0d697a87210,VN_ABCD_004_CoalCap_2026,PVN Power Corporation :: CoalCap :: 2026,VN_ABCD_004,PVN Power Corporation,VN,Power,CoalCap,2031,NA,NA,NA,NA,0.015,0.095,1.45,0.21,NA,NA,17393474.814165745,496436.5976489077,289891246.9027624,8273943.294148462,VN_PDP8_BASELINE,VN_NZE_STRESS,Vietnam,increasing_carbon_tax_50,0.03,0.08,0.02,1,2027,0.25
8ff17d64-04ed-4110-a34b-e0d697a87210,VN_ABCD_004_CoalCap_2027,PVN Power Corporation :: CoalCap :: 2027,VN_ABCD_004,PVN Power Corporation,VN,Power,CoalCap,2025,3679200,3679200,3679200,3679200,0.015,0.095,1.45,0.21,68,68,23767632,23767632,23767632,23767632,VN_PDP8_BASELINE,VN_NZE_STRESS,Vietnam,increasing_carbon_tax_50,0.03,0.08,0.02,1,2027,0.25
8ff17d64-04ed-4110-a34b-e0d697a87210,VN_ABCD_004_CoalCap_2027,PVN Power Corporation :: CoalCap :: 2027,VN_ABCD_004,PVN Power Corporation,VN,Power,CoalCap,2026,3547800,3547800,3092363.2441988946,3547800,0.015,0.095,1.45,0.21,68.4,68.4,23053604.400000002,23053604.400000002,21345930,21345930,VN_PDP8_BASELINE,VN_NZE_STRESS,Vietnam,increasing_carbon_tax_50,0.03,0.08,0.02,1,2027,0.25
8ff17d64-04ed-4110-a34b-e0d697a87210,VN_ABCD_004_CoalCap_2027,PVN Power Corporation :: CoalCap :: 2027,VN_ABCD_004,PVN Power Corporation,VN,Power,CoalCap,2027,3416400,3416400,2435515.6972375694,2737743.566718232,0.015,0.095,1.45,0.21,68.8,68.8,22329590.4,8628341.068458347,19144024.691358022,7397411.752793507,VN_PDP8_BASELINE,VN_NZE_STRESS,Vietnam,increasing_carbon_tax_50,0.03,0.08,0.02,1,2027,0.25
8ff17d64-04ed-4110-a34b-e0d697a87210,VN_ABCD_004_CoalCap_2027,PVN Power Corporation :: CoalCap :: 2027,VN_ABCD_004,PVN Power Corporation,VN,Power,CoalCap,2028,NA,3199114.4917127076,1848718.1436464086,1927687.1334364638,0.015,0.095,1.45,0.21,69.2,65.86666666666666,21030978.66851934,5277204.168376772,16695068.92727809,4189214.811303513,VN_PDP8_BASELINE,VN_NZE_STRESS,Vietnam,increasing_carbon_tax_50,0.03,0.08,0.02,1,2027,0.25
8ff17d64-04ed-4110-a34b-e0d697a87210,VN_ABCD_004_CoalCap_2027,PVN Power Corporation :: CoalCap :: 2027,VN_ABCD_004,PVN Power Corporation,VN,Power,CoalCap,2029,NA,2960728.7569060773,1347468.8141436463,1117630.7001546957,0.015,0.095,1.45,0.21,69.6,62.93333333333333,19576338.54066298,2427164.254188166,14389193.235837046,1784038.1844687408,VN_PDP8_BASELINE,VN_NZE_STRESS,Vietnam,increasing_carbon_tax_50,0.03,0.08,0.02,1,2027,0.25
8ff17d64-04ed-4110-a34b-e0d697a87210,VN_ABCD_004_CoalCap_2027,PVN Power Corporation :: CoalCap :: 2027,VN_ABCD_004,PVN Power Corporation,VN,Power,CoalCap,2030,NA,2713856.4696132597,914369.767955801,307574.26687292755,0.015,0.095,1.45,0.21,70,60,18047145.52292818,486702.54671461537,12282583.99732784,331241.5752475024,VN_PDP8_BASELINE,VN_NZE_STRESS,Vietnam,increasing_carbon_tax_50,0.03,0.08,0.02,1,2027,0.25
8ff17d64-04ed-4110-a34b-e0d697a87210,VN_ABCD_004_CoalCap_2027,PVN Power Corporation :: CoalCap :: 2027,VN_ABCD_004,PVN Power Corporation,VN,Power,CoalCap,2031,NA,NA,NA,NA,0.015,0.095,1.45,0.21,NA,NA,18408088.433386743,496436.5976489077,306801473.8897791,8273943.294148462,VN_PDP8_BASELINE,VN_NZE_STRESS,Vietnam,increasing_carbon_tax_50,0.03,0.08,0.02,1,2027,0.25
8ff17d64-04ed-4110-a34b-e0d697a87210,VN_ABCD_004_CoalCap_2028,PVN Power Corporation :: CoalCap :: 2028,VN_ABCD_004,PVN Power Corporation,VN,Power,CoalCap,2025,3679200,3679200,3679200,3679200,0.015,0.095,1.45,0.21,68,68,23767632,23767632,23767632,23767632,VN_PDP8_BASELINE,VN_NZE_STRESS,Vietnam,increasing_carbon_tax_50,0.03,0.08,0.02,1,2027,0.25
8ff17d64-04ed-4110-a34b-e0d697a87210,VN_ABCD_004_CoalCap_2028,PVN Power Corporation :: CoalCap :: 2028,VN_ABCD_004,PVN Power Corporation,VN,Power,CoalCap,2026,3547800,3547800,3092363.2441988946,3547800,0.015,0.095,1.45,0.21,68.4,68.4,23053604.400000002,23053604.400000002,21345930,21345930,VN_PDP8_BASELINE,VN_NZE_STRESS,Vietnam,increasing_carbon_tax_50,0.03,0.08,0.02,1,2027,0.25
8ff17d64-04ed-4110-a34b-e0d697a87210,VN_ABCD_004_CoalCap_2028,PVN Power Corporation :: CoalCap :: 2028,VN_ABCD_004,PVN Power Corporation,VN,Power,CoalCap,2027,3416400,3416400,2435515.6972375694,2737743.566718232,0.015,0.095,1.45,0.21,68.8,68.8,22329590.4,8628341.068458347,19144024.691358022,7397411.752793507,VN_PDP8_BASELINE,VN_NZE_STRESS,Vietnam,increasing_carbon_tax_50,0.03,0.08,0.02,1,2027,0.25
8ff17d64-04ed-4110-a34b-e0d697a87210,VN_ABCD_004_CoalCap_2028,PVN Power Corporation :: CoalCap :: 2028,VN_ABCD_004,PVN Power Corporation,VN,Power,CoalCap,2028,3285000,3285000,1848718.1436464086,1927687.1334364638,0.015,0.095,1.45,0.21,69.2,65.86666666666666,21595590,5277204.168376772,17143275.605852764,4189214.811303513,VN_PDP8_BASELINE,VN_NZE_STRESS,Vietnam,increasing_carbon_tax_50,0.03,0.08,0.02,1,2027,0.25
8ff17d64-04ed-4110-a34b-e0d697a87210,VN_ABCD_004_CoalCap_2028,PVN Power Corporation :: CoalCap :: 2028,VN_ABCD_004,PVN Power Corporation,VN,Power,CoalCap,2029,NA,3046614.2651933697,1347468.8141436463,1117630.7001546957,0.015,0.095,1.45,0.21,69.6,62.93333333333333,20144213.52145856,2427164.254188166,14806598.299378008,1784038.1844687408,VN_PDP8_BASELINE,VN_NZE_STRESS,Vietnam,increasing_carbon_tax_50,0.03,0.08,0.02,1,2027,0.25
8ff17d64-04ed-4110-a34b-e0d697a87210,VN_ABCD_004_CoalCap_2028,PVN Power Corporation :: CoalCap :: 2028,VN_ABCD_004,PVN Power Corporation,VN,Power,CoalCap,2030,NA,2799741.977900552,914369.767955801,307574.26687292755,0.015,0.095,1.45,0.21,70,60,18618284.15303867,486702.54671461537,12671291.352157917,331241.5752475024,VN_PDP8_BASELINE,VN_NZE_STRESS,Vietnam,increasing_carbon_tax_50,0.03,0.08,0.02,1,2027,0.25
8ff17d64-04ed-4110-a34b-e0d697a87210,VN_ABCD_004_CoalCap_2028,PVN Power Corporation :: CoalCap :: 2028,VN_ABCD_004,PVN Power Corporation,VN,Power,CoalCap,2031,NA,NA,NA,NA,0.015,0.095,1.45,0.21,NA,NA,18990649.836099442,496436.5976489077,316510830.6016574,8273943.294148462,VN_PDP8_BASELINE,VN_NZE_STRESS,Vietnam,increasing_carbon_tax_50,0.03,0.08,0.02,1,2027,0.25
8ff17d64-04ed-4110-a34b-e0d697a87210,VN_ABCD_004_CoalCap_2029,PVN Power Corporation :: CoalCap :: 2029,VN_ABCD_004,PVN Power Corporation,VN,Power,CoalCap,2025,3679200,3679200,3679200,3679200,0.015,0.095,1.45,0.21,68,68,23767632,23767632,23767632,23767632,VN_PDP8_BASELINE,VN_NZE_STRESS,Vietnam,increasing_carbon_tax_50,0.03,0.08,0.02,1,2027,0.25
8ff17d64-04ed-4110-a34b-e0d697a87210,VN_ABCD_004_CoalCap_2029,PVN Power Corporation :: CoalCap :: 2029,VN_ABCD_004,PVN Power Corporation,VN,Power,CoalCap,2026,3547800,3547800,3092363.2441988946,3547800,0.015,0.095,1.45,0.21,68.4,68.4,23053604.400000002,23053604.400000002,21345930,21345930,VN_PDP8_BASELINE,VN_NZE_STRESS,Vietnam,increasing_carbon_tax_50,0.03,0.08,0.02,1,2027,0.25
8ff17d64-04ed-4110-a34b-e0d697a87210,VN_ABCD_004_CoalCap_2029,PVN Power Corporation :: CoalCap :: 2029,VN_ABCD_004,PVN Power Corporation,VN,Power,CoalCap,2027,3416400,3416400,2435515.6972375694,2737743.566718232,0.015,0.095,1.45,0.21,68.8,68.8,22329590.4,8628341.068458347,19144024.691358022,7397411.752793507,VN_PDP8_BASELINE,VN_NZE_STRESS,Vietnam,increasing_carbon_tax_50,0.03,0.08,0.02,1,2027,0.25
8ff17d64-04ed-4110-a34b-e0d697a87210,VN_ABCD_004_CoalCap_2029,PVN Power Corporation :: CoalCap :: 2029,VN_ABCD_004,PVN Power Corporation,VN,Power,CoalCap,2028,3285000,3285000,1848718.1436464086,1927687.1334364638,0.015,0.095,1.45,0.21,69.2,65.86666666666666,21595590,5277204.168376772,17143275.605852764,4189214.811303513,VN_PDP8_BASELINE,VN_NZE_STRESS,Vietnam,increasing_carbon_tax_50,0.03,0.08,0.02,1,2027,0.25
8ff17d64-04ed-4110-a34b-e0d697a87210,VN_ABCD_004_CoalCap_2029,PVN Power Corporation :: CoalCap :: 2029,VN_ABCD_004,PVN Power Corporation,VN,Power,CoalCap,2029,3153600,3153600,1347468.8141436463,1117630.7001546957,0.015,0.095,1.45,0.21,69.6,62.93333333333333,20851603.2,2427164.254188166,15326550.830666052,1784038.1844687408,VN_PDP8_BASELINE,VN_NZE_STRESS,Vietnam,increasing_carbon_tax_50,0.03,0.08,0.02,1,2027,0.25
8ff17d64-04ed-4110-a34b-e0d697a87210,VN_ABCD_004_CoalCap_2029,PVN Power Corporation :: CoalCap :: 2029,VN_ABCD_004,PVN Power Corporation,VN,Power,CoalCap,2030,NA,2906727.7127071824,914369.767955801,307574.26687292755,0.015,0.095,1.45,0.21,70,60,19329739.289502762,486702.54671461537,13155495.763478734,331241.5752475024,VN_PDP8_BASELINE,VN_NZE_STRESS,Vietnam,increasing_carbon_tax_50,0.03,0.08,0.02,1,2027,0.25
8ff17d64-04ed-4110-a34b-e0d697a87210,VN_ABCD_004_CoalCap_2029,PVN Power Corporation :: CoalCap :: 2029,VN_ABCD_004,PVN Power Corporation,VN,Power,CoalCap,2031,NA,NA,NA,NA,0.015,0.095,1.45,0.21,NA,NA,19716334.07529282,496436.5976489077,328605567.921547,8273943.294148462,VN_PDP8_BASELINE,VN_NZE_STRESS,Vietnam,increasing_carbon_tax_50,0.03,0.08,0.02,1,2027,0.25
8ff17d64-04ed-4110-a34b-e0d697a87210,VN_ABCD_004_CoalCap_2030,PVN Power Corporation :: CoalCap :: 2030,VN_ABCD_004,PVN Power Corporation,VN,Power,CoalCap,2025,3679200,3679200,3679200,3679200,0.015,0.095,1.45,0.21,68,68,23767632,23767632,23767632,23767632,VN_PDP8_BASELINE,VN_NZE_STRESS,Vietnam,increasing_carbon_tax_50,0.03,0.08,0.02,1,2027,0.25
8ff17d64-04ed-4110-a34b-e0d697a87210,VN_ABCD_004_CoalCap_2030,PVN Power Corporation :: CoalCap :: 2030,VN_ABCD_004,PVN Power Corporation,VN,Power,CoalCap,2026,3547800,3547800,3092363.2441988946,3547800,0.015,0.095,1.45,0.21,68.4,68.4,23053604.400000002,23053604.400000002,21345930,21345930,VN_PDP8_BASELINE,VN_NZE_STRESS,Vietnam,increasing_carbon_tax_50,0.03,0.08,0.02,1,2027,0.25
8ff17d64-04ed-4110-a34b-e0d697a87210,VN_ABCD_004_CoalCap_2030,PVN Power Corporation :: CoalCap :: 2030,VN_ABCD_004,PVN Power Corporation,VN,Power,CoalCap,2027,3416400,3416400,2435515.6972375694,2737743.566718232,0.015,0.095,1.45,0.21,68.8,68.8,22329590.4,8628341.068458347,19144024.691358022,7397411.752793507,VN_PDP8_BASELINE,VN_NZE_STRESS,Vietnam,increasing_carbon_tax_50,0.03,0.08,0.02,1,2027,0.25
8ff17d64-04ed-4110-a34b-e0d697a87210,VN_ABCD_004_CoalCap_2030,PVN Power Corporation :: CoalCap :: 2030,VN_ABCD_004,PVN Power Corporation,VN,Power,CoalCap,2028,3285000,3285000,1848718.1436464086,1927687.1334364638,0.015,0.095,1.45,0.21,69.2,65.86666666666666,21595590,5277204.168376772,17143275.605852764,4189214.811303513,VN_PDP8_BASELINE,VN_NZE_STRESS,Vietnam,increasing_carbon_tax_50,0.03,0.08,0.02,1,2027,0.25
8ff17d64-04ed-4110-a34b-e0d697a87210,VN_ABCD_004_CoalCap_2030,PVN Power Corporation :: CoalCap :: 2030,VN_ABCD_004,PVN Power Corporation,VN,Power,CoalCap,2029,3153600,3153600,1347468.8141436463,1117630.7001546957,0.015,0.095,1.45,0.21,69.6,62.93333333333333,20851603.2,2427164.254188166,15326550.830666052,1784038.1844687408,VN_PDP8_BASELINE,VN_NZE_STRESS,Vietnam,increasing_carbon_tax_50,0.03,0.08,0.02,1,2027,0.25
8ff17d64-04ed-4110-a34b-e0d697a87210,VN_ABCD_004_CoalCap_2030,PVN Power Corporation :: CoalCap :: 2030,VN_ABCD_004,PVN Power Corporation,VN,Power,CoalCap,2030,3022200,3022200,914369.767955801,307574.26687292755,0.015,0.095,1.45,0.21,70,60,20097630,486702.54671461537,13678109.278201463,331241.5752475024,VN_PDP8_BASELINE,VN_NZE_STRESS,Vietnam,increasing_carbon_tax_50,0.03,0.08,0.02,1,2027,0.25
8ff17d64-04ed-4110-a34b-e0d697a87210,VN_ABCD_004_CoalCap_2030,PVN Power Corporation :: CoalCap :: 2030,VN_ABCD_004,PVN Power Corporation,VN,Power,CoalCap,2031,NA,NA,NA,NA,0.015,0.095,1.45,0.21,NA,NA,20499582.6,496436.5976489077,341659710.00000006,8273943.294148462,VN_PDP8_BASELINE,VN_NZE_STRESS,Vietnam,increasing_carbon_tax_50,0.03,0.08,0.02,1,2027,0.25
8ff17d64-04ed-4110-a34b-e0d697a87210,VN_ABCD_004_GasCap_2025,NA,VN_ABCD_004,NA,NA,Power,GasCap,2025,NA,NA,NA,NA,NA,NA,NA,NA,NA,NA,115342920,NA,115342920,NA,VN_PDP8_BASELINE,VN_NZE_STRESS,Vietnam,increasing_carbon_tax_50,0.03,0.08,0.02,1,2027,0.25
8ff17d64-04ed-4110-a34b-e0d697a87210,VN_ABCD_004_GasCap_2025,NA,VN_ABCD_004,NA,NA,Power,GasCap,2026,NA,NA,NA,NA,NA,NA,NA,NA,NA,NA,132789933.64223999,NA,122953642.26133332,NA,VN_PDP8_BASELINE,VN_NZE_STRESS,Vietnam,increasing_carbon_tax_50,0.03,0.08,0.02,1,2027,0.25
8ff17d64-04ed-4110-a34b-e0d697a87210,VN_ABCD_004_GasCap_2025,NA,VN_ABCD_004,NA,NA,Power,GasCap,2027,NA,NA,NA,NA,NA,NA,NA,NA,NA,NA,174113115.68447998,NA,149273933.19999996,NA,VN_PDP8_BASELINE,VN_NZE_STRESS,Vietnam,increasing_carbon_tax_50,0.03,0.08,0.02,1,2027,0.25
8ff17d64-04ed-4110-a34b-e0d697a87210,VN_ABCD_004_GasCap_2025,NA,VN_ABCD_004,NA,NA,Power,GasCap,2028,NA,NA,NA,NA,NA,NA,NA,NA,NA,NA,217360074.87936,NA,172547435.3497942,NA,VN_PDP8_BASELINE,VN_NZE_STRESS,Vietnam,increasing_carbon_tax_50,0.03,0.08,0.02,1,2027,0.25
8ff17d64-04ed-4110-a34b-e0d697a87210,VN_ABCD_004_GasCap_2025,NA,VN_ABCD_004,NA,NA,Power,GasCap,2029,NA,NA,NA,NA,NA,NA,NA,NA,NA,NA,255154749.59519997,NA,187546358.03527573,NA,VN_PDP8_BASELINE,VN_NZE_STRESS,Vietnam,increasing_carbon_tax_50,0.03,0.08,0.02,1,2027,0.25
8ff17d64-04ed-4110-a34b-e0d697a87210,VN_ABCD_004_GasCap_2025,NA,VN_ABCD_004,NA,NA,Power,GasCap,2030,NA,NA,NA,NA,NA,NA,NA,NA,NA,NA,305405976.96000004,NA,207854176.1926535,NA,VN_PDP8_BASELINE,VN_NZE_STRESS,Vietnam,increasing_carbon_tax_50,0.03,0.08,0.02,1,2027,0.25
8ff17d64-04ed-4110-a34b-e0d697a87210,VN_ABCD_004_GasCap_2025,NA,VN_ABCD_004,NA,NA,Power,GasCap,2031,NA,NA,NA,NA,NA,NA,NA,NA,NA,NA,311514096.49920005,NA,5191901608.320001,NA,VN_PDP8_BASELINE,VN_NZE_STRESS,Vietnam,increasing_carbon_tax_50,0.03,0.08,0.02,1,2027,0.25
8ff17d64-04ed-4110-a34b-e0d697a87210,VN_ABCD_004_GasCap_2026,PVN Power Corporation :: GasCap :: 2026,VN_ABCD_004,PVN Power Corporation,VN,Power,GasCap,2025,21681000,21681000,21681000,21681000,0.015,0.095,1.45,0.21,60,60,123581700,123581700,123581700,123581700,VN_PDP8_BASELINE,VN_NZE_STRESS,Vietnam,increasing_carbon_tax_50,0.03,0.08,0.02,1,2027,0.25
8ff17d64-04ed-4110-a34b-e0d697a87210,VN_ABCD_004_GasCap_2026,PVN Power Corporation :: GasCap :: 2026,VN_ABCD_004,PVN Power Corporation,VN,Power,GasCap,2026,22075200.000000004,22075200.000000004,23168793.789473686,22075200.000000004,0.015,0.095,1.45,0.21,60.6,60.6,127086926.40000002,127086926.40000002,117673080.00000001,117673080.00000001,VN_PDP8_BASELINE,VN_NZE_STRESS,Vietnam,increasing_carbon_tax_50,0.03,0.08,0.02,1,2027,0.25
8ff17d64-04ed-4110-a34b-e0d697a87210,VN_ABCD_004_GasCap_2026,PVN Power Corporation :: GasCap :: 2026,VN_ABCD_004,PVN Power Corporation,VN,Power,GasCap,2027,NA,29448123.15789474,27701471.368421055,25457716.43526316,0.015,0.095,1.45,0.21,61.2,61.2,171211388.04000005,130399486.37971878,146786169.44444448,111796541.82074654,VN_PDP8_BASELINE,VN_NZE_STRESS,Vietnam,increasing_carbon_tax_50,0.03,0.08,0.02,1,2027,0.25
8ff17d64-04ed-4110-a34b-e0d697a87210,VN_ABCD_004_GasCap_2026,PVN Power Corporation :: GasCap :: 2026,VN_ABCD_004,PVN Power Corporation,VN,Power,GasCap,2028,NA,37028962.61052632,30242443.073684208,28840232.870526314,0.015,0.095,1.45,0.21,61.8,60.300000000000004,217397039.48640004,164036534.06101504,172576779.04663923,130217489.44283696,VN_PDP8_BASELINE,VN_NZE_STRESS,Vietnam,increasing_carbon_tax_50,0.03,0.08,0.02,1,2027,0.25
8ff17d64-04ed-4110-a34b-e0d697a87210,VN_ABCD_004_GasCap_2026,PVN Power Corporation :: GasCap :: 2026,VN_ABCD_004,PVN Power Corporation,VN,Power,GasCap,2029,NA,43478569.089473695,31053222.568421055,32222749.30578947,0.015,0.095,1.45,0.21,62.4,59.4,257740957.56240004,187242358.88336825,189447298.09670782,137628723.48730284,VN_PDP8_BASELINE,VN_NZE_STRESS,Vietnam,increasing_carbon_tax_50,0.03,0.08,0.02,1,2027,0.25
8ff17d64-04ed-4110-a34b-e0d697a87210,VN_ABCD_004_GasCap_2026,PVN Power Corporation :: GasCap :: 2026,VN_ABCD_004,PVN Power Corporation,VN,Power,GasCap,2030,NA,52035285.22105264,32035233.55263158,35605265.74105263,0.015,0.095,1.45,0.21,63,58.5,311431182.04800004,219739925.1127283,211954829.5342286,149551300.74917808,VN_PDP8_BASELINE,VN_NZE_STRESS,Vietnam,increasing_carbon_tax_50,0.03,0.08,0.02,1,2027,0.25
8ff17d64-04ed-4110-a34b-e0d697a87210,VN_ABCD_004_GasCap_2026,PVN Power Corporation :: GasCap :: 2026,VN_ABCD_004,PVN Power Corporation,VN,Power,GasCap,2031,NA,NA,NA,NA,0.015,0.095,1.45,0.21,NA,NA,317659805.68896,224134723.61498287,5294330094.816,3735578726.9163814,VN_PDP8_BASELINE,VN_NZE_STRESS,Vietnam,increasing_carbon_tax_50,0.03,0.08,0.02,1,2027,0.25
8ff17d64-04ed-4110-a34b-e0d697a87210,VN_ABCD_004_GasCap_2027,PVN Power Corporation :: GasCap :: 2027,VN_ABCD_004,PVN Power Corporation,VN,Power,GasCap,2025,25053600.000000004,25053600.000000004,25053600.000000004,25053600.000000004,0.015,0.095,1.45,0.21,60,60,142805520.00000003,142805520.00000003,142805520.00000003,142805520.00000003,VN_PDP8_BASELINE,VN_NZE_STRESS,Vietnam,increasing_carbon_tax_50,0.03,0.08,0.02,1,2027,0.25
8ff17d64-04ed-4110-a34b-e0d697a87210,VN_ABCD_004_GasCap_2027,PVN Power Corporation :: GasCap :: 2027,VN_ABCD_004,PVN Power Corporation,VN,Power,GasCap,2026,25509120.000000004,25509120.000000004,26772828.378947373,25509120.000000004,0.015,0.095,1.45,0.21,60.6,60.6,146856003.84000003,146856003.84000003,135977781.33333334,135977781.33333334,VN_PDP8_BASELINE,VN_NZE_STRESS,Vietnam,increasing_carbon_tax_50,0.03,0.08,0.02,1,2027,0.25
8ff17d64-04ed-4110-a34b-e0d697a87210,VN_ABCD_004_GasCap_2027,PVN Power Corporation :: GasCap :: 2027,VN_ABCD_004,PVN Power Corporation,VN,Power,GasCap,2027,25964639.999999996,25964639.999999996,32010589.13684211,29417805.65852632,0.015,0.095,1.45,0.21,61.2,61.2,150958416.95999998,103797997.26367497,129422511.11111107,88990052.52372682,VN_PDP8_BASELINE,VN_NZE_STRESS,Vietnam,increasing_carbon_tax_50,0.03,0.08,0.02,1,2027,0.25
8ff17d64-04ed-4110-a34b-e0d697a87210,VN_ABCD_004_GasCap_2027,PVN Power Corporation :: GasCap :: 2027,VN_ABCD_004,PVN Power Corporation,VN,Power,GasCap,2028,NA,34724721.14526315,34946823.10736842,33326491.317052633,0.015,0.095,1.45,0.21,61.8,60.300000000000004,203868837.84383994,143356972.43228397,161837656.41975302,113801386.69178665,VN_PDP8_BASELINE,VN_NZE_STRESS,Vietnam,increasing_carbon_tax_50,0.03,0.08,0.02,1,2027,0.25
8ff17d64-04ed-4110-a34b-e0d697a87210,VN_ABCD_004_GasCap_2027,PVN Power Corporation :: GasCap :: 2027,VN_ABCD_004,PVN Power Corporation,VN,Power,GasCap,2029,NA,42177599.74315789,35883723.8568421,37235176.97557895,0.015,0.095,1.45,0.21,62.4,59.4,250028811.27743998,170862090.0750032,183778640.3481289,125588736.91632394,VN_PDP8_BASELINE,VN_NZE_STRESS,Vietnam,increasing_carbon_tax_50,0.03,0.08,0.02,1,2027,0.25
8ff17d64-04ed-4110-a34b-e0d697a87210,VN_ABCD_004_GasCap_2027,PVN Power Corporation :: GasCap :: 2027,VN_ABCD_004,PVN Power Corporation,VN,Power,GasCap,2030,NA,52065360.60631578,37018492.10526316,41143862.634105265,0.015,0.095,1.45,0.21,63,58.5,311611183.22879994,209104331.1213748,212077335.31332722,142312894.18818972,VN_PDP8_BASELINE,VN_NZE_STRESS,Vietnam,increasing_carbon_tax_50,0.03,0.08,0.02,1,2027,0.25
8ff17d64-04ed-4110-a34b-e0d697a87210,VN_ABCD_004_GasCap_2027,PVN Power Corporation :: GasCap :: 2027,VN_ABCD_004,PVN Power Corporation,VN,Power,GasCap,2031,NA,NA,NA,NA,0.015,0.095,1.45,0.21,NA,NA,317843406.89337593,213286417.74380228,5297390114.889599,3554773629.0633717,VN_PDP8_BASELINE,VN_NZE_STRESS,Vietnam,increasing_carbon_tax_50,0.03,0.08,0.02,1,2027,0.25
8ff17d64-04ed-4110-a34b-e0d697a87210,VN_ABCD_004_GasCap_2028,PVN Power Corporation :: GasCap :: 2028,VN_ABCD_004,PVN Power Corporation,VN,Power,GasCap,2025,27944400.000000004,27944400.000000004,27944400.000000004,27944400.000000004,0.015,0.095,1.45,0.21,60,60,159283080.00000003,159283080.00000003,159283080.00000003,159283080.00000003,VN_PDP8_BASELINE,VN_NZE_STRESS,Vietnam,increasing_carbon_tax_50,0.03,0.08,0.02,1,2027,0.25
8ff17d64-04ed-4110-a34b-e0d697a87210,VN_ABCD_004_GasCap_2028,PVN Power Corporation :: GasCap :: 2028,VN_ABCD_004,PVN Power Corporation,VN,Power,GasCap,2026,28452480.000000004,28452480.000000004,29862000.88421053,28452480.000000004,0.015,0.095,1.45,0.21,60.6,60.6,163800927.36,163800927.36,151667525.33333334,151667525.33333334,VN_PDP8_BASELINE,VN_NZE_STRESS,Vietnam,increasing_carbon_tax_50,0.03,0.08,0.02,1,2027,0.25
8ff17d64-04ed-4110-a34b-e0d697a87210,VN_ABCD_004_GasCap_2028,PVN Power Corporation :: GasCap :: 2028,VN_ABCD_004,PVN Power Corporation,VN,Power,GasCap,2027,28960559.999999996,28960559.999999996,35704118.65263158,32812167.84989474,0.015,0.095,1.45,0.21,61.2,61.2,168376695.83999997,115774689.25563747,144355877.77777773,99258135.50723375,VN_PDP8_BASELINE,VN_NZE_STRESS,Vietnam,increasing_carbon_tax_50,0.03,0.08,0.02,1,2027,0.25
8ff17d64-04ed-4110-a34b-e0d697a87210,VN_ABCD_004_GasCap_2028,PVN Power Corporation :: GasCap :: 2028,VN_ABCD_004,PVN Power Corporation,VN,Power,GasCap,2028,29468639.999999996,29468639.999999996,38979148.85052631,37171855.69978948,0.015,0.095,1.45,0.21,61.8,60.300000000000004,173010385.43999997,106836327.82452595,137341221.9935985,84810121.53930894,VN_PDP8_BASELINE,VN_NZE_STRESS,Vietnam,increasing_carbon_tax_50,0.03,0.08,0.02,1,2027,0.25
8ff17d64-04ed-4110-a34b-e0d697a87210,VN_ABCD_004_GasCap_2028,PVN Power Corporation :: GasCap :: 2028,VN_ABCD_004,PVN Power Corporation,VN,Power,GasCap,2029,NA,37781466.12842104,40024153.532631576,41531543.54968421,0.015,0.095,1.45,0.21,62.4,59.4,223968531.2092799,138307080.55523887,164623556.52579483,101659833.06122443,VN_PDP8_BASELINE,VN_NZE_STRESS,Vietnam,increasing_carbon_tax_50,0.03,0.08,0.02,1,2027,0.25
8ff17d64-04ed-4110-a34b-e0d697a87210,VN_ABCD_004_GasCap_2028,PVN Power Corporation :: GasCap :: 2028,VN_ABCD_004,PVN Power Corporation,VN,Power,GasCap,2030,NA,48810122.47578947,41289856.57894737,45891231.39957895,0.015,0.095,1.45,0.21,63,58.5,292128583.0176,181753855.54387197,198817804.97505832,123698620.07925928,VN_PDP8_BASELINE,VN_NZE_STRESS,Vietnam,increasing_carbon_tax_50,0.03,0.08,0.02,1,2027,0.25
8ff17d64-04ed-4110-a34b-e0d697a87210,VN_ABCD_004_GasCap_2028,PVN Power Corporation :: GasCap :: 2028,VN_ABCD_004,PVN Power Corporation,VN,Power,GasCap,2031,NA,NA,NA,NA,0.015,0.095,1.45,0.21,NA,NA,297971154.677952,185388932.65474942,4966185911.2992,3089815544.245824,VN_PDP8_BASELINE,VN_NZE_STRESS,Vietnam,increasing_carbon_tax_50,0.03,0.08,0.02,1,2027,0.25
8ff17d64-04ed-4110-a34b-e0d697a87210,VN_ABCD_004_GasCap_2029,PVN Power Corporation :: GasCap :: 2029,VN_ABCD_004,PVN Power Corporation,VN,Power,GasCap,2025,29871600.000000004,29871600.000000004,29871600.000000004,29871600.000000004,0.015,0.095,1.45,0.21,60,60,170268120.00000003,170268120.00000003,170268120.00000003,170268120.00000003,VN_PDP8_BASELINE,VN_NZE_STRESS,Vietnam,increasing_carbon_tax_50,0.03,0.08,0.02,1,2027,0.25
8ff17d64-04ed-4110-a34b-e0d697a87210,VN_ABCD_004_GasCap_2029,PVN Power Corporation :: GasCap :: 2029,VN_ABCD_004,PVN Power Corporation,VN,Power,GasCap,2026,30414720.000000004,30414720.000000004,31921449.22105263,30414720.000000004,0.015,0.095,1.45,0.21,60.6,60.6,175097543.04000002,175097543.04000002,162127354.6666667,162127354.6666667,VN_PDP8_BASELINE,VN_NZE_STRESS,Vietnam,increasing_carbon_tax_50,0.03,0.08,0.02,1,2027,0.25
8ff17d64-04ed-4110-a34b-e0d697a87210,VN_ABCD_004_GasCap_2029,PVN Power Corporation :: GasCap :: 2029,VN_ABCD_004,PVN Power Corporation,VN,Power,GasCap,2027,30957839.999999996,30957839.999999996,38166471.663157895,35075075.97747369,0.015,0.095,1.45,0.21,61.2,61.2,179988881.76,123759150.58361247,154311455.55555552,106103524.16290505,VN_PDP8_BASELINE,VN_NZE_STRESS,Vietnam,increasing_carbon_tax_50,0.03,0.08,0.02,1,2027,0.25
8ff17d64-04ed-4110-a34b-e0d697a87210,VN_ABCD_004_GasCap_2029,PVN Power Corporation :: GasCap :: 2029,VN_ABCD_004,PVN Power Corporation,VN,Power,GasCap,2028,31500959.999999996,31500959.999999996,41667366.01263157,39735431.95494737,0.015,0.095,1.45,0.21,61.8,60.300000000000004,184942136.15999997,114204350.43311396,146813030.40695012,90659095.43857163,VN_PDP8_BASELINE,VN_NZE_STRESS,Vietnam,increasing_carbon_tax_50,0.03,0.08,0.02,1,2027,0.25
8ff17d64-04ed-4110-a34b-e0d697a87210,VN_ABCD_004_GasCap_2029,PVN Power Corporation :: GasCap :: 2029,VN_ABCD_004,PVN Power Corporation,VN,Power,GasCap,2029,32044080,32044080,42784439.983157896,44395787.93242106,0.015,0.095,1.45,0.21,62.4,59.4,189957306.24,100765925.61135614,139624290.843198,74065963.46901347,VN_PDP8_BASELINE,VN_NZE_STRESS,Vietnam,increasing_carbon_tax_50,0.03,0.08,0.02,1,2027,0.25
8ff17d64-04ed-4110-a34b-e0d697a87210,VN_ABCD_004_GasCap_2029,PVN Power Corporation :: GasCap :: 2029,VN_ABCD_004,PVN Power Corporation,VN,Power,GasCap,2030,NA,43833333.336842105,44137432.89473685,49056143.909894735,0.015,0.095,1.45,0.21,63,58.5,262342500.021,147922356.79277003,178545897.38211957,100673470.4987909,VN_PDP8_BASELINE,VN_NZE_STRESS,Vietnam,increasing_carbon_tax_50,0.03,0.08,0.02,1,2027,0.25
8ff17d64-04ed-4110-a34b-e0d697a87210,VN_ABCD_004_GasCap_2029,PVN Power Corporation :: GasCap :: 2029,VN_ABCD_004,PVN Power Corporation,VN,Power,GasCap,2031,NA,NA,NA,NA,0.015,0.095,1.45,0.21,NA,NA,267589350.02142,150880803.92862543,4459822500.357,2514680065.477091,VN_PDP8_BASELINE,VN_NZE_STRESS,Vietnam,increasing_carbon_tax_50,0.03,0.08,0.02,1,2027,0.25
8ff17d64-04ed-4110-a34b-e0d697a87210,VN_ABCD_004_GasCap_2030,PVN Power Corporation :: GasCap :: 2030,VN_ABCD_004,PVN Power Corporation,VN,Power,GasCap,2025,32762400.000000004,32762400.000000004,32762400.000000004,32762400.000000004,0.015,0.095,1.45,0.21,60,60,186745680.00000003,186745680.00000003,186745680.00000003,186745680.00000003,VN_PDP8_BASELINE,VN_NZE_STRESS,Vietnam,increasing_carbon_tax_50,0.03,0.08,0.02,1,2027,0.25
8ff17d64-04ed-4110-a34b-e0d697a87210,VN_ABCD_004_GasCap_2030,PVN Power Corporation :: GasCap :: 2030,VN_ABCD_004,PVN Power Corporation,VN,Power,GasCap,2026,33358080.000000004,33358080.000000004,35010621.7263158,33358080.000000004,0.015,0.095,1.45,0.21,60.6,60.6,192042466.56000003,192042466.56000003,177817098.6666667,177817098.6666667,VN_PDP8_BASELINE,VN_NZE_STRESS,Vietnam,increasing_carbon_tax_50,0.03,0.08,0.02,1,2027,0.25
8ff17d64-04ed-4110-a34b-e0d697a87210,VN_ABCD_004_GasCap_2030,PVN Power Corporation :: GasCap :: 2030,VN_ABCD_004,PVN Power Corporation,VN,Power,GasCap,2027,33953759.99999999,33953759.99999999,41860001.178947374,38469438.16884211,0.015,0.095,1.45,0.21,61.2,61.2,197407160.63999996,135735842.57557496,169244822.22222218,116371607.146412,VN_PDP8_BASELINE,VN_NZE_STRESS,Vietnam,increasing_carbon_tax_50,0.03,0.08,0.02,1,2027,0.25
8ff17d64-04ed-4110-a34b-e0d697a87210,VN_ABCD_004_GasCap_2030,PVN Power Corporation :: GasCap :: 2030,VN_ABCD_004,PVN Power Corporation,VN,Power,GasCap,2028,34549439.99999999,34549439.99999999,45699691.755789466,43580796.337684214,0.015,0.095,1.45,0.21,61.8,60.300000000000004,202839762.23999995,125256384.34599595,161020743.02697754,99432556.28746565,VN_PDP8_BASELINE,VN_NZE_STRESS,Vietnam,increasing_carbon_tax_50,0.03,0.08,0.02,1,2027,0.25
8ff17d64-04ed-4110-a34b-e0d697a87210,VN_ABCD_004_GasCap_2030,PVN Power Corporation :: GasCap :: 2030,VN_ABCD_004,PVN Power Corporation,VN,Power,GasCap,2029,35145120,35145120,46924869.65894737,48692154.50652632,0.015,0.095,1.45,0.21,62.4,59.4,208340271.36,110517466.79955187,153136318.98931393,81233637.35311152,VN_PDP8_BASELINE,VN_NZE_STRESS,Vietnam,increasing_carbon_tax_50,0.03,0.08,0.02,1,2027,0.25
8ff17d64-04ed-4110-a34b-e0d697a87210,VN_ABCD_004_GasCap_2030,PVN Power Corporation :: GasCap :: 2030,VN_ABCD_004,PVN Power Corporation,VN,Power,GasCap,2030,35740800,35740800,48408797.368421055,53803512.67536843,0.015,0.095,1.45,0.21,63,58.5,213908688,93688613.10616714,145582658.75233558,63762895.833453596,VN_PDP8_BASELINE,VN_NZE_STRESS,Vietnam,increasing_carbon_tax_50,0.03,0.08,0.02,1,2027,0.25
8ff17d64-04ed-4110-a34b-e0d697a87210,VN_ABCD_004_GasCap_2030,PVN Power Corporation :: GasCap :: 2030,VN_ABCD_004,PVN Power Corporation,VN,Power,GasCap,2031,NA,NA,NA,NA,0.015,0.095,1.45,0.21,NA,NA,218186861.76,95562385.36829048,3636447696,1592706422.8048415,VN_PDP8_BASELINE,VN_NZE_STRESS,Vietnam,increasing_carbon_tax_50,0.03,0.08,0.02,1,2027,0.25
8ff17d64-04ed-4110-a34b-e0d697a87210,VN_ABCD_005_CoalCap_2025,NA,VN_ABCD_005,NA,NA,Power,CoalCap,2025,NA,NA,NA,NA,NA,NA,NA,NA,NA,NA,46034150.4,NA,46034150.4,NA,VN_PDP8_BASELINE,VN_NZE_STRESS,Vietnam,increasing_carbon_tax_50,0.03,0.08,0.02,1,2027,0.25
8ff17d64-04ed-4110-a34b-e0d697a87210,VN_ABCD_005_CoalCap_2025,NA,VN_ABCD_005,NA,NA,Power,CoalCap,2026,NA,NA,NA,NA,NA,NA,NA,NA,NA,NA,44601853.34665194,NA,41298012.35801105,NA,VN_PDP8_BASELINE,VN_NZE_STRESS,Vietnam,increasing_carbon_tax_50,0.03,0.08,0.02,1,2027,0.25
8ff17d64-04ed-4110-a34b-e0d697a87210,VN_ABCD_005_CoalCap_2025,NA,VN_ABCD_005,NA,NA,Power,CoalCap,2027,NA,NA,NA,NA,NA,NA,NA,NA,NA,NA,41305677.59225635,NA,35412960.89871086,NA,VN_PDP8_BASELINE,VN_NZE_STRESS,Vietnam,increasing_carbon_tax_50,0.03,0.08,0.02,1,2027,0.25
8ff17d64-04ed-4110-a34b-e0d697a87210,VN_ABCD_005_CoalCap_2025,NA,VN_ABCD_005,NA,NA,Power,CoalCap,2028,NA,NA,NA,NA,NA,NA,NA,NA,NA,NA,38779173.96066299,NA,30784158.570104107,NA,VN_PDP8_BASELINE,VN_NZE_STRESS,Vietnam,increasing_carbon_tax_50,0.03,0.08,0.02,1,2027,0.25
8ff17d64-04ed-4110-a34b-e0d697a87210,VN_ABCD_005_CoalCap_2025,NA,VN_ABCD_005,NA,NA,Power,CoalCap,2029,NA,NA,NA,NA,NA,NA,NA,NA,NA,NA,35950467.96135248,NA,26424667.173596524,NA,VN_PDP8_BASELINE,VN_NZE_STRESS,Vietnam,increasing_carbon_tax_50,0.03,0.08,0.02,1,2027,0.25
8ff17d64-04ed-4110-a34b-e0d697a87210,VN_ABCD_005_CoalCap_2025,NA,VN_ABCD_005,NA,NA,Power,CoalCap,2030,NA,NA,NA,NA,NA,NA,NA,NA,NA,NA,32977364.78585635,NA,22443840.355706416,NA,VN_PDP8_BASELINE,VN_NZE_STRESS,Vietnam,increasing_carbon_tax_50,0.03,0.08,0.02,1,2027,0.25
8ff17d64-04ed-4110-a34b-e0d697a87210,VN_ABCD_005_CoalCap_2025,NA,VN_ABCD_005,NA,NA,Power,CoalCap,2031,NA,NA,NA,NA,NA,NA,NA,NA,NA,NA,33636912.08157348,NA,560615201.359558,NA,VN_PDP8_BASELINE,VN_NZE_STRESS,Vietnam,increasing_carbon_tax_50,0.03,0.08,0.02,1,2027,0.25
8ff17d64-04ed-4110-a34b-e0d697a87210,VN_ABCD_005_CoalCap_2026,Nghi Son Power LLC :: CoalCap :: 2026,VN_ABCD_005,Nghi Son Power LLC,VN,Power,CoalCap,2025,7358400,7358400,7358400,7358400,0.023,0.092,2.3,0.19,68,68,46034150.4,46034150.4,46034150.4,46034150.4,VN_PDP8_BASELINE,VN_NZE_STRESS,Vietnam,increasing_carbon_tax_50,0.03,0.08,0.02,1,2027,0.25
8ff17d64-04ed-4110-a34b-e0d697a87210,VN_ABCD_005_CoalCap_2026,Nghi Son Power LLC :: CoalCap :: 2026,VN_ABCD_005,Nghi Son Power LLC,VN,Power,CoalCap,2026,7095600,7095600,6184726.488397789,7095600,0.023,0.092,2.3,0.19,68.4,68.4,44651191.68000001,44651191.68000001,41343696.00000001,41343696.00000001,VN_PDP8_BASELINE,VN_NZE_STRESS,Vietnam,increasing_carbon_tax_50,0.03,0.08,0.02,1,2027,0.25
8ff17d64-04ed-4110-a34b-e0d697a87210,VN_ABCD_005_CoalCap_2026,Nghi Son Power LLC :: CoalCap :: 2026,VN_ABCD_005,Nghi Son Power LLC,VN,Power,CoalCap,2027,NA,6533636.320441988,4871031.394475139,5475487.133436464,0.023,0.092,2.3,0.19,68.8,68.8,41355304.45386961,16711734.27996143,35455507.93370165,14327618.552779002,VN_PDP8_BASELINE,VN_NZE_STRESS,Vietnam,increasing_carbon_tax_50,0.03,0.08,0.02,1,2027,0.25
8ff17d64-04ed-4110-a34b-e0d697a87210,VN_ABCD_005_CoalCap_2026,Nghi Son Power LLC :: CoalCap :: 2026,VN_ABCD_005,Nghi Son Power LLC,VN,Power,CoalCap,2028,NA,6099065.303867403,3697436.287292817,3855374.2668729275,0.023,0.092,2.3,0.19,69.2,65.86666666666666,38829089.350541435,10221111.23138238,30823783.015912708,8113847.634524699,VN_PDP8_BASELINE,VN_NZE_STRESS,Vietnam,increasing_carbon_tax_50,0.03,0.08,0.02,1,2027,0.25
8ff17d64-04ed-4110-a34b-e0d697a87210,VN_ABCD_005_CoalCap_2026,Nghi Son Power LLC :: CoalCap :: 2026,VN_ABCD_005,Nghi Son Power LLC,VN,Power,CoalCap,2029,NA,5622293.834254143,2694937.6282872926,2235261.4003093913,0.023,0.092,2.3,0.19,69.6,62.93333333333333,36000671.87949612,4701033.92390129,26461568.552159447,3455400.273076298,VN_PDP8_BASELINE,VN_NZE_STRESS,Vietnam,increasing_carbon_tax_50,0.03,0.08,0.02,1,2027,0.25
8ff17d64-04ed-4110-a34b-e0d697a87210,VN_ABCD_005_CoalCap_2026,Nghi Son Power LLC :: CoalCap :: 2026,VN_ABCD_005,Nghi Son Power LLC,VN,Power,CoalCap,2030,NA,5128549.259668508,1828739.535911602,615148.5337458551,0.023,0.092,2.3,0.19,70,60,33027857.23226519,942665.9852156761,22478204.6663094,641562.6299530573,VN_PDP8_BASELINE,VN_NZE_STRESS,Vietnam,increasing_carbon_tax_50,0.03,0.08,0.02,1,2027,0.25
8ff17d64-04ed-4110-a34b-e0d697a87210,VN_ABCD_005_CoalCap_2026,Nghi Son Power LLC :: CoalCap :: 2026,VN_ABCD_005,Nghi Son Power LLC,VN,Power,CoalCap,2031,NA,NA,NA,NA,0.023,0.092,2.3,0.19,NA,NA,33688414.37691049,961519.3049199897,561473572.9485083,16025321.748666495,VN_PDP8_BASELINE,VN_NZE_STRESS,Vietnam,increasing_carbon_tax_50,0.03,0.08,0.02,1,2027,0.25
8ff17d64-04ed-4110-a34b-e0d697a87210,VN_ABCD_005_CoalCap_2027,Nghi Son Power LLC :: CoalCap :: 2027,VN_ABCD_005,Nghi Son Power LLC,VN,Power,CoalCap,2025,7358400,7358400,7358400,7358400,0.023,0.092,2.3,0.19,68,68,46034150.4,46034150.4,46034150.4,46034150.4,VN_PDP8_BASELINE,VN_NZE_STRESS,Vietnam,increasing_carbon_tax_50,0.03,0.08,0.02,1,2027,0.25
8ff17d64-04ed-4110-a34b-e0d697a87210,VN_ABCD_005_CoalCap_2027,Nghi Son Power LLC :: CoalCap :: 2027,VN_ABCD_005,Nghi Son Power LLC,VN,Power,CoalCap,2026,7095600,7095600,6184726.488397789,7095600,0.023,0.092,2.3,0.19,68.4,68.4,44651191.68000001,44651191.68000001,41343696.00000001,41343696.00000001,VN_PDP8_BASELINE,VN_NZE_STRESS,Vietnam,increasing_carbon_tax_50,0.03,0.08,0.02,1,2027,0.25
8ff17d64-04ed-4110-a34b-e0d697a87210,VN_ABCD_005_CoalCap_2027,Nghi Son Power LLC :: CoalCap :: 2027,VN_ABCD_005,Nghi Son Power LLC,VN,Power,CoalCap,2027,6832800,6832800,4871031.394475139,5475487.133436464,0.023,0.092,2.3,0.19,68.8,68.8,43248890.88,16711734.27996143,37078953.086419754,14327618.552779002,VN_PDP8_BASELINE,VN_NZE_STRESS,Vietnam,increasing_carbon_tax_50,0.03,0.08,0.02,1,2027,0.25
8ff17d64-04ed-4110-a34b-e0d697a87210,VN_ABCD_005_CoalCap_2027,Nghi Son Power LLC :: CoalCap :: 2027,VN_ABCD_005,Nghi Son Power LLC,VN,Power,CoalCap,2028,NA,6398228.983425415,3697436.287292817,3855374.2668729275,0.023,0.092,2.3,0.19,69.2,65.86666666666666,40733685.000079565,10221111.23138238,32335712.448622826,8113847.634524699,VN_PDP8_BASELINE,VN_NZE_STRESS,Vietnam,increasing_carbon_tax_50,0.03,0.08,0.02,1,2027,0.25
8ff17d64-04ed-4110-a34b-e0d697a87210,VN_ABCD_005_CoalCap_2027,Nghi Son Power LLC :: CoalCap :: 2027,VN_ABCD_005,Nghi Son Power LLC,VN,Power,CoalCap,2029,NA,5921457.5138121545,2694937.6282872926,2235261.4003093913,0.023,0.092,2.3,0.19,69.6,62.93333333333333,37916276.75244199,4701033.92390129,27869595.319937017,3455400.273076298,VN_PDP8_BASELINE,VN_NZE_STRESS,Vietnam,increasing_carbon_tax_50,0.03,0.08,0.02,1,2027,0.25
8ff17d64-04ed-4110-a34b-e0d697a87210,VN_ABCD_005_CoalCap_2027,Nghi Son Power LLC :: CoalCap :: 2027,VN_ABCD_005,Nghi Son Power LLC,VN,Power,CoalCap,2030,NA,5427712.939226519,1828739.535911602,615148.5337458551,0.023,0.092,2.3,0.19,70,60,34954471.32861878,942665.9852156761,23789425.847456023,641562.6299530573,VN_PDP8_BASELINE,VN_NZE_STRESS,Vietnam,increasing_carbon_tax_50,0.03,0.08,0.02,1,2027,0.25
8ff17d64-04ed-4110-a34b-e0d697a87210,VN_ABCD_005_CoalCap_2027,Nghi Son Power LLC :: CoalCap :: 2027,VN_ABCD_005,Nghi Son Power LLC,VN,Power,CoalCap,2031,NA,NA,NA,NA,0.023,0.092,2.3,0.19,NA,NA,35653560.755191155,961519.3049199897,594226012.5865192,16025321.748666495,VN_PDP8_BASELINE,VN_NZE_STRESS,Vietnam,increasing_carbon_tax_50,0.03,0.08,0.02,1,2027,0.25
8ff17d64-04ed-4110-a34b-e0d697a87210,VN_ABCD_005_CoalCap_2028,Nghi Son Power LLC :: CoalCap :: 2028,VN_ABCD_005,Nghi Son Power LLC,VN,Power,CoalCap,2025,7358400,7358400,7358400,7358400,0.023,0.092,2.3,0.19,68,68,46034150.4,46034150.4,46034150.4,46034150.4,VN_PDP8_BASELINE,VN_NZE_STRESS,Vietnam,increasing_carbon_tax_50,0.03,0.08,0.02,1,2027,0.25
8ff17d64-04ed-4110-a34b-e0d697a87210,VN_ABCD_005_CoalCap_2028,Nghi Son Power LLC :: CoalCap :: 2028,VN_ABCD_005,Nghi Son Power LLC,VN,Power,CoalCap,2026,7095600,7095600,6184726.488397789,7095600,0.023,0.092,2.3,0.19,68.4,68.4,44651191.68000001,44651191.68000001,41343696.00000001,41343696.00000001,VN_PDP8_BASELINE,VN_NZE_STRESS,Vietnam,increasing_carbon_tax_50,0.03,0.08,0.02,1,2027,0.25
8ff17d64-04ed-4110-a34b-e0d697a87210,VN_ABCD_005_CoalCap_2028,Nghi Son Power LLC :: CoalCap :: 2028,VN_ABCD_005,Nghi Son Power LLC,VN,Power,CoalCap,2027,6832800,6832800,4871031.394475139,5475487.133436464,0.023,0.092,2.3,0.19,68.8,68.8,43248890.88,16711734.27996143,37078953.086419754,14327618.552779002,VN_PDP8_BASELINE,VN_NZE_STRESS,Vietnam,increasing_carbon_tax_50,0.03,0.08,0.02,1,2027,0.25
8ff17d64-04ed-4110-a34b-e0d697a87210,VN_ABCD_005_CoalCap_2028,Nghi Son Power LLC :: CoalCap :: 2028,VN_ABCD_005,Nghi Son Power LLC,VN,Power,CoalCap,2028,6570000,6570000,3697436.287292817,3855374.2668729275,0.023,0.092,2.3,0.19,69.2,65.86666666666666,41827248,10221111.23138238,33203818.015546408,8113847.634524699,VN_PDP8_BASELINE,VN_NZE_STRESS,Vietnam,increasing_carbon_tax_50,0.03,0.08,0.02,1,2027,0.25
8ff17d64-04ed-4110-a34b-e0d697a87210,VN_ABCD_005_CoalCap_2028,Nghi Son Power LLC :: CoalCap :: 2028,VN_ABCD_005,Nghi Son Power LLC,VN,Power,CoalCap,2029,NA,6093228.530386739,2694937.6282872926,2235261.4003093913,0.023,0.092,2.3,0.19,69.6,62.93333333333333,39016160.92577236,4701033.92390129,28678043.02195319,3455400.273076298,VN_PDP8_BASELINE,VN_NZE_STRESS,Vietnam,increasing_carbon_tax_50,0.03,0.08,0.02,1,2027,0.25
8ff17d64-04ed-4110-a34b-e0d697a87210,VN_ABCD_005_CoalCap_2028,Nghi Son Power LLC :: CoalCap :: 2028,VN_ABCD_005,Nghi Son Power LLC,VN,Power,CoalCap,2030,NA,5599483.955801104,1828739.535911602,615148.5337458551,0.023,0.092,2.3,0.19,70,60,36060676.67535911,942665.9852156761,24542290.618916385,641562.6299530573,VN_PDP8_BASELINE,VN_NZE_STRESS,Vietnam,increasing_carbon_tax_50,0.03,0.08,0.02,1,2027,0.25
8ff17d64-04ed-4110-a34b-e0d697a87210,VN_ABCD_005_CoalCap_2028,Nghi Son Power LLC :: CoalCap :: 2028,VN_ABCD_005,Nghi Son Power LLC,VN,Power,CoalCap,2031,NA,NA,NA,NA,0.023,0.092,2.3,0.19,NA,NA,36781890.20886629,961519.3049199897,613031503.4811049,16025321.748666495,VN_PDP8_BASELINE,VN_NZE_STRESS,Vietnam,increasing_carbon_tax_50,0.03,0.08,0.02,1,2027,0.25
8ff17d64-04ed-4110-a34b-e0d697a87210,VN_ABCD_005_CoalCap_2029,Nghi Son Power LLC :: CoalCap :: 2029,VN_ABCD_005,Nghi Son Power LLC,VN,Power,CoalCap,2025,7358400,7358400,7358400,7358400,0.023,0.092,2.3,0.19,68,68,46034150.4,46034150.4,46034150.4,46034150.4,VN_PDP8_BASELINE,VN_NZE_STRESS,Vietnam,increasing_carbon_tax_50,0.03,0.08,0.02,1,2027,0.25
8ff17d64-04ed-4110-a34b-e0d697a87210,VN_ABCD_005_CoalCap_2029,Nghi Son Power LLC :: CoalCap :: 2029,VN_ABCD_005,Nghi Son Power LLC,VN,Power,CoalCap,2026,7095600,7095600,6184726.488397789,7095600,0.023,0.092,2.3,0.19,68.4,68.4,44651191.68000001,44651191.68000001,41343696.00000001,41343696.00000001,VN_PDP8_BASELINE,VN_NZE_STRESS,Vietnam,increasing_carbon_tax_50,0.03,0.08,0.02,1,2027,0.25
8ff17d64-04ed-4110-a34b-e0d697a87210,VN_ABCD_005_CoalCap_2029,Nghi Son Power LLC :: CoalCap :: 2029,VN_ABCD_005,Nghi Son Power LLC,VN,Power,CoalCap,2027,6832800,6832800,4871031.394475139,5475487.133436464,0.023,0.092,2.3,0.19,68.8,68.8,43248890.88,16711734.27996143,37078953.086419754,14327618.552779002,VN_PDP8_BASELINE,VN_NZE_STRESS,Vietnam,increasing_carbon_tax_50,0.03,0.08,0.02,1,2027,0.25
8ff17d64-04ed-4110-a34b-e0d697a87210,VN_ABCD_005_CoalCap_2029,Nghi Son Power LLC :: CoalCap :: 2029,VN_ABCD_005,Nghi Son Power LLC,VN,Power,CoalCap,2028,6570000,6570000,3697436.287292817,3855374.2668729275,0.023,0.092,2.3,0.19,69.2,65.86666666666666,41827248,10221111.23138238,33203818.015546408,8113847.634524699,VN_PDP8_BASELINE,VN_NZE_STRESS,Vietnam,increasing_carbon_tax_50,0.03,0.08,0.02,1,2027,0.25
8ff17d64-04ed-4110-a34b-e0d697a87210,VN_ABCD_005_CoalCap_2029,Nghi Son Power LLC :: CoalCap :: 2029,VN_ABCD_005,Nghi Son Power LLC,VN,Power,CoalCap,2029,6307200,6307200,2694937.6282872926,2235261.4003093913,0.023,0.092,2.3,0.19,69.6,62.93333333333333,40386263.03999999,4701033.92390129,29685108.977290034,3455400.273076298,VN_PDP8_BASELINE,VN_NZE_STRESS,Vietnam,increasing_carbon_tax_50,0.03,0.08,0.02,1,2027,0.25
8ff17d64-04ed-4110-a34b-e0d697a87210,VN_ABCD_005_CoalCap_2029,Nghi Son Power LLC :: CoalCap :: 2029,VN_ABCD_005,Nghi Son Power LLC,VN,Power,CoalCap,2030,NA,5813455.425414365,1828739.535911602,615148.5337458551,0.023,0.092,2.3,0.19,70,60,37438652.93966851,942665.9852156761,25480118.110316705,641562.6299530573,VN_PDP8_BASELINE,VN_NZE_STRESS,Vietnam,increasing_carbon_tax_50,0.03,0.08,0.02,1,2027,0.25
8ff17d64-04ed-4110-a34b-e0d697a87210,VN_ABCD_005_CoalCap_2029,Nghi Son Power LLC :: CoalCap :: 2029,VN_ABCD_005,Nghi Son Power LLC,VN,Power,CoalCap,2031,NA,NA,NA,NA,0.023,0.092,2.3,0.19,NA,NA,38187425.99846188,961519.3049199897,636457099.9743646,16025321.748666495,VN_PDP8_BASELINE,VN_NZE_STRESS,Vietnam,increasing_carbon_tax_50,0.03,0.08,0.02,1,2027,0.25
8ff17d64-04ed-4110-a34b-e0d697a87210,VN_ABCD_005_CoalCap_2030,Nghi Son Power LLC :: CoalCap :: 2030,VN_ABCD_005,Nghi Son Power LLC,VN,Power,CoalCap,2025,7358400,7358400,7358400,7358400,0.023,0.092,2.3,0.19,68,68,46034150.4,46034150.4,46034150.4,46034150.4,VN_PDP8_BASELINE,VN_NZE_STRESS,Vietnam,increasing_carbon_tax_50,0.03,0.08,0.02,1,2027,0.25
8ff17d64-04ed-4110-a34b-e0d697a87210,VN_ABCD_005_CoalCap_2030,Nghi Son Power LLC :: CoalCap :: 2030,VN_ABCD_005,Nghi Son Power LLC,VN,Power,CoalCap,2026,7095600,7095600,6184726.488397789,7095600,0.023,0.092,2.3,0.19,68.4,68.4,44651191.68000001,44651191.68000001,41343696.00000001,41343696.00000001,VN_PDP8_BASELINE,VN_NZE_STRESS,Vietnam,increasing_carbon_tax_50,0.03,0.08,0.02,1,2027,0.25
8ff17d64-04ed-4110-a34b-e0d697a87210,VN_ABCD_005_CoalCap_2030,Nghi Son Power LLC :: CoalCap :: 2030,VN_ABCD_005,Nghi Son Power LLC,VN,Power,CoalCap,2027,6832800,6832800,4871031.394475139,5475487.133436464,0.023,0.092,2.3,0.19,68.8,68.8,43248890.88,16711734.27996143,37078953.086419754,14327618.552779002,VN_PDP8_BASELINE,VN_NZE_STRESS,Vietnam,increasing_carbon_tax_50,0.03,0.08,0.02,1,2027,0.25
8ff17d64-04ed-4110-a34b-e0d697a87210,VN_ABCD_005_CoalCap_2030,Nghi Son Power LLC :: CoalCap :: 2030,VN_ABCD_005,Nghi Son Power LLC,VN,Power,CoalCap,2028,6570000,6570000,3697436.287292817,3855374.2668729275,0.023,0.092,2.3,0.19,69.2,65.86666666666666,41827248,10221111.23138238,33203818.015546408,8113847.634524699,VN_PDP8_BASELINE,VN_NZE_STRESS,Vietnam,increasing_carbon_tax_50,0.03,0.08,0.02,1,2027,0.25
8ff17d64-04ed-4110-a34b-e0d697a87210,VN_ABCD_005_CoalCap_2030,Nghi Son Power LLC :: CoalCap :: 2030,VN_ABCD_005,Nghi Son Power LLC,VN,Power,CoalCap,2029,6307200,6307200,2694937.6282872926,2235261.4003093913,0.023,0.092,2.3,0.19,69.6,62.93333333333333,40386263.03999999,4701033.92390129,29685108.977290034,3455400.273076298,VN_PDP8_BASELINE,VN_NZE_STRESS,Vietnam,increasing_carbon_tax_50,0.03,0.08,0.02,1,2027,0.25
8ff17d64-04ed-4110-a34b-e0d697a87210,VN_ABCD_005_CoalCap_2030,Nghi Son Power LLC :: CoalCap :: 2030,VN_ABCD_005,Nghi Son Power LLC,VN,Power,CoalCap,2030,6044400,6044400,1828739.535911602,615148.5337458551,0.023,0.092,2.3,0.19,70,60,38925936,942665.9852156761,26492337.970411256,641562.6299530573,VN_PDP8_BASELINE,VN_NZE_STRESS,Vietnam,increasing_carbon_tax_50,0.03,0.08,0.02,1,2027,0.25
8ff17d64-04ed-4110-a34b-e0d697a87210,VN_ABCD_005_CoalCap_2030,Nghi Son Power LLC :: CoalCap :: 2030,VN_ABCD_005,Nghi Son Power LLC,VN,Power,CoalCap,2031,NA,NA,NA,NA,0.023,0.092,2.3,0.19,NA,NA,39704454.72,961519.3049199897,661740912,16025321.748666495,VN_PDP8_BASELINE,VN_NZE_STRESS,Vietnam,increasing_carbon_tax_50,0.03,0.08,0.02,1,2027,0.25
8ff17d64-04ed-4110-a34b-e0d697a87210,VN_ABCD_006_GasCap_2025,NA,VN_ABCD_006,NA,NA,Power,GasCap,2025,NA,NA,NA,NA,NA,NA,NA,NA,NA,NA,0,NA,0,NA,VN_PDP8_BASELINE,VN_NZE_STRESS,Vietnam,increasing_carbon_tax_50,0.03,0.08,0.02,1,2027,0.25
8ff17d64-04ed-4110-a34b-e0d697a87210,VN_ABCD_006_GasCap_2025,NA,VN_ABCD_006,NA,NA,Power,GasCap,2026,NA,NA,NA,NA,NA,NA,NA,NA,NA,NA,0,NA,0,NA,VN_PDP8_BASELINE,VN_NZE_STRESS,Vietnam,increasing_carbon_tax_50,0.03,0.08,0.02,1,2027,0.25
8ff17d64-04ed-4110-a34b-e0d697a87210,VN_ABCD_006_GasCap_2025,NA,VN_ABCD_006,NA,NA,Power,GasCap,2027,NA,NA,NA,NA,NA,NA,NA,NA,NA,NA,0,NA,0,NA,VN_PDP8_BASELINE,VN_NZE_STRESS,Vietnam,increasing_carbon_tax_50,0.03,0.08,0.02,1,2027,0.25
8ff17d64-04ed-4110-a34b-e0d697a87210,VN_ABCD_006_GasCap_2025,NA,VN_ABCD_006,NA,NA,Power,GasCap,2028,NA,NA,NA,NA,NA,NA,NA,NA,NA,NA,0,NA,0,NA,VN_PDP8_BASELINE,VN_NZE_STRESS,Vietnam,increasing_carbon_tax_50,0.03,0.08,0.02,1,2027,0.25
8ff17d64-04ed-4110-a34b-e0d697a87210,VN_ABCD_006_GasCap_2025,NA,VN_ABCD_006,NA,NA,Power,GasCap,2029,NA,NA,NA,NA,NA,NA,NA,NA,NA,NA,0,NA,0,NA,VN_PDP8_BASELINE,VN_NZE_STRESS,Vietnam,increasing_carbon_tax_50,0.03,0.08,0.02,1,2027,0.25
8ff17d64-04ed-4110-a34b-e0d697a87210,VN_ABCD_006_GasCap_2025,NA,VN_ABCD_006,NA,NA,Power,GasCap,2030,NA,NA,NA,NA,NA,NA,NA,NA,NA,NA,0,NA,0,NA,VN_PDP8_BASELINE,VN_NZE_STRESS,Vietnam,increasing_carbon_tax_50,0.03,0.08,0.02,1,2027,0.25
8ff17d64-04ed-4110-a34b-e0d697a87210,VN_ABCD_006_GasCap_2025,NA,VN_ABCD_006,NA,NA,Power,GasCap,2031,NA,NA,NA,NA,NA,NA,NA,NA,NA,NA,0,NA,0,NA,VN_PDP8_BASELINE,VN_NZE_STRESS,Vietnam,increasing_carbon_tax_50,0.03,0.08,0.02,1,2027,0.25
8ff17d64-04ed-4110-a34b-e0d697a87210,VN_ABCD_006_GasCap_2026,Dung Quat LNG Power Consortium :: GasCap :: 2026,VN_ABCD_006,Dung Quat LNG Power Consortium,VN,Power,GasCap,2025,0,0,0,0,0.028,0.082,2.1,0.28,60,60,0,NA,0,NA,VN_PDP8_BASELINE,VN_NZE_STRESS,Vietnam,increasing_carbon_tax_50,0.03,0.08,0.02,1,2027,0.25
8ff17d64-04ed-4110-a34b-e0d697a87210,VN_ABCD_006_GasCap_2026,Dung Quat LNG Power Consortium :: GasCap :: 2026,VN_ABCD_006,Dung Quat LNG Power Consortium,VN,Power,GasCap,2026,0,0,0,0,0.028,0.082,2.1,0.28,60.6,60.6,0,NA,0,NA,VN_PDP8_BASELINE,VN_NZE_STRESS,Vietnam,increasing_carbon_tax_50,0.03,0.08,0.02,1,2027,0.25
8ff17d64-04ed-4110-a34b-e0d697a87210,VN_ABCD_006_GasCap_2026,Dung Quat LNG Power Consortium :: GasCap :: 2026,VN_ABCD_006,Dung Quat LNG Power Consortium,VN,Power,GasCap,2027,NA,0,0,0,0.028,0.082,2.1,0.28,61.2,61.2,0,NA,0,NA,VN_PDP8_BASELINE,VN_NZE_STRESS,Vietnam,increasing_carbon_tax_50,0.03,0.08,0.02,1,2027,0.25
8ff17d64-04ed-4110-a34b-e0d697a87210,VN_ABCD_006_GasCap_2026,Dung Quat LNG Power Consortium :: GasCap :: 2026,VN_ABCD_006,Dung Quat LNG Power Consortium,VN,Power,GasCap,2028,NA,0,0,0,0.028,0.082,2.1,0.28,61.8,60.300000000000004,0,NA,0,NA,VN_PDP8_BASELINE,VN_NZE_STRESS,Vietnam,increasing_carbon_tax_50,0.03,0.08,0.02,1,2027,0.25
8ff17d64-04ed-4110-a34b-e0d697a87210,VN_ABCD_006_GasCap_2026,Dung Quat LNG Power Consortium :: GasCap :: 2026,VN_ABCD_006,Dung Quat LNG Power Consortium,VN,Power,GasCap,2029,NA,0,0,0,0.028,0.082,2.1,0.28,62.4,59.4,0,NA,0,NA,VN_PDP8_BASELINE,VN_NZE_STRESS,Vietnam,increasing_carbon_tax_50,0.03,0.08,0.02,1,2027,0.25
8ff17d64-04ed-4110-a34b-e0d697a87210,VN_ABCD_006_GasCap_2026,Dung Quat LNG Power Consortium :: GasCap :: 2026,VN_ABCD_006,Dung Quat LNG Power Consortium,VN,Power,GasCap,2030,NA,0,0,0,0.028,0.082,2.1,0.28,63,58.5,0,NA,0,NA,VN_PDP8_BASELINE,VN_NZE_STRESS,Vietnam,increasing_carbon_tax_50,0.03,0.08,0.02,1,2027,0.25
8ff17d64-04ed-4110-a34b-e0d697a87210,VN_ABCD_006_GasCap_2026,Dung Quat LNG Power Consortium :: GasCap :: 2026,VN_ABCD_006,Dung Quat LNG Power Consortium,VN,Power,GasCap,2031,NA,NA,NA,NA,0.028,0.082,2.1,0.28,NA,NA,0,NA,0,NA,VN_PDP8_BASELINE,VN_NZE_STRESS,Vietnam,increasing_carbon_tax_50,0.03,0.08,0.02,1,2027,0.25
8ff17d64-04ed-4110-a34b-e0d697a87210,VN_ABCD_006_GasCap_2027,Dung Quat LNG Power Consortium :: GasCap :: 2027,VN_ABCD_006,Dung Quat LNG Power Consortium,VN,Power,GasCap,2025,1927200.0000000002,1927200.0000000002,1927200.0000000002,1927200.0000000002,0.028,0.082,2.1,0.28,60,60,9481824.000000002,9481824.000000002,9481824.000000002,9481824.000000002,VN_PDP8_BASELINE,VN_NZE_STRESS,Vietnam,increasing_carbon_tax_50,0.03,0.08,0.02,1,2027,0.25
8ff17d64-04ed-4110-a34b-e0d697a87210,VN_ABCD_006_GasCap_2027,Dung Quat LNG Power Consortium :: GasCap :: 2027,VN_ABCD_006,Dung Quat LNG Power Consortium,VN,Power,GasCap,2026,1962240.0000000002,1962240.0000000002,2059448.3368421055,1962240.0000000002,0.028,0.082,2.1,0.28,60.6,60.6,9750763.008000001,9750763.008000001,9028484.266666668,9028484.266666668,VN_PDP8_BASELINE,VN_NZE_STRESS,Vietnam,increasing_carbon_tax_50,0.03,0.08,0.02,1,2027,0.25
8ff17d64-04ed-4110-a34b-e0d697a87210,VN_ABCD_006_GasCap_2027,Dung Quat LNG Power Consortium :: GasCap :: 2027,VN_ABCD_006,Dung Quat LNG Power Consortium,VN,Power,GasCap,2027,1997279.9999999998,1997279.9999999998,2462353.010526316,2262908.1275789477,0.028,0.082,2.1,0.28,61.2,61.2,10023149.952,6891850.830462631,8593235.555555554,5908651.260684697,VN_PDP8_BASELINE,VN_NZE_STRESS,Vietnam,increasing_carbon_tax_50,0.03,0.08,0.02,1,2027,0.25
8ff17d64-04ed-4110-a34b-e0d697a87210,VN_ABCD_006_GasCap_2027,Dung Quat LNG Power Consortium :: GasCap :: 2027,VN_ABCD_006,Dung Quat LNG Power Consortium,VN,Power,GasCap,2028,NA,2671132.3957894742,2688217.1621052627,2563576.2551578945,0.028,0.082,2.1,0.28,61.8,60.300000000000004,13536230.528902741,9518438.655422911,10745496.215724498,7556043.48884738,VN_PDP8_BASELINE,VN_NZE_STRESS,Vietnam,increasing_carbon_tax_50,0.03,0.08,0.02,1,2027,0.25
8ff17d64-04ed-4110-a34b-e0d697a87210,VN_ABCD_006_GasCap_2027,Dung Quat LNG Power Consortium :: GasCap :: 2027,VN_ABCD_006,Dung Quat LNG Power Consortium,VN,Power,GasCap,2029,NA,3244430.7494736845,2760286.450526316,2864244.382736842,0.028,0.082,2.1,0.28,62.4,59.4,16601103.25890695,11344689.38149819,12202306.484653095,8338685.366104101,VN_PDP8_BASELINE,VN_NZE_STRESS,Vietnam,increasing_carbon_tax_50,0.03,0.08,0.02,1,2027,0.25
8ff17d64-04ed-4110-a34b-e0d697a87210,VN_ABCD_006_GasCap_2027,Dung Quat LNG Power Consortium :: GasCap :: 2027,VN_ABCD_006,Dung Quat LNG Power Consortium,VN,Power,GasCap,2030,NA,4005027.738947368,2847576.3157894737,3164912.510315789,0.028,0.082,2.1,0.28,63,58.5,20689973.299402107,13883850.325467804,14081248.174650071,9449115.24164499,VN_PDP8_BASELINE,VN_NZE_STRESS,Vietnam,increasing_carbon_tax_50,0.03,0.08,0.02,1,2027,0.25
8ff17d64-04ed-4110-a34b-e0d697a87210,VN_ABCD_006_GasCap_2027,Dung Quat LNG Power Consortium :: GasCap :: 2027,VN_ABCD_006,Dung Quat LNG Power Consortium,VN,Power,GasCap,2031,NA,NA,NA,NA,0.028,0.082,2.1,0.28,NA,NA,21103772.76539015,14161527.33197716,351729546.0898358,236025455.5329527,VN_PDP8_BASELINE,VN_NZE_STRESS,Vietnam,increasing_carbon_tax_50,0.03,0.08,0.02,1,2027,0.25
8ff17d64-04ed-4110-a34b-e0d697a87210,VN_ABCD_006_GasCap_2028,Dung Quat LNG Power Consortium :: GasCap :: 2028,VN_ABCD_006,Dung Quat LNG Power Consortium,VN,Power,GasCap,2025,3276240.000000001,3276240.000000001,3276240.000000001,3276240.000000001,0.028,0.082,2.1,0.28,60,60,16119100.800000006,16119100.800000006,16119100.800000006,16119100.800000006,VN_PDP8_BASELINE,VN_NZE_STRESS,Vietnam,increasing_carbon_tax_50,0.03,0.08,0.02,1,2027,0.25
8ff17d64-04ed-4110-a34b-e0d697a87210,VN_ABCD_006_GasCap_2028,Dung Quat LNG Power Consortium :: GasCap :: 2028,VN_ABCD_006,Dung Quat LNG Power Consortium,VN,Power,GasCap,2026,3335808.000000001,3335808.000000001,3501062.17263158,3335808.000000001,0.028,0.082,2.1,0.28,60.6,60.6,16576297.113600006,16576297.113600006,15348423.253333338,15348423.253333338,VN_PDP8_BASELINE,VN_NZE_STRESS,Vietnam,increasing_carbon_tax_50,0.03,0.08,0.02,1,2027,0.25
8ff17d64-04ed-4110-a34b-e0d697a87210,VN_ABCD_006_GasCap_2028,Dung Quat LNG Power Consortium :: GasCap :: 2028,VN_ABCD_006,Dung Quat LNG Power Consortium,VN,Power,GasCap,2027,3395376,3395376,4186000.1178947375,3846943.8168842113,0.028,0.082,2.1,0.28,61.2,61.2,17039354.9184,11716146.411786474,14608500.444444444,10044707.143163987,VN_PDP8_BASELINE,VN_NZE_STRESS,Vietnam,increasing_carbon_tax_50,0.03,0.08,0.02,1,2027,0.25
8ff17d64-04ed-4110-a34b-e0d697a87210,VN_ABCD_006_GasCap_2028,Dung Quat LNG Power Consortium :: GasCap :: 2028,VN_ABCD_006,Dung Quat LNG Power Consortium,VN,Power,GasCap,2028,3454944.0000000005,3454944.0000000005,4569969.175578947,4358079.633768422,0.028,0.082,2.1,0.28,61.8,60.300000000000004,17508274.2144,10811603.701443868,13898632.556012802,8582599.595339146,VN_PDP8_BASELINE,VN_NZE_STRESS,Vietnam,increasing_carbon_tax_50,0.03,0.08,0.02,1,2027,0.25
8ff17d64-04ed-4110-a34b-e0d697a87210,VN_ABCD_006_GasCap_2028,Dung Quat LNG Power Consortium :: GasCap :: 2028,VN_ABCD_006,Dung Quat LNG Power Consortium,VN,Power,GasCap,2029,NA,4429551.2012631595,4692486.965894739,4869215.450652632,0.028,0.082,2.1,0.28,62.4,59.4,22665127.586623333,13996375.338947605,16659545.393608581,10287753.705070566,VN_PDP8_BASELINE,VN_NZE_STRESS,Vietnam,increasing_carbon_tax_50,0.03,0.08,0.02,1,2027,0.25
8ff17d64-04ed-4110-a34b-e0d697a87210,VN_ABCD_006_GasCap_2028,Dung Quat LNG Power Consortium :: GasCap :: 2028,VN_ABCD_006,Dung Quat LNG Power Consortium,VN,Power,GasCap,2030,NA,5722566.083368422,4840879.736842107,5380351.267536842,0.028,0.082,2.1,0.28,63,58.5,29562776.386681274,18393094.346871693,20119928.86644148,12518030.953937383,VN_PDP8_BASELINE,VN_NZE_STRESS,Vietnam,increasing_carbon_tax_50,0.03,0.08,0.02,1,2027,0.25
8ff17d64-04ed-4110-a34b-e0d697a87210,VN_ABCD_006_GasCap_2028,Dung Quat LNG Power Consortium :: GasCap :: 2028,VN_ABCD_006,Dung Quat LNG Power Consortium,VN,Power,GasCap,2031,NA,NA,NA,NA,0.028,0.082,2.1,0.28,NA,NA,30154031.9144149,18760956.23380913,502567198.5735817,312682603.8968188,VN_PDP8_BASELINE,VN_NZE_STRESS,Vietnam,increasing_carbon_tax_50,0.03,0.08,0.02,1,2027,0.25
8ff17d64-04ed-4110-a34b-e0d697a87210,VN_ABCD_006_GasCap_2029,Dung Quat LNG Power Consortium :: GasCap :: 2029,VN_ABCD_006,Dung Quat LNG Power Consortium,VN,Power,GasCap,2025,3613500.0000000005,3613500.0000000005,3613500.0000000005,3613500.0000000005,0.028,0.082,2.1,0.28,60,60,17778420.000000004,17778420.000000004,17778420.000000004,17778420.000000004,VN_PDP8_BASELINE,VN_NZE_STRESS,Vietnam,increasing_carbon_tax_50,0.03,0.08,0.02,1,2027,0.25
8ff17d64-04ed-4110-a34b-e0d697a87210,VN_ABCD_006_GasCap_2029,Dung Quat LNG Power Consortium :: GasCap :: 2029,VN_ABCD_006,Dung Quat LNG Power Consortium,VN,Power,GasCap,2026,3679200.0000000005,3679200.0000000005,3861465.6315789474,3679200.0000000005,0.028,0.082,2.1,0.28,60.6,60.6,18282680.640000004,18282680.640000004,16928408.000000004,16928408.000000004,VN_PDP8_BASELINE,VN_NZE_STRESS,Vietnam,increasing_carbon_tax_50,0.03,0.08,0.02,1,2027,0.25
8ff17d64-04ed-4110-a34b-e0d697a87210,VN_ABCD_006_GasCap_2029,Dung Quat LNG Power Consortium :: GasCap :: 2029,VN_ABCD_006,Dung Quat LNG Power Consortium,VN,Power,GasCap,2027,3744899.9999999995,3744899.9999999995,4616911.894736842,4242952.739210526,0.028,0.082,2.1,0.28,61.2,61.2,18793406.16,12922220.307117432,16112316.666666666,11078721.113783807,VN_PDP8_BASELINE,VN_NZE_STRESS,Vietnam,increasing_carbon_tax_50,0.03,0.08,0.02,1,2027,0.25
8ff17d64-04ed-4110-a34b-e0d697a87210,VN_ABCD_006_GasCap_2029,Dung Quat LNG Power Consortium :: GasCap :: 2029,VN_ABCD_006,Dung Quat LNG Power Consortium,VN,Power,GasCap,2028,3810599.9999999995,3810599.9999999995,5040407.178947368,4806705.478421053,0.028,0.082,2.1,0.28,61.8,60.300000000000004,19310596.56,11924562.906004261,15329374.142661177,9466102.494859349,VN_PDP8_BASELINE,VN_NZE_STRESS,Vietnam,increasing_carbon_tax_50,0.03,0.08,0.02,1,2027,0.25
8ff17d64-04ed-4110-a34b-e0d697a87210,VN_ABCD_006_GasCap_2029,Dung Quat LNG Power Consortium :: GasCap :: 2029,VN_ABCD_006,Dung Quat LNG Power Consortium,VN,Power,GasCap,2029,3876300,3876300,5175537.094736842,5370458.217631578,0.028,0.082,2.1,0.28,62.4,59.4,19834251.84,10521399.703053316,14578767.210282981,7733542.874947926,VN_PDP8_BASELINE,VN_NZE_STRESS,Vietnam,increasing_carbon_tax_50,0.03,0.08,0.02,1,2027,0.25
8ff17d64-04ed-4110-a34b-e0d697a87210,VN_ABCD_006_GasCap_2029,Dung Quat LNG Power Consortium :: GasCap :: 2029,VN_ABCD_006,Dung Quat LNG Power Consortium,VN,Power,GasCap,2030,NA,5302419.355263159,5339205.592105263,5934210.956842105,0.028,0.082,2.1,0.28,63,58.5,27392298.389289476,15445203.63795477,18642738.01188515,10511746.070756609,VN_PDP8_BASELINE,VN_NZE_STRESS,Vietnam,increasing_carbon_tax_50,0.03,0.08,0.02,1,2027,0.25
8ff17d64-04ed-4110-a34b-e0d697a87210,VN_ABCD_006_GasCap_2029,Dung Quat LNG Power Consortium :: GasCap :: 2029,VN_ABCD_006,Dung Quat LNG Power Consortium,VN,Power,GasCap,2031,NA,NA,NA,NA,0.028,0.082,2.1,0.28,NA,NA,27940144.357075267,15754107.710713865,465669072.6179211,262568461.8452311,VN_PDP8_BASELINE,VN_NZE_STRESS,Vietnam,increasing_carbon_tax_50,0.03,0.08,0.02,1,2027,0.25
8ff17d64-04ed-4110-a34b-e0d697a87210,VN_ABCD_006_GasCap_2030,Dung Quat LNG Power Consortium :: GasCap :: 2030,VN_ABCD_006,Dung Quat LNG Power Consortium,VN,Power,GasCap,2025,3613500.0000000005,3613500.0000000005,3613500.0000000005,3613500.0000000005,0.028,0.082,2.1,0.28,60,60,17778420.000000004,17778420.000000004,17778420.000000004,17778420.000000004,VN_PDP8_BASELINE,VN_NZE_STRESS,Vietnam,increasing_carbon_tax_50,0.03,0.08,0.02,1,2027,0.25
8ff17d64-04ed-4110-a34b-e0d697a87210,VN_ABCD_006_GasCap_2030,Dung Quat LNG Power Consortium :: GasCap :: 2030,VN_ABCD_006,Dung Quat LNG Power Consortium,VN,Power,GasCap,2026,3679200.0000000005,3679200.0000000005,3861465.6315789474,3679200.0000000005,0.028,0.082,2.1,0.28,60.6,60.6,18282680.640000004,18282680.640000004,16928408.000000004,16928408.000000004,VN_PDP8_BASELINE,VN_NZE_STRESS,Vietnam,increasing_carbon_tax_50,0.03,0.08,0.02,1,2027,0.25
8ff17d64-04ed-4110-a34b-e0d697a87210,VN_ABCD_006_GasCap_2030,Dung Quat LNG Power Consortium :: GasCap :: 2030,VN_ABCD_006,Dung Quat LNG Power Consortium,VN,Power,GasCap,2027,3744899.9999999995,3744899.9999999995,4616911.894736842,4242952.739210526,0.028,0.082,2.1,0.28,61.2,61.2,18793406.16,12922220.307117432,16112316.666666666,11078721.113783807,VN_PDP8_BASELINE,VN_NZE_STRESS,Vietnam,increasing_carbon_tax_50,0.03,0.08,0.02,1,2027,0.25
8ff17d64-04ed-4110-a34b-e0d697a87210,VN_ABCD_006_GasCap_2030,Dung Quat LNG Power Consortium :: GasCap :: 2030,VN_ABCD_006,Dung Quat LNG Power Consortium,VN,Power,GasCap,2028,3810599.9999999995,3810599.9999999995,5040407.178947368,4806705.478421053,0.028,0.082,2.1,0.28,61.8,60.300000000000004,19310596.56,11924562.906004261,15329374.142661177,9466102.494859349,VN_PDP8_BASELINE,VN_NZE_STRESS,Vietnam,increasing_carbon_tax_50,0.03,0.08,0.02,1,2027,0.25
8ff17d64-04ed-4110-a34b-e0d697a87210,VN_ABCD_006_GasCap_2030,Dung Quat LNG Power Consortium :: GasCap :: 2030,VN_ABCD_006,Dung Quat LNG Power Consortium,VN,Power,GasCap,2029,3876300,3876300,5175537.094736842,5370458.217631578,0.028,0.082,2.1,0.28,62.4,59.4,19834251.84,10521399.703053316,14578767.210282981,7733542.874947926,VN_PDP8_BASELINE,VN_NZE_STRESS,Vietnam,increasing_carbon_tax_50,0.03,0.08,0.02,1,2027,0.25
8ff17d64-04ed-4110-a34b-e0d697a87210,VN_ABCD_006_GasCap_2030,Dung Quat LNG Power Consortium :: GasCap :: 2030,VN_ABCD_006,Dung Quat LNG Power Consortium,VN,Power,GasCap,2030,3942000,3942000,5339205.592105263,5934210.956842105,0.028,0.082,2.1,0.28,63,58.5,20364372,8919271.990757398,13859649.40134464,6070306.646683276,VN_PDP8_BASELINE,VN_NZE_STRESS,Vietnam,increasing_carbon_tax_50,0.03,0.08,0.02,1,2027,0.25
8ff17d64-04ed-4110-a34b-e0d697a87210,VN_ABCD_006_GasCap_2030,Dung Quat LNG Power Consortium :: GasCap :: 2030,VN_ABCD_006,Dung Quat LNG Power Consortium,VN,Power,GasCap,2031,NA,NA,NA,NA,0.028,0.082,2.1,0.28,NA,NA,20771659.44,9097657.430572547,346194324.00000006,151627623.84287578,VN_PDP8_BASELINE,VN_NZE_STRESS,Vietnam,increasing_carbon_tax_50,0.03,0.08,0.02,1,2027,0.25
8ff17d64-04ed-4110-a34b-e0d697a87210,VN_ABCD_007_HydroCap_2025,NA,VN_ABCD_007,NA,NA,Power,HydroCap,2025,NA,NA,NA,NA,NA,NA,NA,NA,NA,NA,58278528,NA,58278528,NA,VN_PDP8_BASELINE,VN_NZE_STRESS,Vietnam,increasing_carbon_tax_50,0.03,0.08,0.02,1,2027,0.25
8ff17d64-04ed-4110-a34b-e0d697a87210,VN_ABCD_007_HydroCap_2025,NA,VN_ABCD_007,NA,NA,Power,HydroCap,2026,NA,NA,NA,NA,NA,NA,NA,NA,NA,NA,58369527.50881129,NA,54045858.80445489,NA,VN_PDP8_BASELINE,VN_NZE_STRESS,Vietnam,increasing_carbon_tax_50,0.03,0.08,0.02,1,2027,0.25
8ff17d64-04ed-4110-a34b-e0d697a87210,VN_ABCD_007_HydroCap_2025,NA,VN_ABCD_007,NA,NA,Power,HydroCap,2027,NA,NA,NA,NA,NA,NA,NA,NA,NA,NA,58470412.73262461,NA,50128954.67474675,NA,VN_PDP8_BASELINE,VN_NZE_STRESS,Vietnam,increasing_carbon_tax_50,0.03,0.08,0.02,1,2027,0.25
8ff17d64-04ed-4110-a34b-e0d697a87210,VN_ABCD_007_HydroCap_2025,NA,VN_ABCD_007,NA,NA,Power,HydroCap,2028,NA,NA,NA,NA,NA,NA,NA,NA,NA,NA,58592091.21558901,NA,46512291.07572921,NA,VN_PDP8_BASELINE,VN_NZE_STRESS,Vietnam,increasing_carbon_tax_50,0.03,0.08,0.02,1,2027,0.25
8ff17d64-04ed-4110-a34b-e0d697a87210,VN_ABCD_007_HydroCap_2025,NA,VN_ABCD_007,NA,NA,Power,HydroCap,2029,NA,NA,NA,NA,NA,NA,NA,NA,NA,NA,58712020.05713669,NA,43155087.459979594,NA,VN_PDP8_BASELINE,VN_NZE_STRESS,Vietnam,increasing_carbon_tax_50,0.03,0.08,0.02,1,2027,0.25
8ff17d64-04ed-4110-a34b-e0d697a87210,VN_ABCD_007_HydroCap_2025,NA,VN_ABCD_007,NA,NA,Power,HydroCap,2030,NA,NA,NA,NA,NA,NA,NA,NA,NA,NA,58885108.91739561,NA,40076215.684681855,NA,VN_PDP8_BASELINE,VN_NZE_STRESS,Vietnam,increasing_carbon_tax_50,0.03,0.08,0.02,1,2027,0.25
8ff17d64-04ed-4110-a34b-e0d697a87210,VN_ABCD_007_HydroCap_2025,NA,VN_ABCD_007,NA,NA,Power,HydroCap,2031,NA,NA,NA,NA,NA,NA,NA,NA,NA,NA,60062811.09574352,NA,1001046851.5957254,NA,VN_PDP8_BASELINE,VN_NZE_STRESS,Vietnam,increasing_carbon_tax_50,0.03,0.08,0.02,1,2027,0.25
8ff17d64-04ed-4110-a34b-e0d697a87210,VN_ABCD_007_HydroCap_2026,Vietnam Hydropower JSC :: HydroCap :: 2026,VN_ABCD_007,Vietnam Hydropower JSC,VN,Power,HydroCap,2025,9539640,9539640,9539640,9539640,0.014,0.11,1.2,0.18,56,56,58764182.4,58764182.4,58764182.4,58764182.4,VN_PDP8_BASELINE,VN_NZE_STRESS,Vietnam,increasing_carbon_tax_50,0.03,0.08,0.02,1,2027,0.25
8ff17d64-04ed-4110-a34b-e0d697a87210,VN_ABCD_007_HydroCap_2026,Vietnam Hydropower JSC :: HydroCap :: 2026,VN_ABCD_007,Vietnam Hydropower JSC,VN,Power,HydroCap,2026,9539640,9539640,9522379.227774194,9539640,0.014,0.11,1.2,0.18,56.1,56.1,58869118.44,58869118.44,54508442.99999999,54508442.99999999,VN_PDP8_BASELINE,VN_NZE_STRESS,Vietnam,increasing_carbon_tax_50,0.03,0.08,0.02,1,2027,0.25
8ff17d64-04ed-4110-a34b-e0d697a87210,VN_ABCD_007_HydroCap_2026,Vietnam Hydropower JSC :: HydroCap :: 2026,VN_ABCD_007,Vietnam Hydropower JSC,VN,Power,HydroCap,2027,NA,9539124.533252643,9506502.851955576,9526963.936301406,0.014,0.11,1.2,0.18,56.2,56.2,58970867.864567846,58895691.0542153,50558014.28718093,50493562.28927923,VN_PDP8_BASELINE,VN_NZE_STRESS,Vietnam,increasing_carbon_tax_50,0.03,0.08,0.02,1,2027,0.25
8ff17d64-04ed-4110-a34b-e0d697a87210,VN_ABCD_007_HydroCap_2026,Vietnam Hydropower JSC :: HydroCap :: 2026,VN_ABCD_007,Vietnam Hydropower JSC,VN,Power,HydroCap,2028,NA,9541996.419416495,9509080.185692362,9514287.872602811,0.014,0.11,1.2,0.18,56.3,56.46666666666667,59093583.82544635,59096413.40602694,46910392.078067325,46912638.290360756,VN_PDP8_BASELINE,VN_NZE_STRESS,Vietnam,increasing_carbon_tax_50,0.03,0.08,0.02,1,2027,0.25
8ff17d64-04ed-4110-a34b-e0d697a87210,VN_ABCD_007_HydroCap_2026,Vietnam Hydropower JSC :: HydroCap :: 2026,VN_ABCD_007,Vietnam Hydropower JSC,VN,Power,HydroCap,2029,NA,9544573.753153281,9511362.967002092,9501611.808904218,0.014,0.11,1.2,0.18,56.4,56.733333333333334,59214535.564562954,59296392.09543493,43524451.35943105,43584618.35326831,VN_PDP8_BASELINE,VN_NZE_STRESS,Vietnam,increasing_carbon_tax_50,0.03,0.08,0.02,1,2027,0.25
8ff17d64-04ed-4110-a34b-e0d697a87210,VN_ABCD_007_HydroCap_2026,Vietnam Hydropower JSC :: HydroCap :: 2026,VN_ABCD_007,Vietnam Hydropower JSC,VN,Power,HydroCap,2030,NA,9555766.745381622,9522114.130589837,9488935.745205622,0.014,0.11,1.2,0.18,56.5,57,59389090.32254677,59495627.12243925,40419216.9606452,40491724.11651777,VN_PDP8_BASELINE,VN_NZE_STRESS,Vietnam,increasing_carbon_tax_50,0.03,0.08,0.02,1,2027,0.25
8ff17d64-04ed-4110-a34b-e0d697a87210,VN_ABCD_007_HydroCap_2026,Vietnam Hydropower JSC :: HydroCap :: 2026,VN_ABCD_007,Vietnam Hydropower JSC,VN,Power,HydroCap,2031,NA,NA,NA,NA,0.014,0.11,1.2,0.18,NA,NA,60576872.128997706,60685539.66488804,1009614535.4832951,1011425661.0814674,VN_PDP8_BASELINE,VN_NZE_STRESS,Vietnam,increasing_carbon_tax_50,0.03,0.08,0.02,1,2027,0.25
8ff17d64-04ed-4110-a34b-e0d697a87210,VN_ABCD_007_HydroCap_2027,Vietnam Hydropower JSC :: HydroCap :: 2027,VN_ABCD_007,Vietnam Hydropower JSC,VN,Power,HydroCap,2025,9657900,9657900,9657900,9657900,0.014,0.11,1.2,0.18,56,56,59492664,59492664,59492664,59492664,VN_PDP8_BASELINE,VN_NZE_STRESS,Vietnam,increasing_carbon_tax_50,0.03,0.08,0.02,1,2027,0.25
8ff17d64-04ed-4110-a34b-e0d697a87210,VN_ABCD_007_HydroCap_2027,Vietnam Hydropower JSC :: HydroCap :: 2027,VN_ABCD_007,Vietnam Hydropower JSC,VN,Power,HydroCap,2026,9657900,9657900,9640425.251258997,9657900,0.014,0.11,1.2,0.18,56.1,56.1,59598900.9,59598900.9,55184167.49999999,55184167.49999999,VN_PDP8_BASELINE,VN_NZE_STRESS,Vietnam,increasing_carbon_tax_50,0.03,0.08,0.02,1,2027,0.25
8ff17d64-04ed-4110-a34b-e0d697a87210,VN_ABCD_007_HydroCap_2027,Vietnam Hydropower JSC :: HydroCap :: 2027,VN_ABCD_007,Vietnam Hydropower JSC,VN,Power,HydroCap,2027,9657900,9657900,9624352.060864115,9645066.795015886,0.014,0.11,1.2,0.18,56.2,56.2,59705137.8,59625802.92678821,51187532.4074074,51119515.540799215,VN_PDP8_BASELINE,VN_NZE_STRESS,Vietnam,increasing_carbon_tax_50,0.03,0.08,0.02,1,2027,0.25
8ff17d64-04ed-4110-a34b-e0d697a87210,VN_ABCD_007_HydroCap_2027,Vietnam Hydropower JSC :: HydroCap :: 2027,VN_ABCD_007,Vietnam Hydropower JSC,VN,Power,HydroCap,2028,NA,9660807.488058444,9626961.34501913,9632233.590031773,0.014,0.11,1.2,0.18,56.3,56.46666666666667,59829380.77354594,59829013.572217345,47494491.41831303,47494199.92205944,VN_PDP8_BASELINE,VN_NZE_STRESS,Vietnam,increasing_carbon_tax_50,0.03,0.08,0.02,1,2027,0.25
8ff17d64-04ed-4110-a34b-e0d697a87210,VN_ABCD_007_HydroCap_2027,Vietnam Hydropower JSC :: HydroCap :: 2027,VN_ABCD_007,Vietnam Hydropower JSC,VN,Power,HydroCap,2029,NA,9663416.772213457,9629272.425270712,9619400.38504766,0.014,0.11,1.2,0.18,56.4,56.733333333333334,59951837.65481229,60031471.336287424,44066390.40629354,44124923.539465845,VN_PDP8_BASELINE,VN_NZE_STRESS,Vietnam,increasing_carbon_tax_50,0.03,0.08,0.02,1,2027,0.25
8ff17d64-04ed-4110-a34b-e0d697a87210,VN_ABCD_007_HydroCap_2027,Vietnam Hydropower JSC :: HydroCap :: 2027,VN_ABCD_007,Vietnam Hydropower JSC,VN,Power,HydroCap,2030,NA,9674748.520543799,9640156.86774591,9606567.180063546,0.014,0.11,1.2,0.18,56.5,57,60128562.05517971,60233176.218998425,40922488.99655661,40993687.638623364,VN_PDP8_BASELINE,VN_NZE_STRESS,Vietnam,increasing_carbon_tax_50,0.03,0.08,0.02,1,2027,0.25
8ff17d64-04ed-4110-a34b-e0d697a87210,VN_ABCD_007_HydroCap_2027,Vietnam Hydropower JSC :: HydroCap :: 2027,VN_ABCD_007,Vietnam Hydropower JSC,VN,Power,HydroCap,2031,NA,NA,NA,NA,0.014,0.11,1.2,0.18,NA,NA,61331133.296283305,61437839.74337839,1022185554.9380552,1023963995.7229732,VN_PDP8_BASELINE,VN_NZE_STRESS,Vietnam,increasing_carbon_tax_50,0.03,0.08,0.02,1,2027,0.25
8ff17d64-04ed-4110-a34b-e0d697a87210,VN_ABCD_007_HydroCap_2028,Vietnam Hydropower JSC :: HydroCap :: 2028,VN_ABCD_007,Vietnam Hydropower JSC,VN,Power,HydroCap,2025,9855000,9855000,9855000,9855000,0.014,0.11,1.2,0.18,56,56,60706800,60706800,60706800,60706800,VN_PDP8_BASELINE,VN_NZE_STRESS,Vietnam,increasing_carbon_tax_50,0.03,0.08,0.02,1,2027,0.25
8ff17d64-04ed-4110-a34b-e0d697a87210,VN_ABCD_007_HydroCap_2028,Vietnam Hydropower JSC :: HydroCap :: 2028,VN_ABCD_007,Vietnam Hydropower JSC,VN,Power,HydroCap,2026,9855000,9855000,9837168.62373367,9855000,0.014,0.11,1.2,0.18,56.1,56.1,60815205,60815205,56310375,56310375,VN_PDP8_BASELINE,VN_NZE_STRESS,Vietnam,increasing_carbon_tax_50,0.03,0.08,0.02,1,2027,0.25
8ff17d64-04ed-4110-a34b-e0d697a87210,VN_ABCD_007_HydroCap_2028,Vietnam Hydropower JSC :: HydroCap :: 2028,VN_ABCD_007,Vietnam Hydropower JSC,VN,Power,HydroCap,2027,9855000,9855000,9820767.409045016,9841904.892873352,0.014,0.11,1.2,0.18,56.2,56.2,60923610,60842656.04774307,52232175.92592592,52162770.959999196,VN_PDP8_BASELINE,VN_NZE_STRESS,Vietnam,increasing_carbon_tax_50,0.03,0.08,0.02,1,2027,0.25
8ff17d64-04ed-4110-a34b-e0d697a87210,VN_ABCD_007_HydroCap_2028,Vietnam Hydropower JSC :: HydroCap :: 2028,VN_ABCD_007,Vietnam Hydropower JSC,VN,Power,HydroCap,2028,9855000,9855000,9823429.9438970685,9828809.785746705,0.014,0.11,1.2,0.18,56.3,56.46666666666667,61032015,61050013.849201374,48449181.2414266,48463469.30822392,VN_PDP8_BASELINE,VN_NZE_STRESS,Vietnam,increasing_carbon_tax_50,0.03,0.08,0.02,1,2027,0.25
8ff17d64-04ed-4110-a34b-e0d697a87210,VN_ABCD_007_HydroCap_2028,Vietnam Hydropower JSC :: HydroCap :: 2028,VN_ABCD_007,Vietnam Hydropower JSC,VN,Power,HydroCap,2029,NA,9857662.534852056,9825788.189051745,9815714.678620059,0.014,0.11,1.2,0.18,56.4,56.733333333333334,61156938.36622215,61256603.40437491,44952175.40480603,45025432.18312841,VN_PDP8_BASELINE,VN_NZE_STRESS,Vietnam,increasing_carbon_tax_50,0.03,0.08,0.02,1,2027,0.25
8ff17d64-04ed-4110-a34b-e0d697a87210,VN_ABCD_007_HydroCap_2028,Vietnam Hydropower JSC :: HydroCap :: 2028,VN_ABCD_007,Vietnam Hydropower JSC,VN,Power,HydroCap,2030,NA,9869225.543352405,9836894.763006032,9802619.571493411,0.014,0.11,1.2,0.18,56.5,57,61337236.7519352,61462424.7132637,41745092.685848266,41830293.50879935,VN_PDP8_BASELINE,VN_NZE_STRESS,Vietnam,increasing_carbon_tax_50,0.03,0.08,0.02,1,2027,0.25
8ff17d64-04ed-4110-a34b-e0d697a87210,VN_ABCD_007_HydroCap_2028,Vietnam Hydropower JSC :: HydroCap :: 2028,VN_ABCD_007,Vietnam Hydropower JSC,VN,Power,HydroCap,2031,NA,NA,NA,NA,0.014,0.11,1.2,0.18,NA,NA,62563981.486973904,62691673.20752897,1042733024.7828984,1044861220.1254829,VN_PDP8_BASELINE,VN_NZE_STRESS,Vietnam,increasing_carbon_tax_50,0.03,0.08,0.02,1,2027,0.25
8ff17d64-04ed-4110-a34b-e0d697a87210,VN_ABCD_007_HydroCap_2029,Vietnam Hydropower JSC :: HydroCap :: 2029,VN_ABCD_007,Vietnam Hydropower JSC,VN,Power,HydroCap,2025,10052100,10052100,10052100,10052100,0.014,0.11,1.2,0.18,56,56,61920936,61920936,61920936,61920936,VN_PDP8_BASELINE,VN_NZE_STRESS,Vietnam,increasing_carbon_tax_50,0.03,0.08,0.02,1,2027,0.25
8ff17d64-04ed-4110-a34b-e0d697a87210,VN_ABCD_007_HydroCap_2029,Vietnam Hydropower JSC :: HydroCap :: 2029,VN_ABCD_007,Vietnam Hydropower JSC,VN,Power,HydroCap,2026,10052100,10052100,10033911.996208342,10052100,0.014,0.11,1.2,0.18,56.1,56.1,62031509.1,62031509.1,57436582.5,57436582.5,VN_PDP8_BASELINE,VN_NZE_STRESS,Vietnam,increasing_carbon_tax_50,0.03,0.08,0.02,1,2027,0.25
8ff17d64-04ed-4110-a34b-e0d697a87210,VN_ABCD_007_HydroCap_2029,Vietnam Hydropower JSC :: HydroCap :: 2029,VN_ABCD_007,Vietnam Hydropower JSC,VN,Power,HydroCap,2027,10052100,10052100,10017182.757225916,10038742.99073082,0.014,0.11,1.2,0.18,56.2,56.2,62142082.2,62059509.16869793,53276819.44444444,53206026.379199184,VN_PDP8_BASELINE,VN_NZE_STRESS,Vietnam,increasing_carbon_tax_50,0.03,0.08,0.02,1,2027,0.25
8ff17d64-04ed-4110-a34b-e0d697a87210,VN_ABCD_007_HydroCap_2029,Vietnam Hydropower JSC :: HydroCap :: 2029,VN_ABCD_007,Vietnam Hydropower JSC,VN,Power,HydroCap,2028,10052100,10052100,10019898.542775013,10025385.98146164,0.014,0.11,1.2,0.18,56.3,56.46666666666667,62252655.3,62271014.1261854,49418164.866255134,49432738.6943884,VN_PDP8_BASELINE,VN_NZE_STRESS,Vietnam,increasing_carbon_tax_50,0.03,0.08,0.02,1,2027,0.25
8ff17d64-04ed-4110-a34b-e0d697a87210,VN_ABCD_007_HydroCap_2029,Vietnam Hydropower JSC :: HydroCap :: 2029,VN_ABCD_007,Vietnam Hydropower JSC,VN,Power,HydroCap,2029,10052100,10052100,10022303.952832783,10012028.972192463,0.014,0.11,1.2,0.18,56.4,56.733333333333334,62363228.4,62481735.47246243,45838834.59076359,45925940.82679099,VN_PDP8_BASELINE,VN_NZE_STRESS,Vietnam,increasing_carbon_tax_50,0.03,0.08,0.02,1,2027,0.25
8ff17d64-04ed-4110-a34b-e0d697a87210,VN_ABCD_007_HydroCap_2029,Vietnam Hydropower JSC :: HydroCap :: 2029,VN_ABCD_007,Vietnam Hydropower JSC,VN,Power,HydroCap,2030,NA,10063894.26867036,10033632.65826615,9998671.962923283,0.014,0.11,1.2,0.18,56.5,57,62547102.87978629,62691673.20752898,42568507.24312401,42666899.37897535,VN_PDP8_BASELINE,VN_NZE_STRESS,Vietnam,increasing_carbon_tax_50,0.03,0.08,0.02,1,2027,0.25
8ff17d64-04ed-4110-a34b-e0d697a87210,VN_ABCD_007_HydroCap_2029,Vietnam Hydropower JSC :: HydroCap :: 2029,VN_ABCD_007,Vietnam Hydropower JSC,VN,Power,HydroCap,2031,NA,NA,NA,NA,0.014,0.11,1.2,0.18,NA,NA,63798044.93738202,63945506.67167956,1063300748.956367,1065758444.5279926,VN_PDP8_BASELINE,VN_NZE_STRESS,Vietnam,increasing_carbon_tax_50,0.03,0.08,0.02,1,2027,0.25
8ff17d64-04ed-4110-a34b-e0d697a87210,VN_ABCD_007_HydroCap_2030,Vietnam Hydropower JSC :: HydroCap :: 2030,VN_ABCD_007,Vietnam Hydropower JSC,VN,Power,HydroCap,2025,10249200,10249200,10249200,10249200,0.014,0.11,1.2,0.18,56,56,63135072,63135072,63135072,63135072,VN_PDP8_BASELINE,VN_NZE_STRESS,Vietnam,increasing_carbon_tax_50,0.03,0.08,0.02,1,2027,0.25
8ff17d64-04ed-4110-a34b-e0d697a87210,VN_ABCD_007_HydroCap_2030,Vietnam Hydropower JSC :: HydroCap :: 2030,VN_ABCD_007,Vietnam Hydropower JSC,VN,Power,HydroCap,2026,10249200,10249200,10230655.368683018,10249200,0.014,0.11,1.2,0.18,56.1,56.1,63247813.2,63247813.2,58562790,58562790,VN_PDP8_BASELINE,VN_NZE_STRESS,Vietnam,increasing_carbon_tax_50,0.03,0.08,0.02,1,2027,0.25
8ff17d64-04ed-4110-a34b-e0d697a87210,VN_ABCD_007_HydroCap_2030,Vietnam Hydropower JSC :: HydroCap :: 2030,VN_ABCD_007,Vietnam Hydropower JSC,VN,Power,HydroCap,2027,10249200,10249200,10213598.105406817,10235581.088588288,0.014,0.11,1.2,0.18,56.2,56.2,63360554.4,63276362.2896528,54321462.962962955,54249281.79839917,VN_PDP8_BASELINE,VN_NZE_STRESS,Vietnam,increasing_carbon_tax_50,0.03,0.08,0.02,1,2027,0.25
8ff17d64-04ed-4110-a34b-e0d697a87210,VN_ABCD_007_HydroCap_2030,Vietnam Hydropower JSC :: HydroCap :: 2030,VN_ABCD_007,Vietnam Hydropower JSC,VN,Power,HydroCap,2028,10249200,10249200,10216367.141652955,10221962.177176576,0.014,0.11,1.2,0.18,56.3,56.46666666666667,63473295.6,63492014.40316944,50387148.491083674,50402008.08055288,VN_PDP8_BASELINE,VN_NZE_STRESS,Vietnam,increasing_carbon_tax_50,0.03,0.08,0.02,1,2027,0.25
8ff17d64-04ed-4110-a34b-e0d697a87210,VN_ABCD_007_HydroCap_2030,Vietnam Hydropower JSC :: HydroCap :: 2030,VN_ABCD_007,Vietnam Hydropower JSC,VN,Power,HydroCap,2029,10249200,10249200,10218819.716613816,10208343.265764862,0.014,0.11,1.2,0.18,56.4,56.733333333333334,63586036.8,63706867.54054992,46737635.26901386,46826449.47045355,VN_PDP8_BASELINE,VN_NZE_STRESS,Vietnam,increasing_carbon_tax_50,0.03,0.08,0.02,1,2027,0.25
8ff17d64-04ed-4110-a34b-e0d697a87210,VN_ABCD_007_HydroCap_2030,Vietnam Hydropower JSC :: HydroCap :: 2030,VN_ABCD_007,Vietnam Hydropower JSC,VN,Power,HydroCap,2030,10249200,10249200,10230370.553526271,10194724.35435315,0.014,0.11,1.2,0.18,56.5,57,63698778,63920921.70179425,43352317.97838329,43503505.24915133,VN_PDP8_BASELINE,VN_NZE_STRESS,Vietnam,increasing_carbon_tax_50,0.03,0.08,0.02,1,2027,0.25
8ff17d64-04ed-4110-a34b-e0d697a87210,VN_ABCD_007_HydroCap_2030,Vietnam Hydropower JSC :: HydroCap :: 2030,VN_ABCD_007,Vietnam Hydropower JSC,VN,Power,HydroCap,2031,NA,NA,NA,NA,0.014,0.11,1.2,0.18,NA,NA,64972753.56,65199340.13583014,1082879226,1086655668.9305024,VN_PDP8_BASELINE,VN_NZE_STRESS,Vietnam,increasing_carbon_tax_50,0.03,0.08,0.02,1,2027,0.25
8ff17d64-04ed-4110-a34b-e0d697a87210,VN_ABCD_008_RenewablesCap_2025,NA,VN_ABCD_008,NA,NA,Power,RenewablesCap,2025,NA,NA,NA,NA,NA,NA,NA,NA,NA,NA,14348880,NA,14348880,NA,VN_PDP8_BASELINE,VN_NZE_STRESS,Vietnam,increasing_carbon_tax_50,0.03,0.08,0.02,1,2027,0.25
8ff17d64-04ed-4110-a34b-e0d697a87210,VN_ABCD_008_RenewablesCap_2025,NA,VN_ABCD_008,NA,NA,Power,RenewablesCap,2026,NA,NA,NA,NA,NA,NA,NA,NA,NA,NA,14879005.660584003,NA,13776857.093133334,NA,VN_PDP8_BASELINE,VN_NZE_STRESS,Vietnam,increasing_carbon_tax_50,0.03,0.08,0.02,1,2027,0.25
8ff17d64-04ed-4110-a34b-e0d697a87210,VN_ABCD_008_RenewablesCap_2025,NA,VN_ABCD_008,NA,NA,Power,RenewablesCap,2027,NA,NA,NA,NA,NA,NA,NA,NA,NA,NA,15410515.205394778,NA,13212032.92643585,NA,VN_PDP8_BASELINE,VN_NZE_STRESS,Vietnam,increasing_carbon_tax_50,0.03,0.08,0.02,1,2027,0.25
8ff17d64-04ed-4110-a34b-e0d697a87210,VN_ABCD_008_RenewablesCap_2025,NA,VN_ABCD_008,NA,NA,Power,RenewablesCap,2028,NA,NA,NA,NA,NA,NA,NA,NA,NA,NA,15958122.72049279,NA,12668072.321683677,NA,VN_PDP8_BASELINE,VN_NZE_STRESS,Vietnam,increasing_carbon_tax_50,0.03,0.08,0.02,1,2027,0.25
8ff17d64-04ed-4110-a34b-e0d697a87210,VN_ABCD_008_RenewablesCap_2025,NA,VN_ABCD_008,NA,NA,Power,RenewablesCap,2029,NA,NA,NA,NA,NA,NA,NA,NA,NA,NA,16516304.954971794,NA,12139977.19979425,NA,VN_PDP8_BASELINE,VN_NZE_STRESS,Vietnam,increasing_carbon_tax_50,0.03,0.08,0.02,1,2027,0.25
8ff17d64-04ed-4110-a34b-e0d697a87210,VN_ABCD_008_RenewablesCap_2025,NA,VN_ABCD_008,NA,NA,Power,RenewablesCap,2030,NA,NA,NA,NA,NA,NA,NA,NA,NA,NA,17077319.618734736,NA,11622536.782885717,NA,VN_PDP8_BASELINE,VN_NZE_STRESS,Vietnam,increasing_carbon_tax_50,0.03,0.08,0.02,1,2027,0.25
8ff17d64-04ed-4110-a34b-e0d697a87210,VN_ABCD_008_RenewablesCap_2025,NA,VN_ABCD_008,NA,NA,Power,RenewablesCap,2031,NA,NA,NA,NA,NA,NA,NA,NA,NA,NA,17418866.01110943,NA,290314433.5184905,NA,VN_PDP8_BASELINE,VN_NZE_STRESS,Vietnam,increasing_carbon_tax_50,0.03,0.08,0.02,1,2027,0.25
8ff17d64-04ed-4110-a34b-e0d697a87210,VN_ABCD_008_RenewablesCap_2026,Trung Nam Group :: RenewablesCap :: 2026,VN_ABCD_008,Trung Nam Group,VN,Power,RenewablesCap,2025,3547800,3547800,3547800,3547800,0.021,0.1,2,0.3,52,52,18448560,18448560,18448560,18448560,VN_PDP8_BASELINE,VN_NZE_STRESS,Vietnam,increasing_carbon_tax_50,0.03,0.08,0.02,1,2027,0.25
8ff17d64-04ed-4110-a34b-e0d697a87210,VN_ABCD_008_RenewablesCap_2026,Trung Nam Group :: RenewablesCap :: 2026,VN_ABCD_008,Trung Nam Group,VN,Power,RenewablesCap,2026,3618755.9999999995,3618755.9999999995,3717235.8064526087,3618755.9999999995,0.021,0.1,2,0.3,52.2,52.2,18889906.32,18889906.32,17490654,17490654,VN_PDP8_BASELINE,VN_NZE_STRESS,Vietnam,increasing_carbon_tax_50,0.03,0.08,0.02,1,2027,0.25
8ff17d64-04ed-4110-a34b-e0d697a87210,VN_ABCD_008_RenewablesCap_2026,Trung Nam Group :: RenewablesCap :: 2026,VN_ABCD_008,Trung Nam Group,VN,Power,RenewablesCap,2027,NA,3735182.3015972506,3896808.8415995357,3856117.9939358192,0.021,0.1,2,0.3,52.4,52.4,19572355.260369595,19572355.260369595,16780139.969452668,16780139.969452668,VN_PDP8_BASELINE,VN_NZE_STRESS,Vietnam,increasing_carbon_tax_50,0.03,0.08,0.02,1,2027,0.25
8ff17d64-04ed-4110-a34b-e0d697a87210,VN_ABCD_008_RenewablesCap_2026,Trung Nam Group :: RenewablesCap :: 2026,VN_ABCD_008,Trung Nam Group,VN,Power,RenewablesCap,2028,NA,3854658.0971689164,4088135.9791767662,4093479.9878716394,0.021,0.1,2,0.3,52.6,53.6,20275501.5911085,20660967.400825396,16095346.865877675,16401342.053441893,VN_PDP8_BASELINE,VN_NZE_STRESS,Vietnam,increasing_carbon_tax_50,0.03,0.08,0.02,1,2027,0.25
8ff17d64-04ed-4110-a34b-e0d697a87210,VN_ABCD_008_RenewablesCap_2026,Trung Nam Group :: RenewablesCap :: 2026,VN_ABCD_008,Trung Nam Group,VN,Power,RenewablesCap,2029,NA,3975803.78591344,4284237.056958215,4330841.981807459,0.021,0.1,2,0.3,52.8,54.8,20992243.989622965,21787404.746805653,15429926.009559799,16014392.903861307,VN_PDP8_BASELINE,VN_NZE_STRESS,Vietnam,increasing_carbon_tax_50,0.03,0.08,0.02,1,2027,0.25
8ff17d64-04ed-4110-a34b-e0d697a87210,VN_ABCD_008_RenewablesCap_2026,Trung Nam Group :: RenewablesCap :: 2026,VN_ABCD_008,Trung Nam Group,VN,Power,RenewablesCap,2030,NA,4096722.279798314,4480982.255171072,4568203.975743279,0.021,0.1,2,0.3,53,56,21712628.082931068,22941644.76687056,14777249.836686071,15613697.940649431,VN_PDP8_BASELINE,VN_NZE_STRESS,Vietnam,increasing_carbon_tax_50,0.03,0.08,0.02,1,2027,0.25
8ff17d64-04ed-4110-a34b-e0d697a87210,VN_ABCD_008_RenewablesCap_2026,Trung Nam Group :: RenewablesCap :: 2026,VN_ABCD_008,Trung Nam Group,VN,Power,RenewablesCap,2031,NA,NA,NA,NA,0.021,0.1,2,0.3,NA,NA,22146880.64458969,23400477.66220797,369114677.4098282,390007961.0367995,VN_PDP8_BASELINE,VN_NZE_STRESS,Vietnam,increasing_carbon_tax_50,0.03,0.08,0.02,1,2027,0.25
8ff17d64-04ed-4110-a34b-e0d697a87210,VN_ABCD_008_RenewablesCap_2027,Trung Nam Group :: RenewablesCap :: 2027,VN_ABCD_008,Trung Nam Group,VN,Power,RenewablesCap,2025,4204800.000000001,4204800.000000001,4204800.000000001,4204800.000000001,0.021,0.1,2,0.3,52,52,21864960.000000007,21864960.000000007,21864960.000000007,21864960.000000007,VN_PDP8_BASELINE,VN_NZE_STRESS,Vietnam,increasing_carbon_tax_50,0.03,0.08,0.02,1,2027,0.25
8ff17d64-04ed-4110-a34b-e0d697a87210,VN_ABCD_008_RenewablesCap_2027,Trung Nam Group :: RenewablesCap :: 2027,VN_ABCD_008,Trung Nam Group,VN,Power,RenewablesCap,2026,4288896.000000001,4288896.000000001,4405612.807647537,4288896.000000001,0.021,0.1,2,0.3,52.2,52.2,22388037.120000005,22388037.120000005,20729664.000000004,20729664.000000004,VN_PDP8_BASELINE,VN_NZE_STRESS,Vietnam,increasing_carbon_tax_50,0.03,0.08,0.02,1,2027,0.25
8ff17d64-04ed-4110-a34b-e0d697a87210,VN_ABCD_008_RenewablesCap_2027,Trung Nam Group :: RenewablesCap :: 2027,VN_ABCD_008,Trung Nam Group,VN,Power,RenewablesCap,2027,4372992,4372992,4618440.108562414,4570213.91873875,0.021,0.1,2,0.3,52.4,52.4,22914478.08,22914478.08,19645471.60493827,19645471.60493827,VN_PDP8_BASELINE,VN_NZE_STRESS,Vietnam,increasing_carbon_tax_50,0.03,0.08,0.02,1,2027,0.25
8ff17d64-04ed-4110-a34b-e0d697a87210,VN_ABCD_008_RenewablesCap_2027,Trung Nam Group :: RenewablesCap :: 2027,VN_ABCD_008,Trung Nam Group,VN,Power,RenewablesCap,2028,NA,4514592.942899752,4845198.197542834,4851531.8374775,0.021,0.1,2,0.3,52.6,53.6,23746758.879652698,24198218.173942678,18850942.818400312,19209325.76171591,VN_PDP8_BASELINE,VN_NZE_STRESS,Vietnam,increasing_carbon_tax_50,0.03,0.08,0.02,1,2027,0.25
8ff17d64-04ed-4110-a34b-e0d697a87210,VN_ABCD_008_RenewablesCap_2027,Trung Nam Group :: RenewablesCap :: 2027,VN_ABCD_008,Trung Nam Group,VN,Power,RenewablesCap,2029,NA,4658173.018448817,5077614.289728256,5132849.7562162485,0.021,0.1,2,0.3,52.8,54.8,24595153.537409753,25526788.141099513,18078172.084108457,18762951.329718623,VN_PDP8_BASELINE,VN_NZE_STRESS,Vietnam,increasing_carbon_tax_50,0.03,0.08,0.02,1,2027,0.25
8ff17d64-04ed-4110-a34b-e0d697a87210,VN_ABCD_008_RenewablesCap_2027,Trung Nam Group :: RenewablesCap :: 2027,VN_ABCD_008,Trung Nam Group,VN,Power,RenewablesCap,2030,NA,4801483.826016075,5310793.783906457,5414167.674954997,0.021,0.1,2,0.3,53,56,25447864.2778852,26888309.42569002,17319388.827924144,18299731.591768906,VN_PDP8_BASELINE,VN_NZE_STRESS,Vietnam,increasing_carbon_tax_50,0.03,0.08,0.02,1,2027,0.25
8ff17d64-04ed-4110-a34b-e0d697a87210,VN_ABCD_008_RenewablesCap_2027,Trung Nam Group :: RenewablesCap :: 2027,VN_ABCD_008,Trung Nam Group,VN,Power,RenewablesCap,2031,NA,NA,NA,NA,0.021,0.1,2,0.3,NA,NA,25956821.563442905,27426075.614203822,432613692.72404844,457101260.2367304,VN_PDP8_BASELINE,VN_NZE_STRESS,Vietnam,increasing_carbon_tax_50,0.03,0.08,0.02,1,2027,0.25
8ff17d64-04ed-4110-a34b-e0d697a87210,VN_ABCD_008_RenewablesCap_2028,Trung Nam Group :: RenewablesCap :: 2028,VN_ABCD_008,Trung Nam Group,VN,Power,RenewablesCap,2025,4993200,4993200,4993200,4993200,0.021,0.1,2,0.3,52,52,25964640,25964640,25964640,25964640,VN_PDP8_BASELINE,VN_NZE_STRESS,Vietnam,increasing_carbon_tax_50,0.03,0.08,0.02,1,2027,0.25
8ff17d64-04ed-4110-a34b-e0d697a87210,VN_ABCD_008_RenewablesCap_2028,Trung Nam Group :: RenewablesCap :: 2028,VN_ABCD_008,Trung Nam Group,VN,Power,RenewablesCap,2026,5093064,5093064,5231665.20908145,5093064,0.021,0.1,2,0.3,52.2,52.2,26585794.080000002,26585794.080000002,24616476,24616476,VN_PDP8_BASELINE,VN_NZE_STRESS,Vietnam,increasing_carbon_tax_50,0.03,0.08,0.02,1,2027,0.25
8ff17d64-04ed-4110-a34b-e0d697a87210,VN_ABCD_008_RenewablesCap_2028,Trung Nam Group :: RenewablesCap :: 2028,VN_ABCD_008,Trung Nam Group,VN,Power,RenewablesCap,2027,5192928,5192928,5484397.6289178645,5427129.028502265,0.021,0.1,2,0.3,52.4,52.4,27210942.72,27210942.720000003,23328997.530864194,23328997.530864198,VN_PDP8_BASELINE,VN_NZE_STRESS,Vietnam,increasing_carbon_tax_50,0.03,0.08,0.02,1,2027,0.25
8ff17d64-04ed-4110-a34b-e0d697a87210,VN_ABCD_008_RenewablesCap_2028,Trung Nam Group :: RenewablesCap :: 2028,VN_ABCD_008,Trung Nam Group,VN,Power,RenewablesCap,2028,5292792,5292792,5753672.859582115,5761194.057004529,0.021,0.1,2,0.3,52.6,53.6,27840085.92,28369365.120000005,22100357.79606767,22520516.689529035,VN_PDP8_BASELINE,VN_NZE_STRESS,Vietnam,increasing_carbon_tax_50,0.03,0.08,0.02,1,2027,0.25
8ff17d64-04ed-4110-a34b-e0d697a87210,VN_ABCD_008_RenewablesCap_2028,Trung Nam Group :: RenewablesCap :: 2028,VN_ABCD_008,Trung Nam Group,VN,Power,RenewablesCap,2029,NA,5463293.339714514,6029666.969052303,6095259.085506794,0.021,0.1,2,0.3,52.8,54.8,28846188.833692636,29938847.501635537,21202809.93216779,22005946.67202263,VN_PDP8_BASELINE,VN_NZE_STRESS,Vietnam,increasing_carbon_tax_50,0.03,0.08,0.02,1,2027,0.25
8ff17d64-04ed-4110-a34b-e0d697a87210,VN_ABCD_008_RenewablesCap_2028,Trung Nam Group :: RenewablesCap :: 2028,VN_ABCD_008,Trung Nam Group,VN,Power,RenewablesCap,2030,NA,5633474.923700633,6306567.618388916,6429324.114009058,0.021,0.1,2,0.3,53,56,29857417.095613357,31547459.572723545,20320456.38210277,21470670.894297265,VN_PDP8_BASELINE,VN_NZE_STRESS,Vietnam,increasing_carbon_tax_50,0.03,0.08,0.02,1,2027,0.25
8ff17d64-04ed-4110-a34b-e0d697a87210,VN_ABCD_008_RenewablesCap_2028,Trung Nam Group :: RenewablesCap :: 2028,VN_ABCD_008,Trung Nam Group,VN,Power,RenewablesCap,2031,NA,NA,NA,NA,0.021,0.1,2,0.3,NA,NA,30454565.437525623,32178408.764178015,507576090.62542707,536306812.7363003,VN_PDP8_BASELINE,VN_NZE_STRESS,Vietnam,increasing_carbon_tax_50,0.03,0.08,0.02,1,2027,0.25
8ff17d64-04ed-4110-a34b-e0d697a87210,VN_ABCD_008_RenewablesCap_2029,Trung Nam Group :: RenewablesCap :: 2029,VN_ABCD_008,Trung Nam Group,VN,Power,RenewablesCap,2025,5781600,5781600,5781600,5781600,0.021,0.1,2,0.3,52,52,30064320,30064320,30064320,30064320,VN_PDP8_BASELINE,VN_NZE_STRESS,Vietnam,increasing_carbon_tax_50,0.03,0.08,0.02,1,2027,0.25
8ff17d64-04ed-4110-a34b-e0d697a87210,VN_ABCD_008_RenewablesCap_2029,Trung Nam Group :: RenewablesCap :: 2029,VN_ABCD_008,Trung Nam Group,VN,Power,RenewablesCap,2026,5897231.999999999,5897231.999999999,6057717.6105153635,5897231.999999999,0.021,0.1,2,0.3,52.2,52.2,30783551.04,30783551.04,28503287.999999996,28503287.999999996,VN_PDP8_BASELINE,VN_NZE_STRESS,Vietnam,increasing_carbon_tax_50,0.03,0.08,0.02,1,2027,0.25
8ff17d64-04ed-4110-a34b-e0d697a87210,VN_ABCD_008_RenewablesCap_2029,Trung Nam Group :: RenewablesCap :: 2029,VN_ABCD_008,Trung Nam Group,VN,Power,RenewablesCap,2027,6012864,6012864,6350355.149273317,6284044.13826578,0.021,0.1,2,0.3,52.4,52.4,31507407.36,31507407.36,27012523.45679012,27012523.45679012,VN_PDP8_BASELINE,VN_NZE_STRESS,Vietnam,increasing_carbon_tax_50,0.03,0.08,0.02,1,2027,0.25
8ff17d64-04ed-4110-a34b-e0d697a87210,VN_ABCD_008_RenewablesCap_2029,Trung Nam Group :: RenewablesCap :: 2029,VN_ABCD_008,Trung Nam Group,VN,Power,RenewablesCap,2028,6128496,6128496,6662147.521621396,6670856.27653156,0.021,0.1,2,0.3,52.6,53.6,32235888.960000005,32848738.560000002,25589887.974394146,26076387.745770462,VN_PDP8_BASELINE,VN_NZE_STRESS,Vietnam,increasing_carbon_tax_50,0.03,0.08,0.02,1,2027,0.25
8ff17d64-04ed-4110-a34b-e0d697a87210,VN_ABCD_008_RenewablesCap_2029,Trung Nam Group :: RenewablesCap :: 2029,VN_ABCD_008,Trung Nam Group,VN,Power,RenewablesCap,2029,6244128.000000001,6244128.000000001,6981719.64837635,7057668.414797341,0.021,0.1,2,0.3,52.8,54.8,32968995.840000004,34217821.440000005,24233196.159122083,25151120.256058525,VN_PDP8_BASELINE,VN_NZE_STRESS,Vietnam,increasing_carbon_tax_50,0.03,0.08,0.02,1,2027,0.25
8ff17d64-04ed-4110-a34b-e0d697a87210,VN_ABCD_008_RenewablesCap_2029,Trung Nam Group :: RenewablesCap :: 2029,VN_ABCD_008,Trung Nam Group,VN,Power,RenewablesCap,2030,NA,6441180.36040498,7302341.452871377,7444480.553063123,0.021,0.1,2,0.3,53,56,34138255.9101464,36070610.018267885,23233923.348483846,24549051.085190475,VN_PDP8_BASELINE,VN_NZE_STRESS,Vietnam,increasing_carbon_tax_50,0.03,0.08,0.02,1,2027,0.25
8ff17d64-04ed-4110-a34b-e0d697a87210,VN_ABCD_008_RenewablesCap_2029,Trung Nam Group :: RenewablesCap :: 2029,VN_ABCD_008,Trung Nam Group,VN,Power,RenewablesCap,2031,NA,NA,NA,NA,0.021,0.1,2,0.3,NA,NA,34821021.02834933,36792022.21863324,580350350.4724889,613200370.310554,VN_PDP8_BASELINE,VN_NZE_STRESS,Vietnam,increasing_carbon_tax_50,0.03,0.08,0.02,1,2027,0.25
8ff17d64-04ed-4110-a34b-e0d697a87210,VN_ABCD_008_RenewablesCap_2030,Trung Nam Group :: RenewablesCap :: 2030,VN_ABCD_008,Trung Nam Group,VN,Power,RenewablesCap,2025,6570000,6570000,6570000,6570000,0.021,0.1,2,0.3,52,52,34164000,34164000,34164000,34164000,VN_PDP8_BASELINE,VN_NZE_STRESS,Vietnam,increasing_carbon_tax_50,0.03,0.08,0.02,1,2027,0.25
8ff17d64-04ed-4110-a34b-e0d697a87210,VN_ABCD_008_RenewablesCap_2030,Trung Nam Group :: RenewablesCap :: 2030,VN_ABCD_008,Trung Nam Group,VN,Power,RenewablesCap,2026,6701400,6701400,6883770.011949276,6701400,0.021,0.1,2,0.3,52.2,52.2,34981308,34981308,32390099.999999996,32390099.999999996,VN_PDP8_BASELINE,VN_NZE_STRESS,Vietnam,increasing_carbon_tax_50,0.03,0.08,0.02,1,2027,0.25
8ff17d64-04ed-4110-a34b-e0d697a87210,VN_ABCD_008_RenewablesCap_2030,Trung Nam Group :: RenewablesCap :: 2030,VN_ABCD_008,Trung Nam Group,VN,Power,RenewablesCap,2027,6832800,6832800,7216312.669628769,7140959.248029296,0.021,0.1,2,0.3,52.4,52.4,35803872,35803872,30696049.38271605,30696049.38271605,VN_PDP8_BASELINE,VN_NZE_STRESS,Vietnam,increasing_carbon_tax_50,0.03,0.08,0.02,1,2027,0.25
8ff17d64-04ed-4110-a34b-e0d697a87210,VN_ABCD_008_RenewablesCap_2030,Trung Nam Group :: RenewablesCap :: 2030,VN_ABCD_008,Trung Nam Group,VN,Power,RenewablesCap,2028,6964200,6964200,7570622.183660679,7580518.496058593,0.021,0.1,2,0.3,52.6,53.6,36631692,37328112.00000001,29079418.15272062,29632258.802011892,VN_PDP8_BASELINE,VN_NZE_STRESS,Vietnam,increasing_carbon_tax_50,0.03,0.08,0.02,1,2027,0.25
8ff17d64-04ed-4110-a34b-e0d697a87210,VN_ABCD_008_RenewablesCap_2030,Trung Nam Group :: RenewablesCap :: 2030,VN_ABCD_008,Trung Nam Group,VN,Power,RenewablesCap,2029,7095600,7095600,7933772.327700399,8020077.744087888,0.021,0.1,2,0.3,52.8,54.8,37464768,38883888,27537722.908093274,28580818.472793777,VN_PDP8_BASELINE,VN_NZE_STRESS,Vietnam,increasing_carbon_tax_50,0.03,0.08,0.02,1,2027,0.25
8ff17d64-04ed-4110-a34b-e0d697a87210,VN_ABCD_008_RenewablesCap_2030,Trung Nam Group :: RenewablesCap :: 2030,VN_ABCD_008,Trung Nam Group,VN,Power,RenewablesCap,2030,7227000,7227000,8298115.287353838,8459636.992117185,0.021,0.1,2,0.3,53,56,38303100,40471200.00000001,26068446.25430354,27544018.683792427,VN_PDP8_BASELINE,VN_NZE_STRESS,Vietnam,increasing_carbon_tax_50,0.03,0.08,0.02,1,2027,0.25
8ff17d64-04ed-4110-a34b-e0d697a87210,VN_ABCD_008_RenewablesCap_2030,Trung Nam Group :: RenewablesCap :: 2030,VN_ABCD_008,Trung Nam Group,VN,Power,RenewablesCap,2031,NA,NA,NA,NA,0.021,0.1,2,0.3,NA,NA,39069162,41280624.00000001,651152700,688010400.0000001,VN_PDP8_BASELINE,VN_NZE_STRESS,Vietnam,increasing_carbon_tax_50,0.03,0.08,0.02,1,2027,0.25
8ff17d64-04ed-4110-a34b-e0d697a87210,VN_ABCD_009_RenewablesCap_2025,NA,VN_ABCD_009,NA,NA,Power,RenewablesCap,2025,NA,NA,NA,NA,NA,NA,NA,NA,NA,NA,5296786.56,NA,5296786.56,NA,VN_PDP8_BASELINE,VN_NZE_STRESS,Vietnam,increasing_carbon_tax_50,0.03,0.08,0.02,1,2027,0.25
8ff17d64-04ed-4110-a34b-e0d697a87210,VN_ABCD_009_RenewablesCap_2025,NA,VN_ABCD_009,NA,NA,Power,RenewablesCap,2026,NA,NA,NA,NA,NA,NA,NA,NA,NA,NA,5492478.660992722,NA,5085628.3898080755,NA,VN_PDP8_BASELINE,VN_NZE_STRESS,Vietnam,increasing_carbon_tax_50,0.03,0.08,0.02,1,2027,0.25
8ff17d64-04ed-4110-a34b-e0d697a87210,VN_ABCD_009_RenewablesCap_2025,NA,VN_ABCD_009,NA,NA,Power,RenewablesCap,2027,NA,NA,NA,NA,NA,NA,NA,NA,NA,NA,5688681.612962871,NA,4877127.583130033,NA,VN_PDP8_BASELINE,VN_NZE_STRESS,Vietnam,increasing_carbon_tax_50,0.03,0.08,0.02,1,2027,0.25
8ff17d64-04ed-4110-a34b-e0d697a87210,VN_ABCD_009_RenewablesCap_2025,NA,VN_ABCD_009,NA,NA,Power,RenewablesCap,2028,NA,NA,NA,NA,NA,NA,NA,NA,NA,NA,5890827.015679053,NA,4676328.411318661,NA,VN_PDP8_BASELINE,VN_NZE_STRESS,Vietnam,increasing_carbon_tax_50,0.03,0.08,0.02,1,2027,0.25
8ff17d64-04ed-4110-a34b-e0d697a87210,VN_ABCD_009_RenewablesCap_2025,NA,VN_ABCD_009,NA,NA,Power,RenewablesCap,2029,NA,NA,NA,NA,NA,NA,NA,NA,NA,NA,6096876.000521015,NA,4481385.869181191,NA,VN_PDP8_BASELINE,VN_NZE_STRESS,Vietnam,increasing_carbon_tax_50,0.03,0.08,0.02,1,2027,0.25
8ff17d64-04ed-4110-a34b-e0d697a87210,VN_ABCD_009_RenewablesCap_2025,NA,VN_ABCD_009,NA,NA,Power,RenewablesCap,2030,NA,NA,NA,NA,NA,NA,NA,NA,NA,NA,6303970.556401508,NA,4290376.435282384,NA,VN_PDP8_BASELINE,VN_NZE_STRESS,Vietnam,increasing_carbon_tax_50,0.03,0.08,0.02,1,2027,0.25
8ff17d64-04ed-4110-a34b-e0d697a87210,VN_ABCD_009_RenewablesCap_2025,NA,VN_ABCD_009,NA,NA,Power,RenewablesCap,2031,NA,NA,NA,NA,NA,NA,NA,NA,NA,NA,6430049.967529538,NA,107167499.45882563,NA,VN_PDP8_BASELINE,VN_NZE_STRESS,Vietnam,increasing_carbon_tax_50,0.03,0.08,0.02,1,2027,0.25
8ff17d64-04ed-4110-a34b-e0d697a87210,VN_ABCD_009_RenewablesCap_2026,BIM Group :: RenewablesCap :: 2026,VN_ABCD_009,BIM Group,VN,Power,RenewablesCap,2025,1103760,1103760,1103760,1103760,0.018,0.102,1.7,0.27,52,52,5854343.04,5854343.04,5854343.04,5854343.04,VN_PDP8_BASELINE,VN_NZE_STRESS,Vietnam,increasing_carbon_tax_50,0.03,0.08,0.02,1,2027,0.25
8ff17d64-04ed-4110-a34b-e0d697a87210,VN_ABCD_009_RenewablesCap_2026,BIM Group :: RenewablesCap :: 2026,VN_ABCD_009,BIM Group,VN,Power,RenewablesCap,2026,1125835.2000000002,1125835.2000000002,1156473.3620074785,1125835.2000000002,0.018,0.102,1.7,0.27,52.2,52.2,5994396.938880001,5994396.938880001,5550367.536,5550367.536,VN_PDP8_BASELINE,VN_NZE_STRESS,Vietnam,increasing_carbon_tax_50,0.03,0.08,0.02,1,2027,0.25
8ff17d64-04ed-4110-a34b-e0d697a87210,VN_ABCD_009_RenewablesCap_2026,BIM Group :: RenewablesCap :: 2026,VN_ABCD_009,BIM Group,VN,Power,RenewablesCap,2027,NA,1162056.7160524782,1212340.5284976333,1199681.153668922,0.018,0.102,1.7,0.27,52.4,52.4,6210960.735957285,6210960.735957284,5324897.750306314,5324897.750306313,VN_PDP8_BASELINE,VN_NZE_STRESS,Vietnam,increasing_carbon_tax_50,0.03,0.08,0.02,1,2027,0.25
8ff17d64-04ed-4110-a34b-e0d697a87210,VN_ABCD_009_RenewablesCap_2026,BIM Group :: RenewablesCap :: 2026,VN_ABCD_009,BIM Group,VN,Power,RenewablesCap,2028,NA,1199226.9635636632,1271864.526854994,1273527.1073378434,0.018,0.102,1.7,0.27,52.6,53.6,6434092.504911765,6556413.655195259,5107590.072105183,5204692.544958893,VN_PDP8_BASELINE,VN_NZE_STRESS,Vietnam,increasing_carbon_tax_50,0.03,0.08,0.02,1,2027,0.25
8ff17d64-04ed-4110-a34b-e0d697a87210,VN_ABCD_009_RenewablesCap_2026,BIM Group :: RenewablesCap :: 2026,VN_ABCD_009,BIM Group,VN,Power,RenewablesCap,2029,NA,1236916.7333952927,1332873.751053667,1347373.061006765,0.018,0.102,1.7,0.27,52.8,54.8,6661538.759373687,6913869.772986326,4896429.853700309,5081900.681491987,VN_PDP8_BASELINE,VN_NZE_STRESS,Vietnam,increasing_carbon_tax_50,0.03,0.08,0.02,1,2027,0.25
8ff17d64-04ed-4110-a34b-e0d697a87210,VN_ABCD_009_RenewablesCap_2026,BIM Group :: RenewablesCap :: 2026,VN_ABCD_009,BIM Group,VN,Power,RenewablesCap,2030,NA,1274535.8203816982,1394083.3682754447,1421219.0146756866,0.018,0.102,1.7,0.27,53,56,6890140.64498346,7280148.606020261,4689313.9481750475,4954746.813166088,VN_PDP8_BASELINE,VN_NZE_STRESS,Vietnam,increasing_carbon_tax_50,0.03,0.08,0.02,1,2027,0.25
8ff17d64-04ed-4110-a34b-e0d697a87210,VN_ABCD_009_RenewablesCap_2026,BIM Group :: RenewablesCap :: 2026,VN_ABCD_009,BIM Group,VN,Power,RenewablesCap,2031,NA,NA,NA,NA,0.018,0.102,1.7,0.27,NA,NA,7027943.45788313,7425751.578140666,117132390.96471883,123762526.30234444,VN_PDP8_BASELINE,VN_NZE_STRESS,Vietnam,increasing_carbon_tax_50,0.03,0.08,0.02,1,2027,0.25
8ff17d64-04ed-4110-a34b-e0d697a87210,VN_ABCD_009_RenewablesCap_2027,BIM Group :: RenewablesCap :: 2027,VN_ABCD_009,BIM Group,VN,Power,RenewablesCap,2025,1208880.0000000002,1208880.0000000002,1208880.0000000002,1208880.0000000002,0.018,0.102,1.7,0.27,52,52,6411899.520000001,6411899.520000001,6411899.520000001,6411899.520000001,VN_PDP8_BASELINE,VN_NZE_STRESS,Vietnam,increasing_carbon_tax_50,0.03,0.08,0.02,1,2027,0.25
8ff17d64-04ed-4110-a34b-e0d697a87210,VN_ABCD_009_RenewablesCap_2027,BIM Group :: RenewablesCap :: 2027,VN_ABCD_009,BIM Group,VN,Power,RenewablesCap,2026,1233057.6,1233057.6,1266613.682198667,1233057.6,0.018,0.102,1.7,0.27,52.2,52.2,6565291.88544,6565291.88544,6078973.968,6078973.968,VN_PDP8_BASELINE,VN_NZE_STRESS,Vietnam,increasing_carbon_tax_50,0.03,0.08,0.02,1,2027,0.25
8ff17d64-04ed-4110-a34b-e0d697a87210,VN_ABCD_009_RenewablesCap_2027,BIM Group :: RenewablesCap :: 2027,VN_ABCD_009,BIM Group,VN,Power,RenewablesCap,2027,1257235.2000000004,1257235.2000000004,1327801.531211694,1313936.5016373906,0.018,0.102,1.7,0.27,52.4,52.4,6719670.696960001,6719670.696960002,5761034.548148149,5761034.54814815,VN_PDP8_BASELINE,VN_NZE_STRESS,Vietnam,increasing_carbon_tax_50,0.03,0.08,0.02,1,2027,0.25
8ff17d64-04ed-4110-a34b-e0d697a87210,VN_ABCD_009_RenewablesCap_2027,BIM Group :: RenewablesCap :: 2027,VN_ABCD_009,BIM Group,VN,Power,RenewablesCap,2028,NA,1297945.4710836792,1392994.481793565,1394815.403274781,0.018,0.102,1.7,0.27,52.6,53.6,6963737.041458156,7096127.479508691,5528038.981495894,5633134.779623192,VN_PDP8_BASELINE,VN_NZE_STRESS,Vietnam,increasing_carbon_tax_50,0.03,0.08,0.02,1,2027,0.25
8ff17d64-04ed-4110-a34b-e0d697a87210,VN_ABCD_009_RenewablesCap_2027,BIM Group :: RenewablesCap :: 2027,VN_ABCD_009,BIM Group,VN,Power,RenewablesCap,2029,NA,1339224.742804035,1459814.1082968737,1475694.3049121718,0.018,0.102,1.7,0.27,52.8,54.8,7212528.774845411,7485730.622377433,5301423.9636648055,5502235.477439987,VN_PDP8_BASELINE,VN_NZE_STRESS,Vietnam,increasing_carbon_tax_50,0.03,0.08,0.02,1,2027,0.25
8ff17d64-04ed-4110-a34b-e0d697a87210,VN_ABCD_009_RenewablesCap_2027,BIM Group :: RenewablesCap :: 2027,VN_ABCD_009,BIM Group,VN,Power,RenewablesCap,2030,NA,1380426.5999796218,1526853.2128731066,1556573.2065495623,0.018,0.102,1.7,0.27,53,56,7462586.199489836,7884996.739083599,5078910.773788756,5366396.289286233,VN_PDP8_BASELINE,VN_NZE_STRESS,Vietnam,increasing_carbon_tax_50,0.03,0.08,0.02,1,2027,0.25
8ff17d64-04ed-4110-a34b-e0d697a87210,VN_ABCD_009_RenewablesCap_2027,BIM Group :: RenewablesCap :: 2027,VN_ABCD_009,BIM Group,VN,Power,RenewablesCap,2031,NA,NA,NA,NA,0.018,0.102,1.7,0.27,NA,NA,7611837.9234796325,8042696.673865272,126863965.39132722,134044944.5644212,VN_PDP8_BASELINE,VN_NZE_STRESS,Vietnam,increasing_carbon_tax_50,0.03,0.08,0.02,1,2027,0.25
8ff17d64-04ed-4110-a34b-e0d697a87210,VN_ABCD_009_RenewablesCap_2028,BIM Group :: RenewablesCap :: 2028,VN_ABCD_009,BIM Group,VN,Power,RenewablesCap,2025,1340280,1340280,1340280,1340280,0.018,0.102,1.7,0.27,52,52,7108845.119999999,7108845.119999999,7108845.119999999,7108845.119999999,VN_PDP8_BASELINE,VN_NZE_STRESS,Vietnam,increasing_carbon_tax_50,0.03,0.08,0.02,1,2027,0.25
8ff17d64-04ed-4110-a34b-e0d697a87210,VN_ABCD_009_RenewablesCap_2028,BIM Group :: RenewablesCap :: 2028,VN_ABCD_009,BIM Group,VN,Power,RenewablesCap,2026,1367085.6,1367085.6,1404289.0824376522,1367085.6,0.018,0.102,1.7,0.27,52.2,52.2,7278910.56864,7278910.56864,6739732.007999999,6739732.007999999,VN_PDP8_BASELINE,VN_NZE_STRESS,Vietnam,increasing_carbon_tax_50,0.03,0.08,0.02,1,2027,0.25
8ff17d64-04ed-4110-a34b-e0d697a87210,VN_ABCD_009_RenewablesCap_2028,BIM Group :: RenewablesCap :: 2028,VN_ABCD_009,BIM Group,VN,Power,RenewablesCap,2027,1393891.2,1393891.2,1472127.7846042688,1456755.6865979764,0.018,0.102,1.7,0.27,52.4,52.4,7450069.685759999,7450069.685759999,6387233.955555554,6387233.955555554,VN_PDP8_BASELINE,VN_NZE_STRESS,Vietnam,increasing_carbon_tax_50,0.03,0.08,0.02,1,2027,0.25
8ff17d64-04ed-4110-a34b-e0d697a87210,VN_ABCD_009_RenewablesCap_2028,BIM Group :: RenewablesCap :: 2028,VN_ABCD_009,BIM Group,VN,Power,RenewablesCap,2028,1420696.8,1420696.8,1544406.9254667785,1546425.7731959526,0.018,0.102,1.7,0.27,52.6,53.6,7622322.47136,7767233.544960001,6050845.329218106,6165880.411522633,VN_PDP8_BASELINE,VN_NZE_STRESS,Vietnam,increasing_carbon_tax_50,0.03,0.08,0.02,1,2027,0.25
8ff17d64-04ed-4110-a34b-e0d697a87210,VN_ABCD_009_RenewablesCap_2028,BIM Group :: RenewablesCap :: 2028,VN_ABCD_009,BIM Group,VN,Power,RenewablesCap,2029,NA,1466462.949081264,1618489.5548508812,1636095.859793929,0.018,0.102,1.7,0.27,52.8,54.8,7897782.858572055,8196941.300184633,5805106.171954569,6024996.557255879,VN_PDP8_BASELINE,VN_NZE_STRESS,Vietnam,increasing_carbon_tax_50,0.03,0.08,0.02,1,2027,0.25
8ff17d64-04ed-4110-a34b-e0d697a87210,VN_ABCD_009_RenewablesCap_2028,BIM Group :: RenewablesCap :: 2028,VN_ABCD_009,BIM Group,VN,Power,RenewablesCap,2030,NA,1512143.2689933279,1692815.5186201828,1725765.9463919052,0.018,0.102,1.7,0.27,53,56,8174646.51217793,8637362.352489889,5563527.057878873,5878443.6837965455,VN_PDP8_BASELINE,VN_NZE_STRESS,Vietnam,increasing_carbon_tax_50,0.03,0.08,0.02,1,2027,0.25
8ff17d64-04ed-4110-a34b-e0d697a87210,VN_ABCD_009_RenewablesCap_2028,BIM Group :: RenewablesCap :: 2028,VN_ABCD_009,BIM Group,VN,Power,RenewablesCap,2031,NA,NA,NA,NA,0.018,0.102,1.7,0.27,NA,NA,8338139.442421489,8810109.599539686,138968990.70702484,146835159.9923281,VN_PDP8_BASELINE,VN_NZE_STRESS,Vietnam,increasing_carbon_tax_50,0.03,0.08,0.02,1,2027,0.25
8ff17d64-04ed-4110-a34b-e0d697a87210,VN_ABCD_009_RenewablesCap_2029,BIM Group :: RenewablesCap :: 2029,VN_ABCD_009,BIM Group,VN,Power,RenewablesCap,2025,1471680,1471680,1471680,1471680,0.018,0.102,1.7,0.27,52,52,7805790.72,7805790.72,7805790.72,7805790.72,VN_PDP8_BASELINE,VN_NZE_STRESS,Vietnam,increasing_carbon_tax_50,0.03,0.08,0.02,1,2027,0.25
8ff17d64-04ed-4110-a34b-e0d697a87210,VN_ABCD_009_RenewablesCap_2029,BIM Group :: RenewablesCap :: 2029,VN_ABCD_009,BIM Group,VN,Power,RenewablesCap,2026,1501113.5999999999,1501113.5999999999,1541964.4826766378,1501113.5999999999,0.018,0.102,1.7,0.27,52.2,52.2,7992529.25184,7992529.25184,7400490.0479999995,7400490.0479999995,VN_PDP8_BASELINE,VN_NZE_STRESS,Vietnam,increasing_carbon_tax_50,0.03,0.08,0.02,1,2027,0.25
8ff17d64-04ed-4110-a34b-e0d697a87210,VN_ABCD_009_RenewablesCap_2029,BIM Group :: RenewablesCap :: 2029,VN_ABCD_009,BIM Group,VN,Power,RenewablesCap,2027,1530547.2,1530547.2,1616454.0379968442,1599574.8715585622,0.018,0.102,1.7,0.27,52.4,52.4,8180468.674559999,8180468.674559998,7013433.362962962,7013433.362962961,VN_PDP8_BASELINE,VN_NZE_STRESS,Vietnam,increasing_carbon_tax_50,0.03,0.08,0.02,1,2027,0.25
8ff17d64-04ed-4110-a34b-e0d697a87210,VN_ABCD_009_RenewablesCap_2029,BIM Group :: RenewablesCap :: 2029,VN_ABCD_009,BIM Group,VN,Power,RenewablesCap,2028,1559980.8,1559980.8,1695819.369139992,1698036.1431171247,0.018,0.102,1.7,0.27,52.6,53.6,8369608.988159999,8528727.02976,6644065.459533607,6770378.491083675,VN_PDP8_BASELINE,VN_NZE_STRESS,Vietnam,increasing_carbon_tax_50,0.03,0.08,0.02,1,2027,0.25
8ff17d64-04ed-4110-a34b-e0d697a87210,VN_ABCD_009_RenewablesCap_2029,BIM Group :: RenewablesCap :: 2029,VN_ABCD_009,BIM Group,VN,Power,RenewablesCap,2029,1589414.4,1589414.4,1777165.0014048892,1796497.414675687,0.018,0.102,1.7,0.27,52.8,54.8,8559950.19264,8884190.730239999,6291818.93004115,6530145.40466392,VN_PDP8_BASELINE,VN_NZE_STRESS,Vietnam,increasing_carbon_tax_50,0.03,0.08,0.02,1,2027,0.25
8ff17d64-04ed-4110-a34b-e0d697a87210,VN_ABCD_009_RenewablesCap_2029,BIM Group :: RenewablesCap :: 2029,VN_ABCD_009,BIM Group,VN,Power,RenewablesCap,2030,NA,1639573.1826485402,1858777.8243672596,1894958.6862342493,0.018,0.102,1.7,0.27,53,56,8863532.625398008,9365242.019288462,6032371.37120635,6373826.354482181,VN_PDP8_BASELINE,VN_NZE_STRESS,Vietnam,increasing_carbon_tax_50,0.03,0.08,0.02,1,2027,0.25
8ff17d64-04ed-4110-a34b-e0d697a87210,VN_ABCD_009_RenewablesCap_2029,BIM Group :: RenewablesCap :: 2029,VN_ABCD_009,BIM Group,VN,Power,RenewablesCap,2031,NA,NA,NA,NA,0.018,0.102,1.7,0.27,NA,NA,9040803.277905969,9552546.85967423,150680054.63176614,159209114.32790384,VN_PDP8_BASELINE,VN_NZE_STRESS,Vietnam,increasing_carbon_tax_50,0.03,0.08,0.02,1,2027,0.25
8ff17d64-04ed-4110-a34b-e0d697a87210,VN_ABCD_009_RenewablesCap_2030,BIM Group :: RenewablesCap :: 2030,VN_ABCD_009,BIM Group,VN,Power,RenewablesCap,2025,1576800,1576800,1576800,1576800,0.018,0.102,1.7,0.27,52,52,8363347.199999999,8363347.199999999,8363347.199999999,8363347.199999999,VN_PDP8_BASELINE,VN_NZE_STRESS,Vietnam,increasing_carbon_tax_50,0.03,0.08,0.02,1,2027,0.25
8ff17d64-04ed-4110-a34b-e0d697a87210,VN_ABCD_009_RenewablesCap_2030,BIM Group :: RenewablesCap :: 2030,VN_ABCD_009,BIM Group,VN,Power,RenewablesCap,2026,1608336,1608336,1652104.8028678263,1608336,0.018,0.102,1.7,0.27,52.2,52.2,8563424.1984,8563424.1984,7929096.4799999995,7929096.4799999995,VN_PDP8_BASELINE,VN_NZE_STRESS,Vietnam,increasing_carbon_tax_50,0.03,0.08,0.02,1,2027,0.25
8ff17d64-04ed-4110-a34b-e0d697a87210,VN_ABCD_009_RenewablesCap_2030,BIM Group :: RenewablesCap :: 2030,VN_ABCD_009,BIM Group,VN,Power,RenewablesCap,2027,1639872,1639872,1731915.0407109046,1713830.2195270308,0.018,0.102,1.7,0.27,52.4,52.4,8764787.8656,8764787.8656,7514392.888888887,7514392.888888887,VN_PDP8_BASELINE,VN_NZE_STRESS,Vietnam,increasing_carbon_tax_50,0.03,0.08,0.02,1,2027,0.25
8ff17d64-04ed-4110-a34b-e0d697a87210,VN_ABCD_009_RenewablesCap_2030,BIM Group :: RenewablesCap :: 2030,VN_ABCD_009,BIM Group,VN,Power,RenewablesCap,2028,1671408,1671408,1816949.3240785627,1819324.439054062,0.018,0.102,1.7,0.27,52.6,53.6,8967438.201599998,9137921.817599999,7118641.563786006,7253976.954732508,VN_PDP8_BASELINE,VN_NZE_STRESS,Vietnam,increasing_carbon_tax_50,0.03,0.08,0.02,1,2027,0.25
8ff17d64-04ed-4110-a34b-e0d697a87210,VN_ABCD_009_RenewablesCap_2030,BIM Group :: RenewablesCap :: 2030,VN_ABCD_009,BIM Group,VN,Power,RenewablesCap,2029,1702944,1702944,1904105.3586480955,1924818.6585810927,0.018,0.102,1.7,0.27,52.8,54.8,9171375.206399998,9518775.782399999,6741234.567901231,6996584.362139915,VN_PDP8_BASELINE,VN_NZE_STRESS,Vietnam,increasing_carbon_tax_50,0.03,0.08,0.02,1,2027,0.25
8ff17d64-04ed-4110-a34b-e0d697a87210,VN_ABCD_009_RenewablesCap_2030,BIM Group :: RenewablesCap :: 2030,VN_ABCD_009,BIM Group,VN,Power,RenewablesCap,2030,1734480,1734480,1991547.6689649208,2030312.8781081238,0.018,0.102,1.7,0.27,53,56,9376598.879999999,9907349.76,6381555.6430535065,6742775.773792384,VN_PDP8_BASELINE,VN_NZE_STRESS,Vietnam,increasing_carbon_tax_50,0.03,0.08,0.02,1,2027,0.25
8ff17d64-04ed-4110-a34b-e0d697a87210,VN_ABCD_009_RenewablesCap_2030,BIM Group :: RenewablesCap :: 2030,VN_ABCD_009,BIM Group,VN,Power,RenewablesCap,2031,NA,NA,NA,NA,0.018,0.102,1.7,0.27,NA,NA,9564130.8576,10105496.7552,159402180.96,168424945.92000002,VN_PDP8_BASELINE,VN_NZE_STRESS,Vietnam,increasing_carbon_tax_50,0.03,0.08,0.02,1,2027,0.25
8ff17d64-04ed-4110-a34b-e0d697a87210,VN_ABCD_010_RenewablesCap_2025,NA,VN_ABCD_010,NA,NA,Power,RenewablesCap,2025,NA,NA,NA,NA,NA,NA,NA,NA,NA,NA,6963989.760000002,NA,6963989.760000002,NA,VN_PDP8_BASELINE,VN_NZE_STRESS,Vietnam,increasing_carbon_tax_50,0.03,0.08,0.02,1,2027,0.25
8ff17d64-04ed-4110-a34b-e0d697a87210,VN_ABCD_010_RenewablesCap_2025,NA,VN_ABCD_010,NA,NA,Power,RenewablesCap,2026,NA,NA,NA,NA,NA,NA,NA,NA,NA,NA,7221277.413936771,NA,6686367.97586738,NA,VN_PDP8_BASELINE,VN_NZE_STRESS,Vietnam,increasing_carbon_tax_50,0.03,0.08,0.02,1,2027,0.25
8ff17d64-04ed-4110-a34b-e0d697a87210,VN_ABCD_010_RenewablesCap_2025,NA,VN_ABCD_010,NA,NA,Power,RenewablesCap,2027,NA,NA,NA,NA,NA,NA,NA,NA,NA,NA,7479236.713018266,NA,6412239.980296866,NA,VN_PDP8_BASELINE,VN_NZE_STRESS,Vietnam,increasing_carbon_tax_50,0.03,0.08,0.02,1,2027,0.25
8ff17d64-04ed-4110-a34b-e0d697a87210,VN_ABCD_010_RenewablesCap_2025,NA,VN_ABCD_010,NA,NA,Power,RenewablesCap,2028,NA,NA,NA,NA,NA,NA,NA,NA,NA,NA,7745008.893679169,NA,6148237.766790479,NA,VN_PDP8_BASELINE,VN_NZE_STRESS,Vietnam,increasing_carbon_tax_50,0.03,0.08,0.02,1,2027,0.25
8ff17d64-04ed-4110-a34b-e0d697a87210,VN_ABCD_010_RenewablesCap_2025,NA,VN_ABCD_010,NA,NA,Power,RenewablesCap,2029,NA,NA,NA,NA,NA,NA,NA,NA,NA,NA,8015913.338146314,NA,5891935.600966811,NA,VN_PDP8_BASELINE,VN_NZE_STRESS,Vietnam,increasing_carbon_tax_50,0.03,0.08,0.02,1,2027,0.25
8ff17d64-04ed-4110-a34b-e0d697a87210,VN_ABCD_010_RenewablesCap_2025,NA,VN_ABCD_010,NA,NA,Power,RenewablesCap,2030,NA,NA,NA,NA,NA,NA,NA,NA,NA,NA,8288192.454959262,NA,5640804.518627204,NA,VN_PDP8_BASELINE,VN_NZE_STRESS,Vietnam,increasing_carbon_tax_50,0.03,0.08,0.02,1,2027,0.25
8ff17d64-04ed-4110-a34b-e0d697a87210,VN_ABCD_010_RenewablesCap_2025,NA,VN_ABCD_010,NA,NA,Power,RenewablesCap,2031,NA,NA,NA,NA,NA,NA,NA,NA,NA,NA,8453956.304058447,NA,140899271.73430747,NA,VN_PDP8_BASELINE,VN_NZE_STRESS,Vietnam,increasing_carbon_tax_50,0.03,0.08,0.02,1,2027,0.25
8ff17d64-04ed-4110-a34b-e0d697a87210,VN_ABCD_010_RenewablesCap_2026,Thanh Thanh Cong Group :: RenewablesCap :: 2026,VN_ABCD_010,Thanh Thanh Cong Group,VN,Power,RenewablesCap,2025,1524240.0000000002,1524240.0000000002,1524240.0000000002,1524240.0000000002,0.019,0.098,1.85,0.29,52,52,7767527.040000002,7767527.040000002,7767527.040000002,7767527.040000002,VN_PDP8_BASELINE,VN_NZE_STRESS,Vietnam,increasing_carbon_tax_50,0.03,0.08,0.02,1,2027,0.25
8ff17d64-04ed-4110-a34b-e0d697a87210,VN_ABCD_010_RenewablesCap_2026,Thanh Thanh Cong Group :: RenewablesCap :: 2026,VN_ABCD_010,Thanh Thanh Cong Group,VN,Power,RenewablesCap,2026,1554724.8,1554724.8,1597034.6427722322,1554724.8,0.019,0.098,1.85,0.29,52.2,52.2,7953350.186880001,7953350.186880001,7364213.136,7364213.136,VN_PDP8_BASELINE,VN_NZE_STRESS,Vietnam,increasing_carbon_tax_50,0.03,0.08,0.02,1,2027,0.25
8ff17d64-04ed-4110-a34b-e0d697a87210,VN_ABCD_010_RenewablesCap_2026,Thanh Thanh Cong Group :: RenewablesCap :: 2026,VN_ABCD_010,Thanh Thanh Cong Group,VN,Power,RenewablesCap,2027,NA,1604744.9888343748,1674184.5393538747,1656702.5455427968,0.019,0.098,1.85,0.29,52.4,52.4,8240686.466662282,8240686.466662283,7065060.413805111,7065060.413805111,VN_PDP8_BASELINE,VN_NZE_STRESS,Vietnam,increasing_carbon_tax_50,0.03,0.08,0.02,1,2027,0.25
8ff17d64-04ed-4110-a34b-e0d697a87210,VN_ABCD_010_RenewablesCap_2026,Thanh Thanh Cong Group :: RenewablesCap :: 2026,VN_ABCD_010,Thanh Thanh Cong Group,VN,Power,RenewablesCap,2028,NA,1656075.330635535,1756384.3466092777,1758680.2910855936,0.019,0.098,1.85,0.29,52.6,53.6,8536737.114360057,8699032.49676234,6776737.154492499,6905572.4616121305,VN_PDP8_BASELINE,VN_NZE_STRESS,Vietnam,increasing_carbon_tax_50,0.03,0.08,0.02,1,2027,0.25
8ff17d64-04ed-4110-a34b-e0d697a87210,VN_ABCD_010_RenewablesCap_2026,Thanh Thanh Cong Group :: RenewablesCap :: 2026,VN_ABCD_010,Thanh Thanh Cong Group,VN,Power,RenewablesCap,2029,NA,1708123.108022071,1840635.1800264928,1860658.0366283904,0.019,0.098,1.85,0.29,52.8,54.8,8838512.210149404,9173304.339321729,6496570.32876577,6742652.538188716,VN_PDP8_BASELINE,VN_NZE_STRESS,Vietnam,increasing_carbon_tax_50,0.03,0.08,0.02,1,2027,0.25
8ff17d64-04ed-4110-a34b-e0d697a87210,VN_ABCD_010_RenewablesCap_2026,Thanh Thanh Cong Group :: RenewablesCap :: 2026,VN_ABCD_010,Thanh Thanh Cong Group,VN,Power,RenewablesCap,2030,NA,1760073.275765202,1925162.7466660906,1962635.7821711872,0.019,0.098,1.85,0.29,53,56,9141820.594324458,9659282.137399428,6221769.486794343,6573945.118122324,VN_PDP8_BASELINE,VN_NZE_STRESS,Vietnam,increasing_carbon_tax_50,0.03,0.08,0.02,1,2027,0.25
8ff17d64-04ed-4110-a34b-e0d697a87210,VN_ABCD_010_RenewablesCap_2026,Thanh Thanh Cong Group :: RenewablesCap :: 2026,VN_ABCD_010,Thanh Thanh Cong Group,VN,Power,RenewablesCap,2031,NA,NA,NA,NA,0.019,0.098,1.85,0.29,NA,NA,9324657.006210947,9852467.780147417,155410950.1035158,164207796.33579028,VN_PDP8_BASELINE,VN_NZE_STRESS,Vietnam,increasing_carbon_tax_50,0.03,0.08,0.02,1,2027,0.25
8ff17d64-04ed-4110-a34b-e0d697a87210,VN_ABCD_010_RenewablesCap_2027,Thanh Thanh Cong Group :: RenewablesCap :: 2027,VN_ABCD_010,Thanh Thanh Cong Group,VN,Power,RenewablesCap,2025,1681920,1681920,1681920,1681920,0.019,0.098,1.85,0.29,52,52,8571064.32,8571064.32,8571064.32,8571064.32,VN_PDP8_BASELINE,VN_NZE_STRESS,Vietnam,increasing_carbon_tax_50,0.03,0.08,0.02,1,2027,0.25
8ff17d64-04ed-4110-a34b-e0d697a87210,VN_ABCD_010_RenewablesCap_2027,Thanh Thanh Cong Group :: RenewablesCap :: 2027,VN_ABCD_010,Thanh Thanh Cong Group,VN,Power,RenewablesCap,2026,1715558.4000000001,1715558.4000000001,1762245.1230590146,1715558.4000000001,0.019,0.098,1.85,0.29,52.2,52.2,8776110.551040003,8776110.551040003,8126028.2880000025,8126028.2880000025,VN_PDP8_BASELINE,VN_NZE_STRESS,Vietnam,increasing_carbon_tax_50,0.03,0.08,0.02,1,2027,0.25
8ff17d64-04ed-4110-a34b-e0d697a87210,VN_ABCD_010_RenewablesCap_2027,Thanh Thanh Cong Group :: RenewablesCap :: 2027,VN_ABCD_010,Thanh Thanh Cong Group,VN,Power,RenewablesCap,2027,1749196.8,1749196.8,1847376.0434249649,1828085.5674954997,0.019,0.098,1.85,0.29,52.4,52.4,8982475.40736,8982475.407359999,7701024.869135803,7701024.869135801,VN_PDP8_BASELINE,VN_NZE_STRESS,Vietnam,increasing_carbon_tax_50,0.03,0.08,0.02,1,2027,0.25
8ff17d64-04ed-4110-a34b-e0d697a87210,VN_ABCD_010_RenewablesCap_2027,Thanh Thanh Cong Group :: RenewablesCap :: 2027,VN_ABCD_010,Thanh Thanh Cong Group,VN,Power,RenewablesCap,2028,NA,1805837.177159901,1938079.2790171334,1940612.7349909993,0.019,0.098,1.85,0.29,52.6,53.6,9308729.480823858,9485701.524185527,7389569.584812922,7530055.698592636,VN_PDP8_BASELINE,VN_NZE_STRESS,Vietnam,increasing_carbon_tax_50,0.03,0.08,0.02,1,2027,0.25
8ff17d64-04ed-4110-a34b-e0d697a87210,VN_ABCD_010_RenewablesCap_2027,Thanh Thanh Cong Group :: RenewablesCap :: 2027,VN_ABCD_010,Thanh Thanh Cong Group,VN,Power,RenewablesCap,2029,NA,1863269.2073795267,2031045.7158913019,2053139.902486499,0.019,0.098,1.85,0.29,52.8,54.8,9641300.186664624,10006500.95131101,7086643.456970516,7355076.921249702,VN_PDP8_BASELINE,VN_NZE_STRESS,Vietnam,increasing_carbon_tax_50,0.03,0.08,0.02,1,2027,0.25
8ff17d64-04ed-4110-a34b-e0d697a87210,VN_ABCD_010_RenewablesCap_2027,Thanh Thanh Cong Group :: RenewablesCap :: 2027,VN_ABCD_010,Thanh Thanh Cong Group,VN,Power,RenewablesCap,2030,NA,1920593.53040643,2124317.5135625824,2165667.0699819988,0.019,0.098,1.85,0.29,53,56,9975562.796930997,10540217.294870486,6789200.420546263,7173494.783973411,VN_PDP8_BASELINE,VN_NZE_STRESS,Vietnam,increasing_carbon_tax_50,0.03,0.08,0.02,1,2027,0.25
8ff17d64-04ed-4110-a34b-e0d697a87210,VN_ABCD_010_RenewablesCap_2027,Thanh Thanh Cong Group :: RenewablesCap :: 2027,VN_ABCD_010,Thanh Thanh Cong Group,VN,Power,RenewablesCap,2031,NA,NA,NA,NA,0.019,0.098,1.85,0.29,NA,NA,10175074.052869616,10751021.640767897,169584567.54782695,179183694.01279828,VN_PDP8_BASELINE,VN_NZE_STRESS,Vietnam,increasing_carbon_tax_50,0.03,0.08,0.02,1,2027,0.25
8ff17d64-04ed-4110-a34b-e0d697a87210,VN_ABCD_010_RenewablesCap_2028,Thanh Thanh Cong Group :: RenewablesCap :: 2028,VN_ABCD_010,Thanh Thanh Cong Group,VN,Power,RenewablesCap,2025,1839600,1839600,1839600,1839600,0.019,0.098,1.85,0.29,52,52,9374601.6,9374601.6,9374601.6,9374601.6,VN_PDP8_BASELINE,VN_NZE_STRESS,Vietnam,increasing_carbon_tax_50,0.03,0.08,0.02,1,2027,0.25
8ff17d64-04ed-4110-a34b-e0d697a87210,VN_ABCD_010_RenewablesCap_2028,Thanh Thanh Cong Group :: RenewablesCap :: 2028,VN_ABCD_010,Thanh Thanh Cong Group,VN,Power,RenewablesCap,2026,1876392,1876392,1927455.6033457974,1876392,0.019,0.098,1.85,0.29,52.2,52.2,9598870.9152,9598870.9152,8887843.44,8887843.44,VN_PDP8_BASELINE,VN_NZE_STRESS,Vietnam,increasing_carbon_tax_50,0.03,0.08,0.02,1,2027,0.25
8ff17d64-04ed-4110-a34b-e0d697a87210,VN_ABCD_010_RenewablesCap_2028,Thanh Thanh Cong Group :: RenewablesCap :: 2028,VN_ABCD_010,Thanh Thanh Cong Group,VN,Power,RenewablesCap,2027,1913184,1913184,2020567.5474960553,1999468.5894482029,0.019,0.098,1.85,0.29,52.4,52.4,9824582.4768,9824582.4768,8422995.950617284,8422995.950617284,VN_PDP8_BASELINE,VN_NZE_STRESS,Vietnam,increasing_carbon_tax_50,0.03,0.08,0.02,1,2027,0.25
8ff17d64-04ed-4110-a34b-e0d697a87210,VN_ABCD_010_RenewablesCap_2028,Thanh Thanh Cong Group :: RenewablesCap :: 2028,VN_ABCD_010,Thanh Thanh Cong Group,VN,Power,RenewablesCap,2028,1949976,1949976,2119774.2114249896,2122545.1788964057,0.019,0.098,1.85,0.29,52.6,53.6,10051736.2848,10242833.9328,7979392.341106538,8131091.815272061,VN_PDP8_BASELINE,VN_NZE_STRESS,Vietnam,increasing_carbon_tax_50,0.03,0.08,0.02,1,2027,0.25
8ff17d64-04ed-4110-a34b-e0d697a87210,VN_ABCD_010_RenewablesCap_2028,Thanh Thanh Cong Group :: RenewablesCap :: 2028,VN_ABCD_010,Thanh Thanh Cong Group,VN,Power,RenewablesCap,2029,NA,2012792.2830527157,2221456.251756111,2245621.768344608,0.019,0.098,1.85,0.29,52.8,54.8,10414992.389427973,10809499.676906304,7655330.322877424,7945304.95631975,VN_PDP8_BASELINE,VN_NZE_STRESS,Vietnam,increasing_carbon_tax_50,0.03,0.08,0.02,1,2027,0.25
8ff17d64-04ed-4110-a34b-e0d697a87210,VN_ABCD_010_RenewablesCap_2028,Thanh Thanh Cong Group :: RenewablesCap :: 2028,VN_ABCD_010,Thanh Thanh Cong Group,VN,Power,RenewablesCap,2030,NA,2075490.7613633908,2323472.2804590743,2368698.357792811,0.019,0.098,1.85,0.29,53,56,10780099.014521452,11390293.298362289,7336754.251643418,7752042.228151537,VN_PDP8_BASELINE,VN_NZE_STRESS,Vietnam,increasing_carbon_tax_50,0.03,0.08,0.02,1,2027,0.25
8ff17d64-04ed-4110-a34b-e0d697a87210,VN_ABCD_010_RenewablesCap_2028,Thanh Thanh Cong Group :: RenewablesCap :: 2028,VN_ABCD_010,Thanh Thanh Cong Group,VN,Power,RenewablesCap,2031,NA,NA,NA,NA,0.019,0.098,1.85,0.29,NA,NA,10995700.994811881,11618099.164329534,183261683.2468647,193634986.0721589,VN_PDP8_BASELINE,VN_NZE_STRESS,Vietnam,increasing_carbon_tax_50,0.03,0.08,0.02,1,2027,0.25
8ff17d64-04ed-4110-a34b-e0d697a87210,VN_ABCD_010_RenewablesCap_2029,Thanh Thanh Cong Group :: RenewablesCap :: 2029,VN_ABCD_010,Thanh Thanh Cong Group,VN,Power,RenewablesCap,2025,1997280,1997280,1997280,1997280,0.019,0.098,1.85,0.29,52,52,10178138.88,10178138.88,10178138.88,10178138.88,VN_PDP8_BASELINE,VN_NZE_STRESS,Vietnam,increasing_carbon_tax_50,0.03,0.08,0.02,1,2027,0.25
8ff17d64-04ed-4110-a34b-e0d697a87210,VN_ABCD_010_RenewablesCap_2029,Thanh Thanh Cong Group :: RenewablesCap :: 2029,VN_ABCD_010,Thanh Thanh Cong Group,VN,Power,RenewablesCap,2026,2037225.6,2037225.6,2092666.0836325795,2037225.6,0.019,0.098,1.85,0.29,52.2,52.2,10421631.279360002,10421631.279360002,9649658.592000002,9649658.592000002,VN_PDP8_BASELINE,VN_NZE_STRESS,Vietnam,increasing_carbon_tax_50,0.03,0.08,0.02,1,2027,0.25
8ff17d64-04ed-4110-a34b-e0d697a87210,VN_ABCD_010_RenewablesCap_2029,Thanh Thanh Cong Group :: RenewablesCap :: 2029,VN_ABCD_010,Thanh Thanh Cong Group,VN,Power,RenewablesCap,2027,2077171.2,2077171.2,2193759.051567146,2170851.611400906,0.019,0.098,1.85,0.29,52.4,52.4,10666689.54624,10666689.54624,9144967.032098765,9144967.032098765,VN_PDP8_BASELINE,VN_NZE_STRESS,Vietnam,increasing_carbon_tax_50,0.03,0.08,0.02,1,2027,0.25
8ff17d64-04ed-4110-a34b-e0d697a87210,VN_ABCD_010_RenewablesCap_2029,Thanh Thanh Cong Group :: RenewablesCap :: 2029,VN_ABCD_010,Thanh Thanh Cong Group,VN,Power,RenewablesCap,2028,2117116.8000000003,2117116.8000000003,2301469.143832846,2304477.622801812,0.019,0.098,1.85,0.29,52.6,53.6,10913313.680640003,11120791.12704,8663340.256058529,8828042.542295381,VN_PDP8_BASELINE,VN_NZE_STRESS,Vietnam,increasing_carbon_tax_50,0.03,0.08,0.02,1,2027,0.25
8ff17d64-04ed-4110-a34b-e0d697a87210,VN_ABCD_010_RenewablesCap_2029,Thanh Thanh Cong Group :: RenewablesCap :: 2029,VN_ABCD_010,Thanh Thanh Cong Group,VN,Power,RenewablesCap,2029,2157062.4,2157062.4,2411866.787620921,2438103.634202718,0.019,0.098,1.85,0.29,52.8,54.8,11161503.682559999,11584287.91296,8204038.408779147,8514797.439414721,VN_PDP8_BASELINE,VN_NZE_STRESS,Vietnam,increasing_carbon_tax_50,0.03,0.08,0.02,1,2027,0.25
8ff17d64-04ed-4110-a34b-e0d697a87210,VN_ABCD_010_RenewablesCap_2029,Thanh Thanh Cong Group :: RenewablesCap :: 2029,VN_ABCD_010,Thanh Thanh Cong Group,VN,Power,RenewablesCap,2030,NA,2225135.033594447,2522627.0473555666,2571729.645603624,0.019,0.098,1.85,0.29,53,56,11557351.36448956,12211541.064366328,7865739.140886711,8310969.658295393,VN_PDP8_BASELINE,VN_NZE_STRESS,Vietnam,increasing_carbon_tax_50,0.03,0.08,0.02,1,2027,0.25
8ff17d64-04ed-4110-a34b-e0d697a87210,VN_ABCD_010_RenewablesCap_2029,Thanh Thanh Cong Group :: RenewablesCap :: 2029,VN_ABCD_010,Thanh Thanh Cong Group,VN,Power,RenewablesCap,2031,NA,NA,NA,NA,0.019,0.098,1.85,0.29,NA,NA,11788498.39177935,12455771.885653654,196474973.1963225,207596198.09422758,VN_PDP8_BASELINE,VN_NZE_STRESS,Vietnam,increasing_carbon_tax_50,0.03,0.08,0.02,1,2027,0.25
8ff17d64-04ed-4110-a34b-e0d697a87210,VN_ABCD_010_RenewablesCap_2030,Thanh Thanh Cong Group :: RenewablesCap :: 2030,VN_ABCD_010,Thanh Thanh Cong Group,VN,Power,RenewablesCap,2025,2102400.0000000005,2102400.0000000005,2102400.0000000005,2102400.0000000005,0.019,0.098,1.85,0.29,52,52,10713830.400000004,10713830.400000004,10713830.400000004,10713830.400000004,VN_PDP8_BASELINE,VN_NZE_STRESS,Vietnam,increasing_carbon_tax_50,0.03,0.08,0.02,1,2027,0.25
8ff17d64-04ed-4110-a34b-e0d697a87210,VN_ABCD_010_RenewablesCap_2030,Thanh Thanh Cong Group :: RenewablesCap :: 2030,VN_ABCD_010,Thanh Thanh Cong Group,VN,Power,RenewablesCap,2026,2144448.0000000005,2144448.0000000005,2202806.4038237687,2144448.0000000005,0.019,0.098,1.85,0.29,52.2,52.2,10970138.188800003,10970138.188800003,10157535.360000003,10157535.360000003,VN_PDP8_BASELINE,VN_NZE_STRESS,Vietnam,increasing_carbon_tax_50,0.03,0.08,0.02,1,2027,0.25
8ff17d64-04ed-4110-a34b-e0d697a87210,VN_ABCD_010_RenewablesCap_2030,Thanh Thanh Cong Group :: RenewablesCap :: 2030,VN_ABCD_010,Thanh Thanh Cong Group,VN,Power,RenewablesCap,2027,2186496,2186496,2309220.054281207,2285106.959369375,0.019,0.098,1.85,0.29,52.4,52.4,11228094.2592,11228094.259200001,9626281.086419752,9626281.086419754,VN_PDP8_BASELINE,VN_NZE_STRESS,Vietnam,increasing_carbon_tax_50,0.03,0.08,0.02,1,2027,0.25
8ff17d64-04ed-4110-a34b-e0d697a87210,VN_ABCD_010_RenewablesCap_2030,Thanh Thanh Cong Group :: RenewablesCap :: 2030,VN_ABCD_010,Thanh Thanh Cong Group,VN,Power,RenewablesCap,2028,2228544.0000000005,2228544.0000000005,2422599.098771417,2425765.91873875,0.019,0.098,1.85,0.29,52.6,53.6,11487698.611200003,11706095.923200004,9119305.532693189,9292676.36031093,VN_PDP8_BASELINE,VN_NZE_STRESS,Vietnam,increasing_carbon_tax_50,0.03,0.08,0.02,1,2027,0.25
8ff17d64-04ed-4110-a34b-e0d697a87210,VN_ABCD_010_RenewablesCap_2030,Thanh Thanh Cong Group :: RenewablesCap :: 2030,VN_ABCD_010,Thanh Thanh Cong Group,VN,Power,RenewablesCap,2029,2270592.0000000005,2270592.0000000005,2538807.144864128,2566424.8781081242,0.019,0.098,1.85,0.29,52.8,54.8,11748951.244800003,12193987.276800001,8635829.903978053,8962944.673068129,VN_PDP8_BASELINE,VN_NZE_STRESS,Vietnam,increasing_carbon_tax_50,0.03,0.08,0.02,1,2027,0.25
8ff17d64-04ed-4110-a34b-e0d697a87210,VN_ABCD_010_RenewablesCap_2030,Thanh Thanh Cong Group :: RenewablesCap :: 2030,VN_ABCD_010,Thanh Thanh Cong Group,VN,Power,RenewablesCap,2030,2312640.0000000005,2312640.0000000005,2655396.8919532285,2707083.8374774987,0.019,0.098,1.85,0.29,53,56,12011852.160000004,12691768.320000004,8175064.745349593,8637804.259237306,VN_PDP8_BASELINE,VN_NZE_STRESS,Vietnam,increasing_carbon_tax_50,0.03,0.08,0.02,1,2027,0.25
8ff17d64-04ed-4110-a34b-e0d697a87210,VN_ABCD_010_RenewablesCap_2030,Thanh Thanh Cong Group :: RenewablesCap :: 2030,VN_ABCD_010,Thanh Thanh Cong Group,VN,Power,RenewablesCap,2031,NA,NA,NA,NA,0.019,0.098,1.85,0.29,NA,NA,12252089.203200005,12945603.686400004,204201486.7200001,215760061.44000006,VN_PDP8_BASELINE,VN_NZE_STRESS,Vietnam,increasing_carbon_tax_50,0.03,0.08,0.02,1,2027,0.25
8ff17d64-04ed-4110-a34b-e0d697a87210,VN_ABCD_011_RenewablesCap_2025,NA,VN_ABCD_011,NA,NA,Power,RenewablesCap,2025,NA,NA,NA,NA,NA,NA,NA,NA,NA,NA,8349681.6000000015,NA,8349681.6000000015,NA,VN_PDP8_BASELINE,VN_NZE_STRESS,Vietnam,increasing_carbon_tax_50,0.03,0.08,0.02,1,2027,0.25
8ff17d64-04ed-4110-a34b-e0d697a87210,VN_ABCD_011_RenewablesCap_2025,NA,VN_ABCD_011,NA,NA,Power,RenewablesCap,2026,NA,NA,NA,NA,NA,NA,NA,NA,NA,NA,8658164.246301739,NA,8016818.746575683,NA,VN_PDP8_BASELINE,VN_NZE_STRESS,Vietnam,increasing_carbon_tax_50,0.03,0.08,0.02,1,2027,0.25
8ff17d64-04ed-4110-a34b-e0d697a87210,VN_ABCD_011_RenewablesCap_2025,NA,VN_ABCD_011,NA,NA,Power,RenewablesCap,2027,NA,NA,NA,NA,NA,NA,NA,NA,NA,NA,8967452.181424962,NA,7688144.874335529,NA,VN_PDP8_BASELINE,VN_NZE_STRESS,Vietnam,increasing_carbon_tax_50,0.03,0.08,0.02,1,2027,0.25
8ff17d64-04ed-4110-a34b-e0d697a87210,VN_ABCD_011_RenewablesCap_2025,NA,VN_ABCD_011,NA,NA,Power,RenewablesCap,2028,NA,NA,NA,NA,NA,NA,NA,NA,NA,NA,9286107.602115331,NA,7371611.608141647,NA,VN_PDP8_BASELINE,VN_NZE_STRESS,Vietnam,increasing_carbon_tax_50,0.03,0.08,0.02,1,2027,0.25
8ff17d64-04ed-4110-a34b-e0d697a87210,VN_ABCD_011_RenewablesCap_2025,NA,VN_ABCD_011,NA,NA,Power,RenewablesCap,2029,NA,NA,NA,NA,NA,NA,NA,NA,NA,NA,9610916.502369303,NA,7064310.541975512,NA,VN_PDP8_BASELINE,VN_NZE_STRESS,Vietnam,increasing_carbon_tax_50,0.03,0.08,0.02,1,2027,0.25
8ff17d64-04ed-4110-a34b-e0d697a87210,VN_ABCD_011_RenewablesCap_2025,NA,VN_ABCD_011,NA,NA,Power,RenewablesCap,2030,NA,NA,NA,NA,NA,NA,NA,NA,NA,NA,9937373.606711358,NA,6763209.499374452,NA,VN_PDP8_BASELINE,VN_NZE_STRESS,Vietnam,increasing_carbon_tax_50,0.03,0.08,0.02,1,2027,0.25
8ff17d64-04ed-4110-a34b-e0d697a87210,VN_ABCD_011_RenewablesCap_2025,NA,VN_ABCD_011,NA,NA,Power,RenewablesCap,2031,NA,NA,NA,NA,NA,NA,NA,NA,NA,NA,10136121.078845585,NA,168935351.31409308,NA,VN_PDP8_BASELINE,VN_NZE_STRESS,Vietnam,increasing_carbon_tax_50,0.03,0.08,0.02,1,2027,0.25
8ff17d64-04ed-4110-a34b-e0d697a87210,VN_ABCD_011_RenewablesCap_2026,Xuan Thien Group :: RenewablesCap :: 2026,VN_ABCD_011,Xuan Thien Group,VN,Power,RenewablesCap,2025,1918440,1918440,1918440,1918440,0.022,0.094,2.05,0.31,52,52,9377334.72,9377334.72,9377334.72,9377334.72,VN_PDP8_BASELINE,VN_NZE_STRESS,Vietnam,increasing_carbon_tax_50,0.03,0.08,0.02,1,2027,0.25
8ff17d64-04ed-4110-a34b-e0d697a87210,VN_ABCD_011_RenewablesCap_2026,Xuan Thien Group :: RenewablesCap :: 2026,VN_ABCD_011,Xuan Thien Group,VN,Power,RenewablesCap,2026,1956808.8,1956808.8,2010060.8434891882,1956808.8,0.022,0.094,2.05,0.31,52.2,52.2,9601669.41984,9601669.41984,8890434.648,8890434.648,VN_PDP8_BASELINE,VN_NZE_STRESS,Vietnam,increasing_carbon_tax_50,0.03,0.08,0.02,1,2027,0.25
8ff17d64-04ed-4110-a34b-e0d697a87210,VN_ABCD_011_RenewablesCap_2026,Xuan Thien Group :: RenewablesCap :: 2026,VN_ABCD_011,Xuan Thien Group,VN,Power,RenewablesCap,2027,NA,2019765.2445674024,2107163.2995316004,2085160.1004245542,0.022,0.094,2.05,0.31,52.4,52.4,9948555.688641196,9948555.688641198,8529282.997806238,8529282.997806238,VN_PDP8_BASELINE,VN_NZE_STRESS,Vietnam,increasing_carbon_tax_50,0.03,0.08,0.02,1,2027,0.25
8ff17d64-04ed-4110-a34b-e0d697a87210,VN_ABCD_011_RenewablesCap_2026,Xuan Thien Group :: RenewablesCap :: 2026,VN_ABCD_011,Xuan Thien Group,VN,Power,RenewablesCap,2028,NA,2084370.6747654143,2210621.6776289176,2213511.400849108,0.022,0.094,2.05,0.31,52.6,53.6,10305962.364310114,10501893.207738062,8181205.199529823,8336741.420053204,VN_PDP8_BASELINE,VN_NZE_STRESS,Vietnam,increasing_carbon_tax_50,0.03,0.08,0.02,1,2027,0.25
8ff17d64-04ed-4110-a34b-e0d697a87210,VN_ABCD_011_RenewablesCap_2026,Xuan Thien Group :: RenewablesCap :: 2026,VN_ABCD_011,Xuan Thien Group,VN,Power,RenewablesCap,2029,NA,2149879.0842346754,2316661.5196885164,2341862.7012736625,0.022,0.094,2.05,0.31,52.8,54.8,10670279.87087354,11074457.13870966,7842974.242785137,8140056.600466393,VN_PDP8_BASELINE,VN_NZE_STRESS,Vietnam,increasing_carbon_tax_50,0.03,0.08,0.02,1,2027,0.25
8ff17d64-04ed-4110-a34b-e0d697a87210,VN_ABCD_011_RenewablesCap_2026,Xuan Thien Group :: RenewablesCap :: 2026,VN_ABCD_011,Xuan Thien Group,VN,Power,RenewablesCap,2030,NA,2215264.6401872365,2423049.6639073202,2470214.0016982164,0.022,0.094,2.05,0.31,53,56,11036448.437412811,11661153.06594561,7511221.3614325775,7936384.834721213,VN_PDP8_BASELINE,VN_NZE_STRESS,Vietnam,increasing_carbon_tax_50,0.03,0.08,0.02,1,2027,0.25
8ff17d64-04ed-4110-a34b-e0d697a87210,VN_ABCD_011_RenewablesCap_2026,Xuan Thien Group :: RenewablesCap :: 2026,VN_ABCD_011,Xuan Thien Group,VN,Power,RenewablesCap,2031,NA,NA,NA,NA,0.022,0.094,2.05,0.31,NA,NA,11257177.406161068,11894376.127264522,187619623.4360178,198239602.12107536,VN_PDP8_BASELINE,VN_NZE_STRESS,Vietnam,increasing_carbon_tax_50,0.03,0.08,0.02,1,2027,0.25
8ff17d64-04ed-4110-a34b-e0d697a87210,VN_ABCD_011_RenewablesCap_2027,Xuan Thien Group :: RenewablesCap :: 2027,VN_ABCD_011,Xuan Thien Group,VN,Power,RenewablesCap,2025,2128680,2128680,2128680,2128680,0.022,0.094,2.05,0.31,52,52,10404987.84,10404987.84,10404987.84,10404987.84,VN_PDP8_BASELINE,VN_NZE_STRESS,Vietnam,increasing_carbon_tax_50,0.03,0.08,0.02,1,2027,0.25
8ff17d64-04ed-4110-a34b-e0d697a87210,VN_ABCD_011_RenewablesCap_2027,Xuan Thien Group :: RenewablesCap :: 2027,VN_ABCD_011,Xuan Thien Group,VN,Power,RenewablesCap,2026,2171253.6,2171253.6,2230341.483871565,2171253.6,0.022,0.094,2.05,0.31,52.2,52.2,10653907.16448,10653907.16448,9864728.856,9864728.856,VN_PDP8_BASELINE,VN_NZE_STRESS,Vietnam,increasing_carbon_tax_50,0.03,0.08,0.02,1,2027,0.25
8ff17d64-04ed-4110-a34b-e0d697a87210,VN_ABCD_011_RenewablesCap_2027,Xuan Thien Group :: RenewablesCap :: 2027,VN_ABCD_011,Xuan Thien Group,VN,Power,RenewablesCap,2027,2213827.2,2213827.2,2338085.3049597214,2313670.796361492,0.022,0.094,2.05,0.31,52.4,52.4,10904427.25632,10904427.25632,9348788.799999999,9348788.799999999,VN_PDP8_BASELINE,VN_NZE_STRESS,Vietnam,increasing_carbon_tax_50,0.03,0.08,0.02,1,2027,0.25
8ff17d64-04ed-4110-a34b-e0d697a87210,VN_ABCD_011_RenewablesCap_2027,Xuan Thien Group :: RenewablesCap :: 2027,VN_ABCD_011,Xuan Thien Group,VN,Power,RenewablesCap,2028,NA,2285512.6773429997,2452881.5875060596,2456087.992722984,0.022,0.094,2.05,0.31,52.6,53.6,11300488.881854728,11515327.07352497,8970692.413706249,9141237.89685656,VN_PDP8_BASELINE,VN_NZE_STRESS,Vietnam,increasing_carbon_tax_50,0.03,0.08,0.02,1,2027,0.25
8ff17d64-04ed-4110-a34b-e0d697a87210,VN_ABCD_011_RenewablesCap_2027,Xuan Thien Group :: RenewablesCap :: 2027,VN_ABCD_011,Xuan Thien Group,VN,Power,RenewablesCap,2029,NA,2358200.090589714,2570542.2341749286,2598505.189084476,0.022,0.094,2.05,0.31,52.8,54.8,11704218.689614866,12147560.306645734,8602950.140525112,8928819.464029852,VN_PDP8_BASELINE,VN_NZE_STRESS,Vietnam,increasing_carbon_tax_50,0.03,0.08,0.02,1,2027,0.25
8ff17d64-04ed-4110-a34b-e0d697a87210,VN_ABCD_011_RenewablesCap_2027,Xuan Thien Group :: RenewablesCap :: 2027,VN_ABCD_011,Xuan Thien Group,VN,Power,RenewablesCap,2030,NA,2430751.186920638,2688589.3531026435,2740922.3854459673,0.022,0.094,2.05,0.31,53,56,12110002.413238619,12795474.24795024,8241864.158488402,8708384.77123303,VN_PDP8_BASELINE,VN_NZE_STRESS,Vietnam,increasing_carbon_tax_50,0.03,0.08,0.02,1,2027,0.25
8ff17d64-04ed-4110-a34b-e0d697a87210,VN_ABCD_011_RenewablesCap_2027,Xuan Thien Group :: RenewablesCap :: 2027,VN_ABCD_011,Xuan Thien Group,VN,Power,RenewablesCap,2031,NA,NA,NA,NA,0.022,0.094,2.05,0.31,NA,NA,12352202.46150339,13051383.732909244,205870041.0250565,217523062.21515408,VN_PDP8_BASELINE,VN_NZE_STRESS,Vietnam,increasing_carbon_tax_50,0.03,0.08,0.02,1,2027,0.25
8ff17d64-04ed-4110-a34b-e0d697a87210,VN_ABCD_011_RenewablesCap_2028,Xuan Thien Group :: RenewablesCap :: 2028,VN_ABCD_011,Xuan Thien Group,VN,Power,RenewablesCap,2025,2312640,2312640,2312640,2312640,0.022,0.094,2.05,0.31,52,52,11304184.32,11304184.32,11304184.32,11304184.32,VN_PDP8_BASELINE,VN_NZE_STRESS,Vietnam,increasing_carbon_tax_50,0.03,0.08,0.02,1,2027,0.25
8ff17d64-04ed-4110-a34b-e0d697a87210,VN_ABCD_011_RenewablesCap_2028,Xuan Thien Group :: RenewablesCap :: 2028,VN_ABCD_011,Xuan Thien Group,VN,Power,RenewablesCap,2026,2358892.8,2358892.8,2423087.044206145,2358892.8,0.022,0.094,2.05,0.31,52.2,52.2,11574615.19104,11574615.19104,10717236.287999999,10717236.287999999,VN_PDP8_BASELINE,VN_NZE_STRESS,Vietnam,increasing_carbon_tax_50,0.03,0.08,0.02,1,2027,0.25
8ff17d64-04ed-4110-a34b-e0d697a87210,VN_ABCD_011_RenewablesCap_2028,Xuan Thien Group :: RenewablesCap :: 2028,VN_ABCD_011,Xuan Thien Group,VN,Power,RenewablesCap,2027,2405145.6,2405145.6,2540142.059709327,2513617.655306312,0.022,0.094,2.05,0.31,52.4,52.4,11846785.16736,11846785.16736,10156708.819753086,10156708.819753086,VN_PDP8_BASELINE,VN_NZE_STRESS,Vietnam,increasing_carbon_tax_50,0.03,0.08,0.02,1,2027,0.25
8ff17d64-04ed-4110-a34b-e0d697a87210,VN_ABCD_011_RenewablesCap_2028,Xuan Thien Group :: RenewablesCap :: 2028,VN_ABCD_011,Xuan Thien Group,VN,Power,RenewablesCap,2028,2451398.4000000004,2451398.4000000004,2664859.0086485585,2668342.5106126238,0.022,0.094,2.05,0.31,52.6,53.6,12120694.248960001,12351125.698560001,9621797.8783722,9804721.792409694,VN_PDP8_BASELINE,VN_NZE_STRESS,Vietnam,increasing_carbon_tax_50,0.03,0.08,0.02,1,2027,0.25
8ff17d64-04ed-4110-a34b-e0d697a87210,VN_ABCD_011_RenewablesCap_2028,Xuan Thien Group :: RenewablesCap :: 2028,VN_ABCD_011,Xuan Thien Group,VN,Power,RenewablesCap,2029,NA,2530367.441551985,2792687.85935054,2823067.365918936,0.022,0.094,2.05,0.31,52.8,54.8,12558719.685910812,13034428.764922585,9231033.882046944,9580694.256366903,VN_PDP8_BASELINE,VN_NZE_STRESS,Vietnam,increasing_carbon_tax_50,0.03,0.08,0.02,1,2027,0.25
8ff17d64-04ed-4110-a34b-e0d697a87210,VN_ABCD_011_RenewablesCap_2028,Xuan Thien Group :: RenewablesCap :: 2028,VN_ABCD_011,Xuan Thien Group,VN,Power,RenewablesCap,2030,NA,2609188.3857139773,2920936.581148551,2977792.221225248,0.022,0.094,2.05,0.31,53,56,12998976.537627034,13734767.662398377,8846885.01014495,9347652.086190892,VN_PDP8_BASELINE,VN_NZE_STRESS,Vietnam,increasing_carbon_tax_50,0.03,0.08,0.02,1,2027,0.25
8ff17d64-04ed-4110-a34b-e0d697a87210,VN_ABCD_011_RenewablesCap_2028,Xuan Thien Group :: RenewablesCap :: 2028,VN_ABCD_011,Xuan Thien Group,VN,Power,RenewablesCap,2031,NA,NA,NA,NA,0.022,0.094,2.05,0.31,NA,NA,13258956.068379575,14009463.015646346,220982601.13965958,233491050.26077244,VN_PDP8_BASELINE,VN_NZE_STRESS,Vietnam,increasing_carbon_tax_50,0.03,0.08,0.02,1,2027,0.25
8ff17d64-04ed-4110-a34b-e0d697a87210,VN_ABCD_011_RenewablesCap_2029,Xuan Thien Group :: RenewablesCap :: 2029,VN_ABCD_011,Xuan Thien Group,VN,Power,RenewablesCap,2025,2496600,2496600,2496600,2496600,0.022,0.094,2.05,0.31,52,52,12203380.8,12203380.8,12203380.8,12203380.8,VN_PDP8_BASELINE,VN_NZE_STRESS,Vietnam,increasing_carbon_tax_50,0.03,0.08,0.02,1,2027,0.25
8ff17d64-04ed-4110-a34b-e0d697a87210,VN_ABCD_011_RenewablesCap_2029,Xuan Thien Group :: RenewablesCap :: 2029,VN_ABCD_011,Xuan Thien Group,VN,Power,RenewablesCap,2026,2546532,2546532,2615832.604540725,2546532,0.022,0.094,2.05,0.31,52.2,52.2,12495323.217600001,12495323.217600001,11569743.72,11569743.72,VN_PDP8_BASELINE,VN_NZE_STRESS,Vietnam,increasing_carbon_tax_50,0.03,0.08,0.02,1,2027,0.25
8ff17d64-04ed-4110-a34b-e0d697a87210,VN_ABCD_011_RenewablesCap_2029,Xuan Thien Group :: RenewablesCap :: 2029,VN_ABCD_011,Xuan Thien Group,VN,Power,RenewablesCap,2027,2596464,2596464,2742198.8144589323,2713564.5142511325,0.022,0.094,2.05,0.31,52.4,52.4,12789143.078399999,12789143.078399999,10964628.839506172,10964628.839506172,VN_PDP8_BASELINE,VN_NZE_STRESS,Vietnam,increasing_carbon_tax_50,0.03,0.08,0.02,1,2027,0.25
8ff17d64-04ed-4110-a34b-e0d697a87210,VN_ABCD_011_RenewablesCap_2029,Xuan Thien Group :: RenewablesCap :: 2029,VN_ABCD_011,Xuan Thien Group,VN,Power,RenewablesCap,2028,2646396,2646396,2876836.4297910575,2880597.0285022645,0.022,0.094,2.05,0.31,52.6,53.6,13084840.382399999,13333601.606400002,10387168.164151805,10584642.844078647,VN_PDP8_BASELINE,VN_NZE_STRESS,Vietnam,increasing_carbon_tax_50,0.03,0.08,0.02,1,2027,0.25
8ff17d64-04ed-4110-a34b-e0d697a87210,VN_ABCD_011_RenewablesCap_2029,Xuan Thien Group :: RenewablesCap :: 2029,VN_ABCD_011,Xuan Thien Group,VN,Power,RenewablesCap,2029,2696328,2696328,3014833.4845261513,3047629.542753397,0.022,0.094,2.05,0.31,52.8,54.8,13382415.129600001,13889324.793599999,9836474.622770919,10209068.358481936,VN_PDP8_BASELINE,VN_NZE_STRESS,Vietnam,increasing_carbon_tax_50,0.03,0.08,0.02,1,2027,0.25
8ff17d64-04ed-4110-a34b-e0d697a87210,VN_ABCD_011_RenewablesCap_2029,Xuan Thien Group :: RenewablesCap :: 2029,VN_ABCD_011,Xuan Thien Group,VN,Power,RenewablesCap,2030,NA,2781418.7919930597,3153283.809194458,3214662.057004529,0.022,0.094,2.05,0.31,53,56,13857028.421709424,14641388.521051463,9430860.704634579,9964683.008670496,VN_PDP8_BASELINE,VN_NZE_STRESS,Vietnam,increasing_carbon_tax_50,0.03,0.08,0.02,1,2027,0.25
8ff17d64-04ed-4110-a34b-e0d697a87210,VN_ABCD_011_RenewablesCap_2029,Xuan Thien Group :: RenewablesCap :: 2029,VN_ABCD_011,Xuan Thien Group,VN,Power,RenewablesCap,2031,NA,NA,NA,NA,0.022,0.094,2.05,0.31,NA,NA,14134168.990143612,14934216.291472493,235569483.1690602,248903604.8578749,VN_PDP8_BASELINE,VN_NZE_STRESS,Vietnam,increasing_carbon_tax_50,0.03,0.08,0.02,1,2027,0.25
8ff17d64-04ed-4110-a34b-e0d697a87210,VN_ABCD_011_RenewablesCap_2030,Xuan Thien Group :: RenewablesCap :: 2030,VN_ABCD_011,Xuan Thien Group,VN,Power,RenewablesCap,2025,2628000,2628000,2628000,2628000,0.022,0.094,2.05,0.31,52,52,12845664,12845664,12845664,12845664,VN_PDP8_BASELINE,VN_NZE_STRESS,Vietnam,increasing_carbon_tax_50,0.03,0.08,0.02,1,2027,0.25
8ff17d64-04ed-4110-a34b-e0d697a87210,VN_ABCD_011_RenewablesCap_2030,Xuan Thien Group :: RenewablesCap :: 2030,VN_ABCD_011,Xuan Thien Group,VN,Power,RenewablesCap,2026,2680560,2680560,2753508.00477971,2680560,0.022,0.094,2.05,0.31,52.2,52.2,13152971.808,13152971.808,12178677.6,12178677.6,VN_PDP8_BASELINE,VN_NZE_STRESS,Vietnam,increasing_carbon_tax_50,0.03,0.08,0.02,1,2027,0.25
8ff17d64-04ed-4110-a34b-e0d697a87210,VN_ABCD_011_RenewablesCap_2030,Xuan Thien Group :: RenewablesCap :: 2030,VN_ABCD_011,Xuan Thien Group,VN,Power,RenewablesCap,2027,2733120,2733120,2886525.0678515076,2856383.699211718,0.022,0.094,2.05,0.31,52.4,52.4,13462255.872,13462255.872000001,11541714.567901233,11541714.567901235,VN_PDP8_BASELINE,VN_NZE_STRESS,Vietnam,increasing_carbon_tax_50,0.03,0.08,0.02,1,2027,0.25
8ff17d64-04ed-4110-a34b-e0d697a87210,VN_ABCD_011_RenewablesCap_2030,Xuan Thien Group :: RenewablesCap :: 2030,VN_ABCD_011,Xuan Thien Group,VN,Power,RenewablesCap,2028,2785680,2785680,3028248.873464271,3032207.398423436,0.022,0.094,2.05,0.31,52.6,53.6,13773516.192,14035370.112000002,10933861.225422952,11141729.30955647,VN_PDP8_BASELINE,VN_NZE_STRESS,Vietnam,increasing_carbon_tax_50,0.03,0.08,0.02,1,2027,0.25
8ff17d64-04ed-4110-a34b-e0d697a87210,VN_ABCD_011_RenewablesCap_2030,Xuan Thien Group :: RenewablesCap :: 2030,VN_ABCD_011,Xuan Thien Group,VN,Power,RenewablesCap,2029,2838240,2838240,3173508.9310801593,3208031.0976351546,0.022,0.094,2.05,0.31,52.8,54.8,14086752.768,14620341.887999997,10354183.81344307,10746387.745770456,VN_PDP8_BASELINE,VN_NZE_STRESS,Vietnam,increasing_carbon_tax_50,0.03,0.08,0.02,1,2027,0.25
8ff17d64-04ed-4110-a34b-e0d697a87210,VN_ABCD_011_RenewablesCap_2030,Xuan Thien Group :: RenewablesCap :: 2030,VN_ABCD_011,Xuan Thien Group,VN,Power,RenewablesCap,2030,2890800,2890800,3319246.114941535,3383854.7968468727,0.022,0.094,2.05,0.31,53,56,14401965.6,15217171.200000001,9801735.791618131,10356551.025105951,VN_PDP8_BASELINE,VN_NZE_STRESS,Vietnam,increasing_carbon_tax_50,0.03,0.08,0.02,1,2027,0.25
8ff17d64-04ed-4110-a34b-e0d697a87210,VN_ABCD_011_RenewablesCap_2030,Xuan Thien Group :: RenewablesCap :: 2030,VN_ABCD_011,Xuan Thien Group,VN,Power,RenewablesCap,2031,NA,NA,NA,NA,0.022,0.094,2.05,0.31,NA,NA,14690004.912,15521514.624000002,244833415.20000002,258691910.40000004,VN_PDP8_BASELINE,VN_NZE_STRESS,Vietnam,increasing_carbon_tax_50,0.03,0.08,0.02,1,2027,0.25
8ff17d64-04ed-4110-a34b-e0d697a87210,VN_ABCD_012_RenewablesCap_2025,NA,VN_ABCD_012,NA,NA,Power,RenewablesCap,2025,NA,NA,NA,NA,NA,NA,NA,NA,NA,NA,6625082.880000001,NA,6625082.880000001,NA,VN_PDP8_BASELINE,VN_NZE_STRESS,Vietnam,increasing_carbon_tax_50,0.03,0.08,0.02,1,2027,0.25
8ff17d64-04ed-4110-a34b-e0d697a87210,VN_ABCD_012_RenewablesCap_2025,NA,VN_ABCD_012,NA,NA,Power,RenewablesCap,2026,NA,NA,NA,NA,NA,NA,NA,NA,NA,NA,6869849.470715357,NA,6360971.732143848,NA,VN_PDP8_BASELINE,VN_NZE_STRESS,Vietnam,increasing_carbon_tax_50,0.03,0.08,0.02,1,2027,0.25
8ff17d64-04ed-4110-a34b-e0d697a87210,VN_ABCD_012_RenewablesCap_2025,NA,VN_ABCD_012,NA,NA,Power,RenewablesCap,2027,NA,NA,NA,NA,NA,NA,NA,NA,NA,NA,7115255.020547988,NA,6100184.345462952,NA,VN_PDP8_BASELINE,VN_NZE_STRESS,Vietnam,increasing_carbon_tax_50,0.03,0.08,0.02,1,2027,0.25
8ff17d64-04ed-4110-a34b-e0d697a87210,VN_ABCD_012_RenewablesCap_2025,NA,VN_ABCD_012,NA,NA,Power,RenewablesCap,2028,NA,NA,NA,NA,NA,NA,NA,NA,NA,NA,7368093.233233245,NA,5849029.963383094,NA,VN_PDP8_BASELINE,VN_NZE_STRESS,Vietnam,increasing_carbon_tax_50,0.03,0.08,0.02,1,2027,0.25
8ff17d64-04ed-4110-a34b-e0d697a87210,VN_ABCD_012_RenewablesCap_2025,NA,VN_ABCD_012,NA,NA,Power,RenewablesCap,2029,NA,NA,NA,NA,NA,NA,NA,NA,NA,NA,7625813.94492412,NA,5605200.901390716,NA,VN_PDP8_BASELINE,VN_NZE_STRESS,Vietnam,increasing_carbon_tax_50,0.03,0.08,0.02,1,2027,0.25
8ff17d64-04ed-4110-a34b-e0d697a87210,VN_ABCD_012_RenewablesCap_2025,NA,VN_ABCD_012,NA,NA,Power,RenewablesCap,2030,NA,NA,NA,NA,NA,NA,NA,NA,NA,NA,7884842.429678668,NA,5366291.268898092,NA,VN_PDP8_BASELINE,VN_NZE_STRESS,Vietnam,increasing_carbon_tax_50,0.03,0.08,0.02,1,2027,0.25
8ff17d64-04ed-4110-a34b-e0d697a87210,VN_ABCD_012_RenewablesCap_2025,NA,VN_ABCD_012,NA,NA,Power,RenewablesCap,2031,NA,NA,NA,NA,NA,NA,NA,NA,NA,NA,8042539.278272241,NA,134042321.30453736,NA,VN_PDP8_BASELINE,VN_NZE_STRESS,Vietnam,increasing_carbon_tax_50,0.03,0.08,0.02,1,2027,0.25
8ff17d64-04ed-4110-a34b-e0d697a87210,VN_ABCD_012_RenewablesCap_2026,T&T Group :: RenewablesCap :: 2026,VN_ABCD_012,T&T Group,VN,Power,RenewablesCap,2025,1471680,1471680,1471680,1471680,0.017,0.101,1.65,0.27,52,52,7729263.36,7729263.36,7729263.36,7729263.36,VN_PDP8_BASELINE,VN_NZE_STRESS,Vietnam,increasing_carbon_tax_50,0.03,0.08,0.02,1,2027,0.25
8ff17d64-04ed-4110-a34b-e0d697a87210,VN_ABCD_012_RenewablesCap_2026,T&T Group :: RenewablesCap :: 2026,VN_ABCD_012,T&T Group,VN,Power,RenewablesCap,2026,1501113.5999999999,1501113.5999999999,1541964.4826766378,1501113.5999999999,0.017,0.101,1.65,0.27,52.2,52.2,7914171.121920001,7914171.121920001,7327936.224,7327936.224,VN_PDP8_BASELINE,VN_NZE_STRESS,Vietnam,increasing_carbon_tax_50,0.03,0.08,0.02,1,2027,0.25
8ff17d64-04ed-4110-a34b-e0d697a87210,VN_ABCD_012_RenewablesCap_2026,T&T Group :: RenewablesCap :: 2026,VN_ABCD_012,T&T Group,VN,Power,RenewablesCap,2027,NA,1549408.9547366377,1616454.0379968442,1599574.8715585622,0.017,0.101,1.65,0.27,52.4,52.4,8200091.952048182,8200091.952048181,7030257.160535134,7030257.160535133,VN_PDP8_BASELINE,VN_NZE_STRESS,Vietnam,increasing_carbon_tax_50,0.03,0.08,0.02,1,2027,0.25
8ff17d64-04ed-4110-a34b-e0d697a87210,VN_ABCD_012_RenewablesCap_2026,T&T Group :: RenewablesCap :: 2026,VN_ABCD_012,T&T Group,VN,Power,RenewablesCap,2028,NA,1598969.2847515508,1695819.369139992,1698036.1431171247,0.017,0.101,1.65,0.27,52.6,53.6,8494684.222171089,8656180.119930996,6743354.212844752,6871554.863279062,VN_PDP8_BASELINE,VN_NZE_STRESS,Vietnam,increasing_carbon_tax_50,0.03,0.08,0.02,1,2027,0.25
8ff17d64-04ed-4110-a34b-e0d697a87210,VN_ABCD_012_RenewablesCap_2026,T&T Group :: RenewablesCap :: 2026,VN_ABCD_012,T&T Group,VN,Power,RenewablesCap,2029,NA,1649222.3111937235,1777165.0014048892,1796497.414675687,0.017,0.101,1.65,0.27,52.8,54.8,8794972.74113389,9128115.647995021,6464567.5192644615,6709437.5010547815,VN_PDP8_BASELINE,VN_NZE_STRESS,Vietnam,increasing_carbon_tax_50,0.03,0.08,0.02,1,2027,0.25
8ff17d64-04ed-4110-a34b-e0d697a87210,VN_ABCD_012_RenewablesCap_2026,T&T Group :: RenewablesCap :: 2026,VN_ABCD_012,T&T Group,VN,Power,RenewablesCap,2030,NA,1699381.0938422638,1858777.8243672596,1894958.6862342493,0.017,0.101,1.65,0.27,53,56,9096786.995337639,9611699.466771845,6191120.376021957,6541561.1520232,VN_PDP8_BASELINE,VN_NZE_STRESS,Vietnam,increasing_carbon_tax_50,0.03,0.08,0.02,1,2027,0.25
8ff17d64-04ed-4110-a34b-e0d697a87210,VN_ABCD_012_RenewablesCap_2026,T&T Group :: RenewablesCap :: 2026,VN_ABCD_012,T&T Group,VN,Power,RenewablesCap,2031,NA,NA,NA,NA,0.017,0.101,1.65,0.27,NA,NA,9278722.735244391,9803933.456107281,154645378.92073986,163398890.93512136,VN_PDP8_BASELINE,VN_NZE_STRESS,Vietnam,increasing_carbon_tax_50,0.03,0.08,0.02,1,2027,0.25
8ff17d64-04ed-4110-a34b-e0d697a87210,VN_ABCD_012_RenewablesCap_2027,T&T Group :: RenewablesCap :: 2027,VN_ABCD_012,T&T Group,VN,Power,RenewablesCap,2025,1681920,1681920,1681920,1681920,0.017,0.101,1.65,0.27,52,52,8833443.84,8833443.84,8833443.84,8833443.84,VN_PDP8_BASELINE,VN_NZE_STRESS,Vietnam,increasing_carbon_tax_50,0.03,0.08,0.02,1,2027,0.25
8ff17d64-04ed-4110-a34b-e0d697a87210,VN_ABCD_012_RenewablesCap_2027,T&T Group :: RenewablesCap :: 2027,VN_ABCD_012,T&T Group,VN,Power,RenewablesCap,2026,1715558.4000000001,1715558.4000000001,1762245.1230590146,1715558.4000000001,0.017,0.101,1.65,0.27,52.2,52.2,9044766.996480003,9044766.996480003,8374784.256000002,8374784.256000002,VN_PDP8_BASELINE,VN_NZE_STRESS,Vietnam,increasing_carbon_tax_50,0.03,0.08,0.02,1,2027,0.25
8ff17d64-04ed-4110-a34b-e0d697a87210,VN_ABCD_012_RenewablesCap_2027,T&T Group :: RenewablesCap :: 2027,VN_ABCD_012,T&T Group,VN,Power,RenewablesCap,2027,1749196.8,1749196.8,1847376.0434249649,1828085.5674954997,0.017,0.101,1.65,0.27,52.4,52.4,9257449.14432,9257449.14432,7936770.528395061,7936770.528395061,VN_PDP8_BASELINE,VN_NZE_STRESS,Vietnam,increasing_carbon_tax_50,0.03,0.08,0.02,1,2027,0.25
8ff17d64-04ed-4110-a34b-e0d697a87210,VN_ABCD_012_RenewablesCap_2027,T&T Group :: RenewablesCap :: 2027,VN_ABCD_012,T&T Group,VN,Power,RenewablesCap,2028,NA,1805837.177159901,1938079.2790171334,1940612.7349909993,0.017,0.101,1.65,0.27,52.6,53.6,9593690.58737969,9776080.14227284,7615780.898633727,7760567.607733226,VN_PDP8_BASELINE,VN_NZE_STRESS,Vietnam,increasing_carbon_tax_50,0.03,0.08,0.02,1,2027,0.25
8ff17d64-04ed-4110-a34b-e0d697a87210,VN_ABCD_012_RenewablesCap_2027,T&T Group :: RenewablesCap :: 2027,VN_ABCD_012,T&T Group,VN,Power,RenewablesCap,2029,NA,1863269.2073795267,2031045.7158913019,2053139.902486499,0.017,0.101,1.65,0.27,52.8,54.8,9936442.02911354,10312822.409004204,7303581.521979817,7580232.337206325,VN_PDP8_BASELINE,VN_NZE_STRESS,Vietnam,increasing_carbon_tax_50,0.03,0.08,0.02,1,2027,0.25
8ff17d64-04ed-4110-a34b-e0d697a87210,VN_ABCD_012_RenewablesCap_2027,T&T Group :: RenewablesCap :: 2027,VN_ABCD_012,T&T Group,VN,Power,RenewablesCap,2030,NA,1920593.53040643,2124317.5135625824,2165667.0699819988,0.017,0.101,1.65,0.27,53,56,10280937.16826562,10862877.007978767,6997033.086481354,7393091.563074637,VN_PDP8_BASELINE,VN_NZE_STRESS,Vietnam,increasing_carbon_tax_50,0.03,0.08,0.02,1,2027,0.25
8ff17d64-04ed-4110-a34b-e0d697a87210,VN_ABCD_012_RenewablesCap_2027,T&T Group :: RenewablesCap :: 2027,VN_ABCD_012,T&T Group,VN,Power,RenewablesCap,2031,NA,NA,NA,NA,0.017,0.101,1.65,0.27,NA,NA,10486555.911630932,11080134.548138343,174775931.86051553,184668909.13563904,VN_PDP8_BASELINE,VN_NZE_STRESS,Vietnam,increasing_carbon_tax_50,0.03,0.08,0.02,1,2027,0.25
8ff17d64-04ed-4110-a34b-e0d697a87210,VN_ABCD_012_RenewablesCap_2028,T&T Group :: RenewablesCap :: 2028,VN_ABCD_012,T&T Group,VN,Power,RenewablesCap,2025,1839600,1839600,1839600,1839600,0.017,0.101,1.65,0.27,52,52,9661579.200000001,9661579.200000001,9661579.200000001,9661579.200000001,VN_PDP8_BASELINE,VN_NZE_STRESS,Vietnam,increasing_carbon_tax_50,0.03,0.08,0.02,1,2027,0.25
8ff17d64-04ed-4110-a34b-e0d697a87210,VN_ABCD_012_RenewablesCap_2028,T&T Group :: RenewablesCap :: 2028,VN_ABCD_012,T&T Group,VN,Power,RenewablesCap,2026,1876392,1876392,1927455.6033457974,1876392,0.017,0.101,1.65,0.27,52.2,52.2,9892713.902400002,9892713.902400002,9159920.280000001,9159920.280000001,VN_PDP8_BASELINE,VN_NZE_STRESS,Vietnam,increasing_carbon_tax_50,0.03,0.08,0.02,1,2027,0.25
8ff17d64-04ed-4110-a34b-e0d697a87210,VN_ABCD_012_RenewablesCap_2028,T&T Group :: RenewablesCap :: 2028,VN_ABCD_012,T&T Group,VN,Power,RenewablesCap,2027,1913184,1913184,2020567.5474960553,1999468.5894482029,0.017,0.101,1.65,0.27,52.4,52.4,10125335.0016,10125335.0016,8680842.765432097,8680842.765432097,VN_PDP8_BASELINE,VN_NZE_STRESS,Vietnam,increasing_carbon_tax_50,0.03,0.08,0.02,1,2027,0.25
8ff17d64-04ed-4110-a34b-e0d697a87210,VN_ABCD_012_RenewablesCap_2028,T&T Group :: RenewablesCap :: 2028,VN_ABCD_012,T&T Group,VN,Power,RenewablesCap,2028,1949976,1949976,2119774.2114249896,2122545.1788964057,0.017,0.101,1.65,0.27,52.6,53.6,10359442.497600002,10556390.073600002,8223659.453589393,8380002.789208963,VN_PDP8_BASELINE,VN_NZE_STRESS,Vietnam,increasing_carbon_tax_50,0.03,0.08,0.02,1,2027,0.25
8ff17d64-04ed-4110-a34b-e0d697a87210,VN_ABCD_012_RenewablesCap_2028,T&T Group :: RenewablesCap :: 2028,VN_ABCD_012,T&T Group,VN,Power,RenewablesCap,2029,NA,2012792.2830527157,2221456.251756111,2245621.768344608,0.017,0.101,1.65,0.27,52.8,54.8,10733818.687063523,11140402.728240171,7889677.16949612,8188528.577431579,VN_PDP8_BASELINE,VN_NZE_STRESS,Vietnam,increasing_carbon_tax_50,0.03,0.08,0.02,1,2027,0.25
8ff17d64-04ed-4110-a34b-e0d697a87210,VN_ABCD_012_RenewablesCap_2028,T&T Group :: RenewablesCap :: 2028,VN_ABCD_012,T&T Group,VN,Power,RenewablesCap,2030,NA,2075490.7613633908,2323472.2804590743,2368698.357792811,0.017,0.101,1.65,0.27,53,56,11110102.045578232,11738975.746271338,7561348.769550871,7989349.643299033,VN_PDP8_BASELINE,VN_NZE_STRESS,Vietnam,increasing_carbon_tax_50,0.03,0.08,0.02,1,2027,0.25
8ff17d64-04ed-4110-a34b-e0d697a87210,VN_ABCD_012_RenewablesCap_2028,T&T Group :: RenewablesCap :: 2028,VN_ABCD_012,T&T Group,VN,Power,RenewablesCap,2031,NA,NA,NA,NA,0.017,0.101,1.65,0.27,NA,NA,11332304.086489797,11973755.261196766,188871734.77482995,199562587.68661278,VN_PDP8_BASELINE,VN_NZE_STRESS,Vietnam,increasing_carbon_tax_50,0.03,0.08,0.02,1,2027,0.25
8ff17d64-04ed-4110-a34b-e0d697a87210,VN_ABCD_012_RenewablesCap_2029,T&T Group :: RenewablesCap :: 2029,VN_ABCD_012,T&T Group,VN,Power,RenewablesCap,2025,1997280,1997280,1997280,1997280,0.017,0.101,1.65,0.27,52,52,10489714.56,10489714.56,10489714.56,10489714.56,VN_PDP8_BASELINE,VN_NZE_STRESS,Vietnam,increasing_carbon_tax_50,0.03,0.08,0.02,1,2027,0.25
8ff17d64-04ed-4110-a34b-e0d697a87210,VN_ABCD_012_RenewablesCap_2029,T&T Group :: RenewablesCap :: 2029,VN_ABCD_012,T&T Group,VN,Power,RenewablesCap,2026,2037225.6,2037225.6,2092666.0836325795,2037225.6,0.017,0.101,1.65,0.27,52.2,52.2,10740660.80832,10740660.80832,9945056.304,9945056.304,VN_PDP8_BASELINE,VN_NZE_STRESS,Vietnam,increasing_carbon_tax_50,0.03,0.08,0.02,1,2027,0.25
8ff17d64-04ed-4110-a34b-e0d697a87210,VN_ABCD_012_RenewablesCap_2029,T&T Group :: RenewablesCap :: 2029,VN_ABCD_012,T&T Group,VN,Power,RenewablesCap,2027,2077171.2,2077171.2,2193759.051567146,2170851.611400906,0.017,0.101,1.65,0.27,52.4,52.4,10993220.85888,10993220.85888,9424915.002469135,9424915.002469135,VN_PDP8_BASELINE,VN_NZE_STRESS,Vietnam,increasing_carbon_tax_50,0.03,0.08,0.02,1,2027,0.25
8ff17d64-04ed-4110-a34b-e0d697a87210,VN_ABCD_012_RenewablesCap_2029,T&T Group :: RenewablesCap :: 2029,VN_ABCD_012,T&T Group,VN,Power,RenewablesCap,2028,2117116.8000000003,2117116.8000000003,2301469.143832846,2304477.622801812,0.017,0.101,1.65,0.27,52.6,53.6,11247394.711680003,11461223.508480001,8928544.549611341,9098288.74256973,VN_PDP8_BASELINE,VN_NZE_STRESS,Vietnam,increasing_carbon_tax_50,0.03,0.08,0.02,1,2027,0.25
8ff17d64-04ed-4110-a34b-e0d697a87210,VN_ABCD_012_RenewablesCap_2029,T&T Group :: RenewablesCap :: 2029,VN_ABCD_012,T&T Group,VN,Power,RenewablesCap,2029,2157062.4,2157062.4,2411866.787620921,2438103.634202718,0.017,0.101,1.65,0.27,52.8,54.8,11503182.366719998,11938908.97152,8455182.441700958,8775454.503886601,VN_PDP8_BASELINE,VN_NZE_STRESS,Vietnam,increasing_carbon_tax_50,0.03,0.08,0.02,1,2027,0.25
8ff17d64-04ed-4110-a34b-e0d697a87210,VN_ABCD_012_RenewablesCap_2029,T&T Group :: RenewablesCap :: 2029,VN_ABCD_012,T&T Group,VN,Power,RenewablesCap,2030,NA,2225135.033594447,2522627.0473555666,2571729.645603624,0.017,0.101,1.65,0.27,53,56,11911147.834831076,12585363.750010196,8106527.073770997,8565387.09681464,VN_PDP8_BASELINE,VN_NZE_STRESS,Vietnam,increasing_carbon_tax_50,0.03,0.08,0.02,1,2027,0.25
8ff17d64-04ed-4110-a34b-e0d697a87210,VN_ABCD_012_RenewablesCap_2029,T&T Group :: RenewablesCap :: 2029,VN_ABCD_012,T&T Group,VN,Power,RenewablesCap,2031,NA,NA,NA,NA,0.017,0.101,1.65,0.27,NA,NA,12149370.791527698,12837071.0250104,202489513.1921283,213951183.75017333,VN_PDP8_BASELINE,VN_NZE_STRESS,Vietnam,increasing_carbon_tax_50,0.03,0.08,0.02,1,2027,0.25
8ff17d64-04ed-4110-a34b-e0d697a87210,VN_ABCD_012_RenewablesCap_2030,T&T Group :: RenewablesCap :: 2030,VN_ABCD_012,T&T Group,VN,Power,RenewablesCap,2025,2102400.0000000005,2102400.0000000005,2102400.0000000005,2102400.0000000005,0.017,0.101,1.65,0.27,52,52,11041804.800000004,11041804.800000004,11041804.800000004,11041804.800000004,VN_PDP8_BASELINE,VN_NZE_STRESS,Vietnam,increasing_carbon_tax_50,0.03,0.08,0.02,1,2027,0.25
8ff17d64-04ed-4110-a34b-e0d697a87210,VN_ABCD_012_RenewablesCap_2030,T&T Group :: RenewablesCap :: 2030,VN_ABCD_012,T&T Group,VN,Power,RenewablesCap,2026,2144448.0000000005,2144448.0000000005,2202806.4038237687,2144448.0000000005,0.017,0.101,1.65,0.27,52.2,52.2,11305958.745600004,11305958.745600004,10468480.320000002,10468480.320000002,VN_PDP8_BASELINE,VN_NZE_STRESS,Vietnam,increasing_carbon_tax_50,0.03,0.08,0.02,1,2027,0.25
8ff17d64-04ed-4110-a34b-e0d697a87210,VN_ABCD_012_RenewablesCap_2030,T&T Group :: RenewablesCap :: 2030,VN_ABCD_012,T&T Group,VN,Power,RenewablesCap,2027,2186496,2186496,2309220.054281207,2285106.959369375,0.017,0.101,1.65,0.27,52.4,52.4,11571811.430399999,11571811.4304,9920963.160493825,9920963.160493826,VN_PDP8_BASELINE,VN_NZE_STRESS,Vietnam,increasing_carbon_tax_50,0.03,0.08,0.02,1,2027,0.25
8ff17d64-04ed-4110-a34b-e0d697a87210,VN_ABCD_012_RenewablesCap_2030,T&T Group :: RenewablesCap :: 2030,VN_ABCD_012,T&T Group,VN,Power,RenewablesCap,2028,2228544.0000000005,2228544.0000000005,2422599.098771417,2425765.91873875,0.017,0.101,1.65,0.27,52.6,53.6,11839362.854400003,12064445.798400003,9398467.946959306,9577146.044810243,VN_PDP8_BASELINE,VN_NZE_STRESS,Vietnam,increasing_carbon_tax_50,0.03,0.08,0.02,1,2027,0.25
8ff17d64-04ed-4110-a34b-e0d697a87210,VN_ABCD_012_RenewablesCap_2030,T&T Group :: RenewablesCap :: 2030,VN_ABCD_012,T&T Group,VN,Power,RenewablesCap,2029,2270592.0000000005,2270592.0000000005,2538807.144864128,2566424.8781081242,0.017,0.101,1.65,0.27,52.8,54.8,12108613.017600004,12567272.601600002,8900192.043895748,9237320.53040695,VN_PDP8_BASELINE,VN_NZE_STRESS,Vietnam,increasing_carbon_tax_50,0.03,0.08,0.02,1,2027,0.25
8ff17d64-04ed-4110-a34b-e0d697a87210,VN_ABCD_012_RenewablesCap_2030,T&T Group :: RenewablesCap :: 2030,VN_ABCD_012,T&T Group,VN,Power,RenewablesCap,2030,2312640.0000000005,2312640.0000000005,2655396.8919532285,2707083.8374774987,0.017,0.101,1.65,0.27,53,56,12379561.920000004,13080291.840000004,8425321.829390908,8902226.838601712,VN_PDP8_BASELINE,VN_NZE_STRESS,Vietnam,increasing_carbon_tax_50,0.03,0.08,0.02,1,2027,0.25
8ff17d64-04ed-4110-a34b-e0d697a87210,VN_ABCD_012_RenewablesCap_2030,T&T Group :: RenewablesCap :: 2030,VN_ABCD_012,T&T Group,VN,Power,RenewablesCap,2031,NA,NA,NA,NA,0.017,0.101,1.65,0.27,NA,NA,12627153.158400005,13341897.676800003,210452552.64000008,222364961.28000006,VN_PDP8_BASELINE,VN_NZE_STRESS,Vietnam,increasing_carbon_tax_50,0.03,0.08,0.02,1,2027,0.25
8ff17d64-04ed-4110-a34b-e0d697a87210,VN_ABCD_013_RenewablesCap_2025,NA,VN_ABCD_013,NA,NA,Power,RenewablesCap,2025,NA,NA,NA,NA,NA,NA,NA,NA,NA,NA,4448152.8,NA,4448152.8,NA,VN_PDP8_BASELINE,VN_NZE_STRESS,Vietnam,increasing_carbon_tax_50,0.03,0.08,0.02,1,2027,0.25
8ff17d64-04ed-4110-a34b-e0d697a87210,VN_ABCD_013_RenewablesCap_2025,NA,VN_ABCD_013,NA,NA,Power,RenewablesCap,2026,NA,NA,NA,NA,NA,NA,NA,NA,NA,NA,4612491.75478104,NA,4270825.698871333,NA,VN_PDP8_BASELINE,VN_NZE_STRESS,Vietnam,increasing_carbon_tax_50,0.03,0.08,0.02,1,2027,0.25
8ff17d64-04ed-4110-a34b-e0d697a87210,VN_ABCD_013_RenewablesCap_2025,NA,VN_ABCD_013,NA,NA,Power,RenewablesCap,2027,NA,NA,NA,NA,NA,NA,NA,NA,NA,NA,4777259.71367238,NA,4095730.207195113,NA,VN_PDP8_BASELINE,VN_NZE_STRESS,Vietnam,increasing_carbon_tax_50,0.03,0.08,0.02,1,2027,0.25
8ff17d64-04ed-4110-a34b-e0d697a87210,VN_ABCD_013_RenewablesCap_2025,NA,VN_ABCD_013,NA,NA,Power,RenewablesCap,2028,NA,NA,NA,NA,NA,NA,NA,NA,NA,NA,4947018.043352766,NA,3927102.4197219405,NA,VN_PDP8_BASELINE,VN_NZE_STRESS,Vietnam,increasing_carbon_tax_50,0.03,0.08,0.02,1,2027,0.25
8ff17d64-04ed-4110-a34b-e0d697a87210,VN_ABCD_013_RenewablesCap_2025,NA,VN_ABCD_013,NA,NA,Power,RenewablesCap,2029,NA,NA,NA,NA,NA,NA,NA,NA,NA,NA,5120054.536041256,NA,3763392.931936217,NA,VN_PDP8_BASELINE,VN_NZE_STRESS,Vietnam,increasing_carbon_tax_50,0.03,0.08,0.02,1,2027,0.25
8ff17d64-04ed-4110-a34b-e0d697a87210,VN_ABCD_013_RenewablesCap_2025,NA,VN_ABCD_013,NA,NA,Power,RenewablesCap,2030,NA,NA,NA,NA,NA,NA,NA,NA,NA,NA,5293969.081807768,NA,3602986.402694572,NA,VN_PDP8_BASELINE,VN_NZE_STRESS,Vietnam,increasing_carbon_tax_50,0.03,0.08,0.02,1,2027,0.25
8ff17d64-04ed-4110-a34b-e0d697a87210,VN_ABCD_013_RenewablesCap_2025,NA,VN_ABCD_013,NA,NA,Power,RenewablesCap,2031,NA,NA,NA,NA,NA,NA,NA,NA,NA,NA,5399848.463443924,NA,89997474.39073206,NA,VN_PDP8_BASELINE,VN_NZE_STRESS,Vietnam,increasing_carbon_tax_50,0.03,0.08,0.02,1,2027,0.25
8ff17d64-04ed-4110-a34b-e0d697a87210,VN_ABCD_013_RenewablesCap_2026,Gia Lai Electricity JSC :: RenewablesCap :: 2026,VN_ABCD_013,Gia Lai Electricity JSC,VN,Power,RenewablesCap,2025,998640,998640,998640,998640,0.02,0.093,1.75,0.28,52,52,4829423.04,4829423.04,4829423.04,4829423.04,VN_PDP8_BASELINE,VN_NZE_STRESS,Vietnam,increasing_carbon_tax_50,0.03,0.08,0.02,1,2027,0.25
8ff17d64-04ed-4110-a34b-e0d697a87210,VN_ABCD_013_RenewablesCap_2026,Gia Lai Electricity JSC :: RenewablesCap :: 2026,VN_ABCD_013,Gia Lai Electricity JSC,VN,Power,RenewablesCap,2026,1018612.8,1018612.8,1046333.0418162898,1018612.8,0.02,0.093,1.75,0.28,52.2,52.2,4944957.69888,4944957.69888,4578664.535999999,4578664.535999999,VN_PDP8_BASELINE,VN_NZE_STRESS,Vietnam,increasing_carbon_tax_50,0.03,0.08,0.02,1,2027,0.25
8ff17d64-04ed-4110-a34b-e0d697a87210,VN_ABCD_013_RenewablesCap_2026,Gia Lai Electricity JSC :: RenewablesCap :: 2026,VN_ABCD_013,Gia Lai Electricity JSC,VN,Power,RenewablesCap,2027,NA,1051384.6478570043,1096879.525783573,1085425.805700453,0.02,0.093,1.75,0.28,52.4,52.4,5123607.665936753,5123607.665936753,4392667.7520033885,4392667.7520033885,VN_PDP8_BASELINE,VN_NZE_STRESS,Vietnam,increasing_carbon_tax_50,0.03,0.08,0.02,1,2027,0.25
8ff17d64-04ed-4110-a34b-e0d697a87210,VN_ABCD_013_RenewablesCap_2026,Gia Lai Electricity JSC :: RenewablesCap :: 2026,VN_ABCD_013,Gia Lai Electricity JSC,VN,Power,RenewablesCap,2028,NA,1085014.8717956953,1150734.571916423,1152238.811400906,0.02,0.093,1.75,0.28,52.6,53.6,5307675.749850182,5408582.132927181,4213404.135111979,4293506.875323233,VN_PDP8_BASELINE,VN_NZE_STRESS,Vietnam,increasing_carbon_tax_50,0.03,0.08,0.02,1,2027,0.25
8ff17d64-04ed-4110-a34b-e0d697a87210,VN_ABCD_013_RenewablesCap_2026,Gia Lai Electricity JSC :: RenewablesCap :: 2026,VN_ABCD_013,Gia Lai Electricity JSC,VN,Power,RenewablesCap,2029,NA,1119115.139738598,1205933.3938104606,1219051.817101359,0.02,0.093,1.75,0.28,52.8,54.8,5495302.982172411,5703458.39816379,4039211.742058098,4192212.1868330254,VN_PDP8_BASELINE,VN_NZE_STRESS,Vietnam,increasing_carbon_tax_50,0.03,0.08,0.02,1,2027,0.25
8ff17d64-04ed-4110-a34b-e0d697a87210,VN_ABCD_013_RenewablesCap_2026,Gia Lai Electricity JSC :: RenewablesCap :: 2026,VN_ABCD_013,Gia Lai Electricity JSC,VN,Power,RenewablesCap,2030,NA,1153151.4565358218,1261313.5236777833,1285864.822801812,0.02,0.093,1.75,0.28,53,56,5683883.529265066,6005612.785638561,3868355.623914709,4087319.149796674,VN_PDP8_BASELINE,VN_NZE_STRESS,Vietnam,increasing_carbon_tax_50,0.03,0.08,0.02,1,2027,0.25
8ff17d64-04ed-4110-a34b-e0d697a87210,VN_ABCD_013_RenewablesCap_2026,Gia Lai Electricity JSC :: RenewablesCap :: 2026,VN_ABCD_013,Gia Lai Electricity JSC,VN,Power,RenewablesCap,2031,NA,NA,NA,NA,0.02,0.093,1.75,0.28,NA,NA,5797561.199850367,6125725.041351331,96626019.99750613,102095417.35585552,VN_PDP8_BASELINE,VN_NZE_STRESS,Vietnam,increasing_carbon_tax_50,0.03,0.08,0.02,1,2027,0.25
8ff17d64-04ed-4110-a34b-e0d697a87210,VN_ABCD_013_RenewablesCap_2027,Gia Lai Electricity JSC :: RenewablesCap :: 2027,VN_ABCD_013,Gia Lai Electricity JSC,VN,Power,RenewablesCap,2025,1077480,1077480,1077480,1077480,0.02,0.093,1.75,0.28,52,52,5210693.28,5210693.28,5210693.28,5210693.28,VN_PDP8_BASELINE,VN_NZE_STRESS,Vietnam,increasing_carbon_tax_50,0.03,0.08,0.02,1,2027,0.25
8ff17d64-04ed-4110-a34b-e0d697a87210,VN_ABCD_013_RenewablesCap_2027,Gia Lai Electricity JSC :: RenewablesCap :: 2027,VN_ABCD_013,Gia Lai Electricity JSC,VN,Power,RenewablesCap,2026,1099029.5999999999,1099029.5999999999,1128938.2819596813,1099029.5999999999,0.02,0.093,1.75,0.28,52.2,52.2,5335349.096159999,5335349.096159999,4940138.051999999,4940138.051999999,VN_PDP8_BASELINE,VN_NZE_STRESS,Vietnam,increasing_carbon_tax_50,0.03,0.08,0.02,1,2027,0.25
8ff17d64-04ed-4110-a34b-e0d697a87210,VN_ABCD_013_RenewablesCap_2027,Gia Lai Electricity JSC :: RenewablesCap :: 2027,VN_ABCD_013,Gia Lai Electricity JSC,VN,Power,RenewablesCap,2027,1120579.2,1120579.2,1183475.2778191182,1171117.3166768046,0.02,0.093,1.75,0.28,52.4,52.4,5460806.55744,5460806.55744,4681761.451851851,4681761.451851851,VN_PDP8_BASELINE,VN_NZE_STRESS,Vietnam,increasing_carbon_tax_50,0.03,0.08,0.02,1,2027,0.25
8ff17d64-04ed-4110-a34b-e0d697a87210,VN_ABCD_013_RenewablesCap_2027,Gia Lai Electricity JSC :: RenewablesCap :: 2027,VN_ABCD_013,Gia Lai Electricity JSC,VN,Power,RenewablesCap,2028,NA,1156864.4416180614,1241582.038120351,1243205.033353609,0.02,0.093,1.75,0.28,52.6,53.6,5659149.475507233,5766737.868577712,4492415.310410025,4577822.445588921,VN_PDP8_BASELINE,VN_NZE_STRESS,Vietnam,increasing_carbon_tax_50,0.03,0.08,0.02,1,2027,0.25
8ff17d64-04ed-4110-a34b-e0d697a87210,VN_ABCD_013_RenewablesCap_2027,Gia Lai Electricity JSC :: RenewablesCap :: 2027,VN_ABCD_013,Gia Lai Electricity JSC,VN,Power,RenewablesCap,2029,NA,1193656.8359775092,1301138.661742865,1315292.7500304137,0.02,0.093,1.75,0.28,52.8,54.8,5861332.527383961,6083352.6988757765,4308254.384794096,4471445.838763569,VN_PDP8_BASELINE,VN_NZE_STRESS,Vietnam,increasing_carbon_tax_50,0.03,0.08,0.02,1,2027,0.25
8ff17d64-04ed-4110-a34b-e0d697a87210,VN_ABCD_013_RenewablesCap_2027,Gia Lai Electricity JSC :: RenewablesCap :: 2027,VN_ABCD_013,Gia Lai Electricity JSC,VN,Power,RenewablesCap,2030,NA,1230380.2304166192,1360890.9071260295,1387380.4667072184,0.02,0.093,1.75,0.28,53,56,6064544.155723516,6407820.240009752,4127426.8500546725,4361054.784963427,VN_PDP8_BASELINE,VN_NZE_STRESS,Vietnam,increasing_carbon_tax_50,0.03,0.08,0.02,1,2027,0.25
8ff17d64-04ed-4110-a34b-e0d697a87210,VN_ABCD_013_RenewablesCap_2027,Gia Lai Electricity JSC :: RenewablesCap :: 2027,VN_ABCD_013,Gia Lai Electricity JSC,VN,Power,RenewablesCap,2031,NA,NA,NA,NA,0.02,0.093,1.75,0.28,NA,NA,6185835.038837986,6535976.644809947,103097250.64729977,108932944.08016579,VN_PDP8_BASELINE,VN_NZE_STRESS,Vietnam,increasing_carbon_tax_50,0.03,0.08,0.02,1,2027,0.25
8ff17d64-04ed-4110-a34b-e0d697a87210,VN_ABCD_013_RenewablesCap_2028,Gia Lai Electricity JSC :: RenewablesCap :: 2028,VN_ABCD_013,Gia Lai Electricity JSC,VN,Power,RenewablesCap,2025,1182600,1182600,1182600,1182600,0.02,0.093,1.75,0.28,52,52,5719053.6,5719053.6,5719053.6,5719053.6,VN_PDP8_BASELINE,VN_NZE_STRESS,Vietnam,increasing_carbon_tax_50,0.03,0.08,0.02,1,2027,0.25
8ff17d64-04ed-4110-a34b-e0d697a87210,VN_ABCD_013_RenewablesCap_2028,Gia Lai Electricity JSC :: RenewablesCap :: 2028,VN_ABCD_013,Gia Lai Electricity JSC,VN,Power,RenewablesCap,2026,1206252,1206252,1239078.6021508696,1206252,0.02,0.093,1.75,0.28,52.2,52.2,5855870.9592,5855870.9592,5422102.74,5422102.74,VN_PDP8_BASELINE,VN_NZE_STRESS,Vietnam,increasing_carbon_tax_50,0.03,0.08,0.02,1,2027,0.25
8ff17d64-04ed-4110-a34b-e0d697a87210,VN_ABCD_013_RenewablesCap_2028,Gia Lai Electricity JSC :: RenewablesCap :: 2028,VN_ABCD_013,Gia Lai Electricity JSC,VN,Power,RenewablesCap,2027,1229904,1229904,1298936.2805331785,1285372.6646452732,0.02,0.093,1.75,0.28,52.4,52.4,5993568.1728,5993568.1728,5138518.666666666,5138518.666666666,VN_PDP8_BASELINE,VN_NZE_STRESS,Vietnam,increasing_carbon_tax_50,0.03,0.08,0.02,1,2027,0.25
8ff17d64-04ed-4110-a34b-e0d697a87210,VN_ABCD_013_RenewablesCap_2028,Gia Lai Electricity JSC :: RenewablesCap :: 2028,VN_ABCD_013,Gia Lai Electricity JSC,VN,Power,RenewablesCap,2028,1253556,1253556,1362711.993058922,1364493.3292905465,0.02,0.093,1.75,0.28,52.6,53.6,6132145.2408,6248725.9488,4867894.598765431,4960440.12345679,VN_PDP8_BASELINE,VN_NZE_STRESS,Vietnam,increasing_carbon_tax_50,0.03,0.08,0.02,1,2027,0.25
8ff17d64-04ed-4110-a34b-e0d697a87210,VN_ABCD_013_RenewablesCap_2028,Gia Lai Electricity JSC :: RenewablesCap :: 2028,VN_ABCD_013,Gia Lai Electricity JSC,VN,Power,RenewablesCap,2029,NA,1293937.8962481744,1428079.0189860717,1443613.9939358197,0.02,0.093,1.75,0.28,52.8,54.8,6353752.645737036,6594425.0944391955,4670197.871901169,4847099.306442879,VN_PDP8_BASELINE,VN_NZE_STRESS,Vietnam,increasing_carbon_tax_50,0.03,0.08,0.02,1,2027,0.25
8ff17d64-04ed-4110-a34b-e0d697a87210,VN_ABCD_013_RenewablesCap_2028,Gia Lai Electricity JSC :: RenewablesCap :: 2028,VN_ABCD_013,Gia Lai Electricity JSC,VN,Power,RenewablesCap,2030,NA,1334244.0608764656,1493660.751723691,1522734.658581093,0.02,0.093,1.75,0.28,53,56,6576488.976060099,6948743.069044633,4475847.892584214,4729197.7732965285,VN_PDP8_BASELINE,VN_NZE_STRESS,Vietnam,increasing_carbon_tax_50,0.03,0.08,0.02,1,2027,0.25
8ff17d64-04ed-4110-a34b-e0d697a87210,VN_ABCD_013_RenewablesCap_2028,Gia Lai Electricity JSC :: RenewablesCap :: 2028,VN_ABCD_013,Gia Lai Electricity JSC,VN,Power,RenewablesCap,2031,NA,NA,NA,NA,0.02,0.093,1.75,0.28,NA,NA,6708018.755581301,7087717.930425526,111800312.59302168,118128632.17375876,VN_PDP8_BASELINE,VN_NZE_STRESS,Vietnam,increasing_carbon_tax_50,0.03,0.08,0.02,1,2027,0.25
8ff17d64-04ed-4110-a34b-e0d697a87210,VN_ABCD_013_RenewablesCap_2029,Gia Lai Electricity JSC :: RenewablesCap :: 2029,VN_ABCD_013,Gia Lai Electricity JSC,VN,Power,RenewablesCap,2025,1261440,1261440,1261440,1261440,0.02,0.093,1.75,0.28,52,52,6100323.84,6100323.84,6100323.84,6100323.84,VN_PDP8_BASELINE,VN_NZE_STRESS,Vietnam,increasing_carbon_tax_50,0.03,0.08,0.02,1,2027,0.25
8ff17d64-04ed-4110-a34b-e0d697a87210,VN_ABCD_013_RenewablesCap_2029,Gia Lai Electricity JSC :: RenewablesCap :: 2029,VN_ABCD_013,Gia Lai Electricity JSC,VN,Power,RenewablesCap,2026,1286668.8,1286668.8,1321683.8422942609,1286668.8,0.02,0.093,1.75,0.28,52.2,52.2,6246262.35648,6246262.35648,5783576.255999999,5783576.255999999,VN_PDP8_BASELINE,VN_NZE_STRESS,Vietnam,increasing_carbon_tax_50,0.03,0.08,0.02,1,2027,0.25
8ff17d64-04ed-4110-a34b-e0d697a87210,VN_ABCD_013_RenewablesCap_2029,Gia Lai Electricity JSC :: RenewablesCap :: 2029,VN_ABCD_013,Gia Lai Electricity JSC,VN,Power,RenewablesCap,2027,1311897.5999999999,1311897.5999999999,1385532.0325687237,1371064.1756216248,0.02,0.093,1.75,0.28,52.4,52.4,6393139.384319999,6393139.384319999,5481086.577777777,5481086.577777777,VN_PDP8_BASELINE,VN_NZE_STRESS,Vietnam,increasing_carbon_tax_50,0.03,0.08,0.02,1,2027,0.25
8ff17d64-04ed-4110-a34b-e0d697a87210,VN_ABCD_013_RenewablesCap_2029,Gia Lai Electricity JSC :: RenewablesCap :: 2029,VN_ABCD_013,Gia Lai Electricity JSC,VN,Power,RenewablesCap,2028,1337126.4000000001,1337126.4000000001,1453559.4592628502,1455459.5512432498,0.02,0.093,1.75,0.28,52.6,53.6,6540954.923520002,6665307.678720001,5192420.905349795,5291136.1316872435,VN_PDP8_BASELINE,VN_NZE_STRESS,Vietnam,increasing_carbon_tax_50,0.03,0.08,0.02,1,2027,0.25
8ff17d64-04ed-4110-a34b-e0d697a87210,VN_ABCD_013_RenewablesCap_2029,Gia Lai Electricity JSC :: RenewablesCap :: 2029,VN_ABCD_013,Gia Lai Electricity JSC,VN,Power,RenewablesCap,2029,1362355.2000000002,1362355.2000000002,1523284.2869184765,1539854.9268648745,0.02,0.093,1.75,0.28,52.8,54.8,6689708.97408,6943107.04128,4917135.802469134,5103390.946502056,VN_PDP8_BASELINE,VN_NZE_STRESS,Vietnam,increasing_carbon_tax_50,0.03,0.08,0.02,1,2027,0.25
8ff17d64-04ed-4110-a34b-e0d697a87210,VN_ABCD_013_RenewablesCap_2029,Gia Lai Electricity JSC :: RenewablesCap :: 2029,VN_ABCD_013,Gia Lai Electricity JSC,VN,Power,RenewablesCap,2030,NA,1405348.4422701776,1593238.1351719368,1624250.3024864993,0.02,0.093,1.75,0.28,53,56,6926962.471949706,7319054.687343085,4714374.264892358,4981225.638376832,VN_PDP8_BASELINE,VN_NZE_STRESS,Vietnam,increasing_carbon_tax_50,0.03,0.08,0.02,1,2027,0.25
8ff17d64-04ed-4110-a34b-e0d697a87210,VN_ABCD_013_RenewablesCap_2029,Gia Lai Electricity JSC :: RenewablesCap :: 2029,VN_ABCD_013,Gia Lai Electricity JSC,VN,Power,RenewablesCap,2031,NA,NA,NA,NA,0.02,0.093,1.75,0.28,NA,NA,7065501.7213887,7465435.781089947,117758362.023145,124423929.68483245,VN_PDP8_BASELINE,VN_NZE_STRESS,Vietnam,increasing_carbon_tax_50,0.03,0.08,0.02,1,2027,0.25
8ff17d64-04ed-4110-a34b-e0d697a87210,VN_ABCD_013_RenewablesCap_2030,Gia Lai Electricity JSC :: RenewablesCap :: 2030,VN_ABCD_013,Gia Lai Electricity JSC,VN,Power,RenewablesCap,2025,1314000,1314000,1314000,1314000,0.02,0.093,1.75,0.28,52,52,6354504,6354504,6354504,6354504,VN_PDP8_BASELINE,VN_NZE_STRESS,Vietnam,increasing_carbon_tax_50,0.03,0.08,0.02,1,2027,0.25
8ff17d64-04ed-4110-a34b-e0d697a87210,VN_ABCD_013_RenewablesCap_2030,Gia Lai Electricity JSC :: RenewablesCap :: 2030,VN_ABCD_013,Gia Lai Electricity JSC,VN,Power,RenewablesCap,2026,1340280,1340280,1376754.002389855,1340280,0.02,0.093,1.75,0.28,52.2,52.2,6506523.288,6506523.288,6024558.6,6024558.6,VN_PDP8_BASELINE,VN_NZE_STRESS,Vietnam,increasing_carbon_tax_50,0.03,0.08,0.02,1,2027,0.25
8ff17d64-04ed-4110-a34b-e0d697a87210,VN_ABCD_013_RenewablesCap_2030,Gia Lai Electricity JSC :: RenewablesCap :: 2030,VN_ABCD_013,Gia Lai Electricity JSC,VN,Power,RenewablesCap,2027,1366560,1366560,1443262.5339257538,1428191.849605859,0.02,0.093,1.75,0.28,52.4,52.4,6659520.192,6659520.192,5709465.185185185,5709465.185185185,VN_PDP8_BASELINE,VN_NZE_STRESS,Vietnam,increasing_carbon_tax_50,0.03,0.08,0.02,1,2027,0.25
8ff17d64-04ed-4110-a34b-e0d697a87210,VN_ABCD_013_RenewablesCap_2030,Gia Lai Electricity JSC :: RenewablesCap :: 2030,VN_ABCD_013,Gia Lai Electricity JSC,VN,Power,RenewablesCap,2028,1392840,1392840,1514124.4367321355,1516103.699211718,0.02,0.093,1.75,0.28,52.6,53.6,6813494.712,6943028.832,5408771.776406035,5511600.1371742105,VN_PDP8_BASELINE,VN_NZE_STRESS,Vietnam,increasing_carbon_tax_50,0.03,0.08,0.02,1,2027,0.25
8ff17d64-04ed-4110-a34b-e0d697a87210,VN_ABCD_013_RenewablesCap_2030,Gia Lai Electricity JSC :: RenewablesCap :: 2030,VN_ABCD_013,Gia Lai Electricity JSC,VN,Power,RenewablesCap,2029,1419120,1419120,1586754.4655400796,1604015.5488175773,0.02,0.093,1.75,0.28,52.8,54.8,6968446.848,7232403.168,5122016.460905349,5316032.2359396415,VN_PDP8_BASELINE,VN_NZE_STRESS,Vietnam,increasing_carbon_tax_50,0.03,0.08,0.02,1,2027,0.25
8ff17d64-04ed-4110-a34b-e0d697a87210,VN_ABCD_013_RenewablesCap_2030,Gia Lai Electricity JSC :: RenewablesCap :: 2030,VN_ABCD_013,Gia Lai Electricity JSC,VN,Power,RenewablesCap,2030,1445400,1445400,1659623.0574707675,1691927.3984234363,0.02,0.093,1.75,0.28,53,56,7124376.6,7527643.199999999,4848731.003300458,5123187.47518539,VN_PDP8_BASELINE,VN_NZE_STRESS,Vietnam,increasing_carbon_tax_50,0.03,0.08,0.02,1,2027,0.25
8ff17d64-04ed-4110-a34b-e0d697a87210,VN_ABCD_013_RenewablesCap_2030,Gia Lai Electricity JSC :: RenewablesCap :: 2030,VN_ABCD_013,Gia Lai Electricity JSC,VN,Power,RenewablesCap,2031,NA,NA,NA,NA,0.02,0.093,1.75,0.28,NA,NA,7266864.131999999,7678196.063999999,121114402.19999999,127969934.39999999,VN_PDP8_BASELINE,VN_NZE_STRESS,Vietnam,increasing_carbon_tax_50,0.03,0.08,0.02,1,2027,0.25
