run_id,asset_id,asset_name,company_id,company_name,country_iso2,sector,technology,year,production_plan_company_technology,production_baseline_scenario,production_target_scenario,production_shock_scenario,pd,net_profit_margin,debt_equity_ratio,volatility,scenario_price_baseline,price_shock_scenario,net_profits_baseline_scenario,net_profits_shock_scenario,discounted_net_profits_baseline_scenario,discounted_net_profits_shock_scenario,baseline_scenario,target_scenario,scenario_geography,carbon_price_model,risk_free_rate,discount_rate,growth_rate,div_netprofit_prop_coef,shock_year,market_passthrough
power_base,VN_ABCD_001_CoalCap_2025,NA,VN_ABCD_001,NA,NA,Power,CoalCap,2025,NA,NA,NA,NA,NA,NA,NA,NA,NA,NA,443037000.00000006,NA,443037000.00000006,NA,VN_PDP8_BASELINE,VN_NZE_STRESS,Vietnam,increasing_carbon_tax_50,0.03,0.08,0.02,1,2028,0.25
power_base,VN_ABCD_001_CoalCap_2025,NA,VN_ABCD_001,NA,NA,Power,CoalCap,2026,NA,NA,NA,NA,NA,NA,NA,NA,NA,NA,429252438.23204434,NA,397455961.32596695,NA,VN_PDP8_BASELINE,VN_NZE_STRESS,Vietnam,increasing_carbon_tax_50,0.03,0.08,0.02,1,2028,0.25
power_base,VN_ABCD_001_CoalCap_2025,NA,VN_ABCD_001,NA,NA,Power,CoalCap,2027,NA,NA,NA,NA,NA,NA,NA,NA,NA,NA,399267639.756049,NA,342307647.2531284,NA,VN_PDP8_BASELINE,VN_NZE_STRESS,Vietnam,increasing_carbon_tax_50,0.03,0.08,0.02,1,2028,0.25
power_base,VN_ABCD_001_CoalCap_2025,NA,VN_ABCD_001,NA,NA,Power,CoalCap,2028,NA,NA,NA,NA,NA,NA,NA,NA,NA,NA,376552884.8708902,NA,298919820.4596687,NA,VN_PDP8_BASELINE,VN_NZE_STRESS,Vietnam,increasing_carbon_tax_50,0.03,0.08,0.02,1,2028,0.25
power_base,VN_ABCD_001_CoalCap_2025,NA,VN_ABCD_001,NA,NA,Power,CoalCap,2029,NA,NA,NA,NA,NA,NA,NA,NA,NA,NA,351249699.0514236,NA,258179014.5885664,NA,VN_PDP8_BASELINE,VN_NZE_STRESS,Vietnam,increasing_carbon_tax_50,0.03,0.08,0.02,1,2028,0.25
power_base,VN_ABCD_001_CoalCap_2025,NA,VN_ABCD_001,NA,NA,Power,CoalCap,2030,NA,NA,NA,NA,NA,NA,NA,NA,NA,NA,323740443.2622346,NA,220332305.8845359,NA,VN_PDP8_BASELINE,VN_NZE_STRESS,Vietnam,increasing_carbon_tax_50,0.03,0.08,0.02,1,2028,0.25
power_base,VN_ABCD_001_CoalCap_2025,NA,VN_ABCD_001,NA,NA,Power,CoalCap,2031,NA,NA,NA,NA,NA,NA,NA,NA,NA,NA,330215252.1274793,NA,5503587535.457989,NA,VN_PDP8_BASELINE,VN_NZE_STRESS,Vietnam,increasing_carbon_tax_50,0.03,0.08,0.02,1,2028,0.25
power_base,VN_ABCD_001_CoalCap_2026,EVN (Electricity of Vietnam) :: CoalCap :: 2026,VN_ABCD_001,EVN (Electricity of Vietnam),VN,Power,CoalCap,2025,76650000,76650000,76650000,76650000,0.012,0.085,1.6,0.22,68,68,443037000.00000006,443037000.00000006,443037000.00000006,443037000.00000006,VN_PDP8_BASELINE,VN_NZE_STRESS,Vietnam,increasing_carbon_tax_50,0.03,0.08,0.02,1,2028,0.25
power_base,VN_ABCD_001_CoalCap_2026,EVN (Electricity of Vietnam) :: CoalCap :: 2026,VN_ABCD_001,EVN (Electricity of Vietnam),VN,Power,CoalCap,2026,73912500,73912500,64424234.254143655,73912500,0.012,0.085,1.6,0.22,68.4,68.4,429727275.00000006,429727275.00000006,397895625,397895625,VN_PDP8_BASELINE,VN_NZE_STRESS,Vietnam,increasing_carbon_tax_50,0.03,0.08,0.02,1,2028,0.25
power_base,VN_ABCD_001_CoalCap_2026,EVN (Electricity of Vietnam) :: CoalCap :: 2026,VN_ABCD_001,EVN (Electricity of Vietnam),VN,Power,CoalCap,2027,NA,68355891.47524096,50739910.359116025,68355891.47524096,0.012,0.085,1.6,0.22,68.8,68.8,399745253.3472091,399745253.3472091,342717123.9259337,342717123.9259337,VN_PDP8_BASELINE,VN_NZE_STRESS,Vietnam,increasing_carbon_tax_50,0.03,0.08,0.02,1,2028,0.25
power_base,VN_ABCD_001_CoalCap_2026,EVN (Electricity of Vietnam) :: CoalCap :: 2026,VN_ABCD_001,EVN (Electricity of Vietnam),VN,Power,CoalCap,2028,NA,64099502.76865943,38514961.32596685,43933337.66946338,0.012,0.085,1.6,0.22,69.2,69.2,377033275.2852548,125380254.04143985,299301169.8588683,99530888.04539436,VN_PDP8_BASELINE,VN_NZE_STRESS,Vietnam,increasing_carbon_tax_50,0.03,0.08,0.02,1,2028,0.25
power_base,VN_ABCD_001_CoalCap_2026,EVN (Electricity of Vietnam) :: CoalCap :: 2026,VN_ABCD_001,EVN (Electricity of Vietnam),VN,Power,CoalCap,2029,NA,59454507.48630706,28072266.96132597,19510783.8636858,0.012,0.085,1.6,0.22,69.6,64.6,351732866.2889926,43231604.66947771,258534156.9320728,31776520.016360667,VN_PDP8_BASELINE,VN_NZE_STRESS,Vietnam,increasing_carbon_tax_50,0.03,0.08,0.02,1,2028,0.25
power_base,VN_ABCD_001_CoalCap_2026,EVN (Electricity of Vietnam) :: CoalCap :: 2026,VN_ABCD_001,EVN (Electricity of Vietnam),VN,Power,CoalCap,2030,NA,54491829.80218621,19049370.165745854,0,0.012,0.085,1.6,0.22,70,60,324226387.323008,0,220663031.24699664,0,VN_PDP8_BASELINE,VN_NZE_STRESS,Vietnam,increasing_carbon_tax_50,0.03,0.08,0.02,1,2028,0.25
power_base,VN_ABCD_001_CoalCap_2026,EVN (Electricity of Vietnam) :: CoalCap :: 2026,VN_ABCD_001,EVN (Electricity of Vietnam),VN,Power,CoalCap,2031,NA,NA,NA,NA,0.012,0.085,1.6,0.22,NA,NA,330710915.06946814,0,5511848584.491136,0,VN_PDP8_BASELINE,VN_NZE_STRESS,Vietnam,increasing_carbon_tax_50,0.03,0.08,0.02,1,2028,0.25
power_base,VN_ABCD_001_CoalCap_2027,EVN (Electricity of Vietnam) :: CoalCap :: 2027,VN_ABCD_001,EVN (Electricity of Vietnam),VN,Power,CoalCap,2025,73584000,73584000,73584000,73584000,0.012,0.085,1.6,0.22,68,68,425315520.00000006,425315520.00000006,425315520.00000006,425315520.00000006,VN_PDP8_BASELINE,VN_NZE_STRESS,Vietnam,increasing_carbon_tax_50,0.03,0.08,0.02,1,2028,0.25
power_base,VN_ABCD_001_CoalCap_2027,EVN (Electricity of Vietnam) :: CoalCap :: 2027,VN_ABCD_001,EVN (Electricity of Vietnam),VN,Power,CoalCap,2026,70956000.00000001,70956000.00000001,61847264.8839779,70956000.00000001,0.012,0.085,1.6,0.22,68.4,68.4,412538184.0000001,412538184.0000001,381979800.00000006,381979800.00000006,VN_PDP8_BASELINE,VN_NZE_STRESS,Vietnam,increasing_carbon_tax_50,0.03,0.08,0.02,1,2028,0.25
power_base,VN_ABCD_001_CoalCap_2027,EVN (Electricity of Vietnam) :: CoalCap :: 2027,VN_ABCD_001,EVN (Electricity of Vietnam),VN,Power,CoalCap,2027,68328000,68328000,48710313.94475138,68328000,0.012,0.085,1.6,0.22,68.8,68.8,399582144,399582144,342577283.95061725,342577283.95061725,VN_PDP8_BASELINE,VN_NZE_STRESS,Vietnam,increasing_carbon_tax_50,0.03,0.08,0.02,1,2028,0.25
power_base,VN_ABCD_001_CoalCap_2027,EVN (Electricity of Vietnam) :: CoalCap :: 2027,VN_ABCD_001,EVN (Electricity of Vietnam),VN,Power,CoalCap,2028,NA,64241866.84168173,36974362.87292818,43078118.89060773,0.012,0.085,1.6,0.22,69.2,69.2,377870660.762772,122939566.54893316,299965913.4490835,97593391.62358788,VN_PDP8_BASELINE,VN_NZE_STRESS,Vietnam,increasing_carbon_tax_50,0.03,0.08,0.02,1,2028,0.25
power_base,VN_ABCD_001_CoalCap_2027,EVN (Electricity of Vietnam) :: CoalCap :: 2027,VN_ABCD_001,EVN (Electricity of Vietnam),VN,Power,CoalCap,2029,NA,59782671.370623454,26949376.282872926,17828237.781215467,0.012,0.085,1.6,0.22,69.6,64.6,353674283.82860833,39503452.71086159,259961156.780433,29036217.03101625,VN_PDP8_BASELINE,VN_NZE_STRESS,Vietnam,increasing_carbon_tax_50,0.03,0.08,0.02,1,2028,0.25
power_base,VN_ABCD_001_CoalCap_2027,EVN (Electricity of Vietnam) :: CoalCap :: 2027,VN_ABCD_001,EVN (Electricity of Vietnam),VN,Power,CoalCap,2030,NA,55018500.79386745,18287395.35911602,0,0.012,0.085,1.6,0.22,70,60,327360079.72351134,0,222795769.63945156,0,VN_PDP8_BASELINE,VN_NZE_STRESS,Vietnam,increasing_carbon_tax_50,0.03,0.08,0.02,1,2028,0.25
power_base,VN_ABCD_001_CoalCap_2027,EVN (Electricity of Vietnam) :: CoalCap :: 2027,VN_ABCD_001,EVN (Electricity of Vietnam),VN,Power,CoalCap,2031,NA,NA,NA,NA,0.012,0.085,1.6,0.22,NA,NA,333907281.31798154,0,5565121355.299692,0,VN_PDP8_BASELINE,VN_NZE_STRESS,Vietnam,increasing_carbon_tax_50,0.03,0.08,0.02,1,2028,0.25
power_base,VN_ABCD_001_CoalCap_2028,EVN (Electricity of Vietnam) :: CoalCap :: 2028,VN_ABCD_001,EVN (Electricity of Vietnam),VN,Power,CoalCap,2025,72357600,72357600,72357600,72357600,0.012,0.085,1.6,0.22,68,68,418226928.00000006,418226928.00000006,418226928.00000006,418226928.00000006,VN_PDP8_BASELINE,VN_NZE_STRESS,Vietnam,increasing_carbon_tax_50,0.03,0.08,0.02,1,2028,0.25
power_base,VN_ABCD_001_CoalCap_2028,EVN (Electricity of Vietnam) :: CoalCap :: 2028,VN_ABCD_001,EVN (Electricity of Vietnam),VN,Power,CoalCap,2026,69773400.00000001,69773400.00000001,60816477.1359116,69773400.00000001,0.012,0.085,1.6,0.22,68.4,68.4,405662547.6000001,405662547.6000001,375613470.00000006,375613470.00000006,VN_PDP8_BASELINE,VN_NZE_STRESS,Vietnam,increasing_carbon_tax_50,0.03,0.08,0.02,1,2028,0.25
power_base,VN_ABCD_001_CoalCap_2028,EVN (Electricity of Vietnam) :: CoalCap :: 2028,VN_ABCD_001,EVN (Electricity of Vietnam),VN,Power,CoalCap,2027,67189200,67189200,47898475.37900553,67189200,0.012,0.085,1.6,0.22,68.8,68.8,392922441.6,392922441.6,336867662.5514403,336867662.5514403,VN_PDP8_BASELINE,VN_NZE_STRESS,Vietnam,increasing_carbon_tax_50,0.03,0.08,0.02,1,2028,0.25
power_base,VN_ABCD_001_CoalCap_2028,EVN (Electricity of Vietnam) :: CoalCap :: 2028,VN_ABCD_001,EVN (Electricity of Vietnam),VN,Power,CoalCap,2028,64605000,64605000,36358123.49171271,42360150.24243094,0.012,0.085,1.6,0.22,69.2,69.2,380006610,120890573.77311762,301661498.81877756,95966835.0965281,VN_PDP8_BASELINE,VN_NZE_STRESS,Vietnam,increasing_carbon_tax_50,0.03,0.08,0.02,1,2028,0.25
power_base,VN_ABCD_001_CoalCap_2028,EVN (Electricity of Vietnam) :: CoalCap :: 2028,VN_ABCD_001,EVN (Electricity of Vietnam),VN,Power,CoalCap,2029,NA,60220124.45345935,26500220.011491712,17531100.48486188,0.012,0.085,1.6,0.22,69.6,64.6,356262256.2666655,38845061.83234725,261863393.78061947,28552280.08049932,VN_PDP8_BASELINE,VN_NZE_STRESS,Vietnam,increasing_carbon_tax_50,0.03,0.08,0.02,1,2028,0.25
power_base,VN_ABCD_001_CoalCap_2028,EVN (Electricity of Vietnam) :: CoalCap :: 2028,VN_ABCD_001,EVN (Electricity of Vietnam),VN,Power,CoalCap,2030,NA,55535356.719649285,17982605.436464086,0,0.012,0.085,1.6,0.22,70,60,330435372.48191327,0,224888762.2167795,0,VN_PDP8_BASELINE,VN_NZE_STRESS,Vietnam,increasing_carbon_tax_50,0.03,0.08,0.02,1,2028,0.25
power_base,VN_ABCD_001_CoalCap_2028,EVN (Electricity of Vietnam) :: CoalCap :: 2028,VN_ABCD_001,EVN (Electricity of Vietnam),VN,Power,CoalCap,2031,NA,NA,NA,NA,0.012,0.085,1.6,0.22,NA,NA,337044079.9315515,0,5617401332.192526,0,VN_PDP8_BASELINE,VN_NZE_STRESS,Vietnam,increasing_carbon_tax_50,0.03,0.08,0.02,1,2028,0.25
power_base,VN_ABCD_001_CoalCap_2029,EVN (Electricity of Vietnam) :: CoalCap :: 2029,VN_ABCD_001,EVN (Electricity of Vietnam),VN,Power,CoalCap,2025,70518000.00000001,70518000.00000001,70518000.00000001,70518000.00000001,0.012,0.085,1.6,0.22,68,68,407594040.0000001,407594040.0000001,407594040.0000001,407594040.0000001,VN_PDP8_BASELINE,VN_NZE_STRESS,Vietnam,increasing_carbon_tax_50,0.03,0.08,0.02,1,2028,0.25
power_base,VN_ABCD_001_CoalCap_2029,EVN (Electricity of Vietnam) :: CoalCap :: 2029,VN_ABCD_001,EVN (Electricity of Vietnam),VN,Power,CoalCap,2026,67999500.00000001,67999500.00000001,59270295.51381216,67999500.00000001,0.012,0.085,1.6,0.22,68.4,68.4,395349093.0000001,395349093.0000001,366063975.00000006,366063975.00000006,VN_PDP8_BASELINE,VN_NZE_STRESS,Vietnam,increasing_carbon_tax_50,0.03,0.08,0.02,1,2028,0.25
power_base,VN_ABCD_001_CoalCap_2029,EVN (Electricity of Vietnam) :: CoalCap :: 2029,VN_ABCD_001,EVN (Electricity of Vietnam),VN,Power,CoalCap,2027,65481000.000000015,65481000.000000015,46680717.53038675,65481000.000000015,0.012,0.085,1.6,0.22,68.8,68.8,382932888.0000001,382932888.0000001,328303230.452675,328303230.452675,VN_PDP8_BASELINE,VN_NZE_STRESS,Vietnam,increasing_carbon_tax_50,0.03,0.08,0.02,1,2028,0.25
power_base,VN_ABCD_001_CoalCap_2029,EVN (Electricity of Vietnam) :: CoalCap :: 2029,VN_ABCD_001,EVN (Electricity of Vietnam),VN,Power,CoalCap,2028,62962500.00000001,62962500.00000001,35433764.41988951,41283197.27016574,0.012,0.085,1.6,0.22,69.2,69.2,370345425.0000001,117817084.60939428,293992138.67931724,93527000.3059384,VN_PDP8_BASELINE,VN_NZE_STRESS,Vietnam,increasing_carbon_tax_50,0.03,0.08,0.02,1,2028,0.25
power_base,VN_ABCD_001_CoalCap_2029,EVN (Electricity of Vietnam) :: CoalCap :: 2029,VN_ABCD_001,EVN (Electricity of Vietnam),VN,Power,CoalCap,2029,60444000.00000001,60444000.00000001,25826485.60441989,17085394.540331475,0.012,0.085,1.6,0.22,69.6,64.6,357586704,37857475.51457567,262836902.4030889,27826374.654723886,VN_PDP8_BASELINE,VN_NZE_STRESS,Vietnam,increasing_carbon_tax_50,0.03,0.08,0.02,1,2028,0.25
power_base,VN_ABCD_001_CoalCap_2029,EVN (Electricity of Vietnam) :: CoalCap :: 2029,VN_ABCD_001,EVN (Electricity of Vietnam),VN,Power,CoalCap,2030,NA,55878336.53060884,17525420.55248619,0,0.012,0.085,1.6,0.22,70,60,332476102.3571226,0,226277648.67953175,0,VN_PDP8_BASELINE,VN_NZE_STRESS,Vietnam,increasing_carbon_tax_50,0.03,0.08,0.02,1,2028,0.25
power_base,VN_ABCD_001_CoalCap_2029,EVN (Electricity of Vietnam) :: CoalCap :: 2029,VN_ABCD_001,EVN (Electricity of Vietnam),VN,Power,CoalCap,2031,NA,NA,NA,NA,0.012,0.085,1.6,0.22,NA,NA,339125624.40426505,0,5652093740.071084,0,VN_PDP8_BASELINE,VN_NZE_STRESS,Vietnam,increasing_carbon_tax_50,0.03,0.08,0.02,1,2028,0.25
power_base,VN_ABCD_001_CoalCap_2030,EVN (Electricity of Vietnam) :: CoalCap :: 2030,VN_ABCD_001,EVN (Electricity of Vietnam),VN,Power,CoalCap,2025,67451999.99999999,67451999.99999999,67451999.99999999,67451999.99999999,0.012,0.085,1.6,0.22,68,68,389872559.99999994,389872559.99999994,389872559.99999994,389872559.99999994,VN_PDP8_BASELINE,VN_NZE_STRESS,Vietnam,increasing_carbon_tax_50,0.03,0.08,0.02,1,2028,0.25
power_base,VN_ABCD_001_CoalCap_2030,EVN (Electricity of Vietnam) :: CoalCap :: 2030,VN_ABCD_001,EVN (Electricity of Vietnam),VN,Power,CoalCap,2026,65043000.00000001,65043000.00000001,56693326.1436464,65043000.00000001,0.012,0.085,1.6,0.22,68.4,68.4,378160002.0000001,378160002.0000001,350148150.00000006,350148150.00000006,VN_PDP8_BASELINE,VN_NZE_STRESS,Vietnam,increasing_carbon_tax_50,0.03,0.08,0.02,1,2028,0.25
power_base,VN_ABCD_001_CoalCap_2030,EVN (Electricity of Vietnam) :: CoalCap :: 2030,VN_ABCD_001,EVN (Electricity of Vietnam),VN,Power,CoalCap,2027,62634000,62634000,44651121.116022095,62634000,0.012,0.085,1.6,0.22,68.8,68.8,366283632,366283632,314029176.9547325,314029176.9547325,VN_PDP8_BASELINE,VN_NZE_STRESS,Vietnam,increasing_carbon_tax_50,0.03,0.08,0.02,1,2028,0.25
power_base,VN_ABCD_001_CoalCap_2030,EVN (Electricity of Vietnam) :: CoalCap :: 2030,VN_ABCD_001,EVN (Electricity of Vietnam),VN,Power,CoalCap,2028,60225000,60225000,33893165.966850825,39488275.64972375,0.012,0.085,1.6,0.22,69.2,69.2,354243450,112694602.6698554,281209871.7802164,89460608.9882889,VN_PDP8_BASELINE,VN_NZE_STRESS,Vietnam,increasing_carbon_tax_50,0.03,0.08,0.02,1,2028,0.25
power_base,VN_ABCD_001_CoalCap_2030,EVN (Electricity of Vietnam) :: CoalCap :: 2030,VN_ABCD_001,EVN (Electricity of Vietnam),VN,Power,CoalCap,2029,57816000,57816000,24703594.92596685,16342551.299447509,0.012,0.085,1.6,0.22,69.6,64.6,342039456,36211498.31828979,251409210.99425897,26616532.278431557,VN_PDP8_BASELINE,VN_NZE_STRESS,Vietnam,increasing_carbon_tax_50,0.03,0.08,0.02,1,2028,0.25
power_base,VN_ABCD_001_CoalCap_2030,EVN (Electricity of Vietnam) :: CoalCap :: 2030,VN_ABCD_001,EVN (Electricity of Vietnam),VN,Power,CoalCap,2030,55406999.99999999,55406999.99999999,16763445.745856352,0,0.012,0.085,1.6,0.22,70,60,329671650,0,224368985.52839243,0,VN_PDP8_BASELINE,VN_NZE_STRESS,Vietnam,increasing_carbon_tax_50,0.03,0.08,0.02,1,2028,0.25
power_base,VN_ABCD_001_CoalCap_2030,EVN (Electricity of Vietnam) :: CoalCap :: 2030,VN_ABCD_001,EVN (Electricity of Vietnam),VN,Power,CoalCap,2031,NA,NA,NA,NA,0.012,0.085,1.6,0.22,NA,NA,336265083,0,5604418050,0,VN_PDP8_BASELINE,VN_NZE_STRESS,Vietnam,increasing_carbon_tax_50,0.03,0.08,0.02,1,2028,0.25
power_base,VN_ABCD_001_GasCap_2025,NA,VN_ABCD_001,NA,NA,Power,GasCap,2025,NA,NA,NA,NA,NA,NA,NA,NA,NA,NA,36857700.00000001,NA,36857700.00000001,NA,VN_PDP8_BASELINE,VN_NZE_STRESS,Vietnam,increasing_carbon_tax_50,0.03,0.08,0.02,1,2028,0.25
power_base,VN_ABCD_001_GasCap_2025,NA,VN_ABCD_001,NA,NA,Power,GasCap,2026,NA,NA,NA,NA,NA,NA,NA,NA,NA,NA,42633038.13388881,NA,39475035.309156306,NA,VN_PDP8_BASELINE,VN_NZE_STRESS,Vietnam,increasing_carbon_tax_50,0.03,0.08,0.02,1,2028,0.25
power_base,VN_ABCD_001_GasCap_2025,NA,VN_ABCD_001,NA,NA,Power,GasCap,2027,NA,NA,NA,NA,NA,NA,NA,NA,NA,NA,52919058.97793936,NA,45369563.59562702,NA,VN_PDP8_BASELINE,VN_NZE_STRESS,Vietnam,increasing_carbon_tax_50,0.03,0.08,0.02,1,2028,0.25
power_base,VN_ABCD_001_GasCap_2025,NA,VN_ABCD_001,NA,NA,Power,GasCap,2028,NA,NA,NA,NA,NA,NA,NA,NA,NA,NA,66670131.131792195,NA,52924899.605459176,NA,VN_PDP8_BASELINE,VN_NZE_STRESS,Vietnam,increasing_carbon_tax_50,0.03,0.08,0.02,1,2028,0.25
power_base,VN_ABCD_001_GasCap_2025,NA,VN_ABCD_001,NA,NA,Power,GasCap,2029,NA,NA,NA,NA,NA,NA,NA,NA,NA,NA,78909407.33312081,NA,58000770.056319155,NA,VN_PDP8_BASELINE,VN_NZE_STRESS,Vietnam,increasing_carbon_tax_50,0.03,0.08,0.02,1,2028,0.25
power_base,VN_ABCD_001_GasCap_2025,NA,VN_ABCD_001,NA,NA,Power,GasCap,2030,NA,NA,NA,NA,NA,NA,NA,NA,NA,NA,95252019.9564326,NA,64826924.265871726,NA,VN_PDP8_BASELINE,VN_NZE_STRESS,Vietnam,increasing_carbon_tax_50,0.03,0.08,0.02,1,2028,0.25
power_base,VN_ABCD_001_GasCap_2025,NA,VN_ABCD_001,NA,NA,Power,GasCap,2031,NA,NA,NA,NA,NA,NA,NA,NA,NA,NA,97157060.35556126,NA,1619284339.2593544,NA,VN_PDP8_BASELINE,VN_NZE_STRESS,Vietnam,increasing_carbon_tax_50,0.03,0.08,0.02,1,2028,0.25
power_base,VN_ABCD_001_GasCap_2026,EVN (Electricity of Vietnam) :: GasCap :: 2026,VN_ABCD_001,EVN (Electricity of Vietnam),VN,Power,GasCap,2025,7323360.000000001,7323360.000000001,7323360.000000001,7323360.000000001,0.012,0.085,1.6,0.22,60,60,37349136.00000001,37349136.00000001,37349136.00000001,37349136.00000001,VN_PDP8_BASELINE,VN_NZE_STRESS,Vietnam,increasing_carbon_tax_50,0.03,0.08,0.02,1,2028,0.25
power_base,VN_ABCD_001_GasCap_2026,EVN (Electricity of Vietnam) :: GasCap :: 2026,VN_ABCD_001,EVN (Electricity of Vietnam),VN,Power,GasCap,2026,7456512,7456512,7798625.327213115,7456512,0.012,0.085,1.6,0.22,60.6,60.6,38408493.312,38408493.312,35563419.73333333,35563419.73333333,VN_PDP8_BASELINE,VN_NZE_STRESS,Vietnam,increasing_carbon_tax_50,0.03,0.08,0.02,1,2028,0.25
power_base,VN_ABCD_001_GasCap_2026,EVN (Electricity of Vietnam) :: GasCap :: 2026,VN_ABCD_001,EVN (Electricity of Vietnam),VN,Power,GasCap,2027,NA,9377971.126554688,8743371.509508198,9377971.126554688,0.012,0.085,1.6,0.22,61.2,61.2,48784205.80033749,48784205.80033749,41824593.45022075,41824593.45022075,VN_PDP8_BASELINE,VN_NZE_STRESS,Vietnam,increasing_carbon_tax_50,0.03,0.08,0.02,1,2028,0.25
power_base,VN_ABCD_001_GasCap_2026,EVN (Electricity of Vietnam) :: GasCap :: 2026,VN_ABCD_001,EVN (Electricity of Vietnam),VN,Power,GasCap,2028,NA,11930548.311937552,9545374.382163934,9549885.150206754,0.012,0.085,1.6,0.22,61.8,61.8,62671170.282607965,48973053.77028015,49750395.55279934,38876389.02406276,VN_PDP8_BASELINE,VN_NZE_STRESS,Vietnam,increasing_carbon_tax_50,0.03,0.08,0.02,1,2028,0.25
power_base,VN_ABCD_001_GasCap_2026,EVN (Electricity of Vietnam) :: GasCap :: 2026,VN_ABCD_001,EVN (Electricity of Vietnam),VN,Power,GasCap,2029,NA,14145207.679673309,9801279.429245902,9721799.17385882,0.012,0.085,1.6,0.22,62.4,60.15,75026181.53298724,57238316.88994166,55146483.16807159,42071871.637930565,VN_PDP8_BASELINE,VN_NZE_STRESS,Vietnam,increasing_carbon_tax_50,0.03,0.08,0.02,1,2028,0.25
power_base,VN_ABCD_001_GasCap_2026,EVN (Electricity of Vietnam) :: GasCap :: 2026,VN_ABCD_001,EVN (Electricity of Vietnam),VN,Power,GasCap,2030,NA,17094162.531772695,10111230,9893713.197510883,0.012,0.085,1.6,0.22,63,58.5,91539240.3576428,68398915.4108006,62300068.85664567,46551152.5239239,VN_PDP8_BASELINE,VN_NZE_STRESS,Vietnam,increasing_carbon_tax_50,0.03,0.08,0.02,1,2028,0.25
power_base,VN_ABCD_001_GasCap_2026,EVN (Electricity of Vietnam) :: GasCap :: 2026,VN_ABCD_001,EVN (Electricity of Vietnam),VN,Power,GasCap,2031,NA,NA,NA,NA,0.012,0.085,1.6,0.22,NA,NA,93370025.16479564,69766893.71901663,1556167086.0799277,1162781561.9836104,VN_PDP8_BASELINE,VN_NZE_STRESS,Vietnam,increasing_carbon_tax_50,0.03,0.08,0.02,1,2028,0.25
power_base,VN_ABCD_001_GasCap_2027,EVN (Electricity of Vietnam) :: GasCap :: 2027,VN_ABCD_001,EVN (Electricity of Vietnam),VN,Power,GasCap,2025,7419720.000000002,7419720.000000002,7419720.000000002,7419720.000000002,0.012,0.085,1.6,0.22,60,60,37840572.000000015,37840572.000000015,37840572.000000015,37840572.000000015,VN_PDP8_BASELINE,VN_NZE_STRESS,Vietnam,increasing_carbon_tax_50,0.03,0.08,0.02,1,2028,0.25
power_base,VN_ABCD_001_GasCap_2027,EVN (Electricity of Vietnam) :: GasCap :: 2027,VN_ABCD_001,EVN (Electricity of Vietnam),VN,Power,GasCap,2026,7554624.000000002,7554624.000000002,7901238.818360656,7554624.000000002,0.012,0.085,1.6,0.22,60.6,60.6,38913868.224000014,38913868.224000014,36031359.46666667,36031359.46666667,VN_PDP8_BASELINE,VN_NZE_STRESS,Vietnam,increasing_carbon_tax_50,0.03,0.08,0.02,1,2028,0.25
power_base,VN_ABCD_001_GasCap_2027,EVN (Electricity of Vietnam) :: GasCap :: 2027,VN_ABCD_001,EVN (Electricity of Vietnam),VN,Power,GasCap,2027,7689528.000000001,7689528.000000001,8858415.871475412,7689528.000000001,0.012,0.085,1.6,0.22,61.2,61.2,40000924.65600001,40000924.65600001,34294345.55555556,34294345.55555556,VN_PDP8_BASELINE,VN_NZE_STRESS,Vietnam,increasing_carbon_tax_50,0.03,0.08,0.02,1,2028,0.25
power_base,VN_ABCD_001_GasCap_2027,EVN (Electricity of Vietnam) :: GasCap :: 2027,VN_ABCD_001,EVN (Electricity of Vietnam),VN,Power,GasCap,2028,NA,10275691.727295795,9670971.413508195,9071595.705934428,0.012,0.085,1.6,0.22,61.8,61.8,53978208.64348483,40966138.55278513,42849642.333711855,32520241.573300187,VN_PDP8_BASELINE,VN_NZE_STRESS,Vietnam,increasing_carbon_tax_50,0.03,0.08,0.02,1,2028,0.25
power_base,VN_ABCD_001_GasCap_2027,EVN (Electricity of Vietnam) :: GasCap :: 2027,VN_ABCD_001,EVN (Electricity of Vietnam),VN,Power,GasCap,2029,NA,12519491.349870184,9930243.6322623,10453663.411868852,0.012,0.085,1.6,0.22,62.4,60.15,66403382.11971145,47791006.9086072,48808468.18463814,35127816.77302783,VN_PDP8_BASELINE,VN_NZE_STRESS,Vietnam,increasing_carbon_tax_50,0.03,0.08,0.02,1,2028,0.25
power_base,VN_ABCD_001_GasCap_2027,EVN (Electricity of Vietnam) :: GasCap :: 2027,VN_ABCD_001,EVN (Electricity of Vietnam),VN,Power,GasCap,2030,NA,15507248.239497192,10244272.500000002,11835731.11780328,0.012,0.085,1.6,0.22,63,58.5,83041314.32250747,57249247.19850159,56516523.18749691,38962875.686131835,VN_PDP8_BASELINE,VN_NZE_STRESS,Vietnam,increasing_carbon_tax_50,0.03,0.08,0.02,1,2028,0.25
power_base,VN_ABCD_001_GasCap_2027,EVN (Electricity of Vietnam) :: GasCap :: 2027,VN_ABCD_001,EVN (Electricity of Vietnam),VN,Power,GasCap,2031,NA,NA,NA,NA,0.012,0.085,1.6,0.22,NA,NA,84702140.60895762,58394232.14247162,1411702343.482627,973237202.374527,VN_PDP8_BASELINE,VN_NZE_STRESS,Vietnam,increasing_carbon_tax_50,0.03,0.08,0.02,1,2028,0.25
power_base,VN_ABCD_001_GasCap_2028,EVN (Electricity of Vietnam) :: GasCap :: 2028,VN_ABCD_001,EVN (Electricity of Vietnam),VN,Power,GasCap,2025,7516080.000000001,7516080.000000001,7516080.000000001,7516080.000000001,0.012,0.085,1.6,0.22,60,60,38332008.00000001,38332008.00000001,38332008.00000001,38332008.00000001,VN_PDP8_BASELINE,VN_NZE_STRESS,Vietnam,increasing_carbon_tax_50,0.03,0.08,0.02,1,2028,0.25
power_base,VN_ABCD_001_GasCap_2028,EVN (Electricity of Vietnam) :: GasCap :: 2028,VN_ABCD_001,EVN (Electricity of Vietnam),VN,Power,GasCap,2026,7652736.000000001,7652736.000000001,8003852.309508197,7652736.000000001,0.012,0.085,1.6,0.22,60.6,60.6,39419243.13600001,39419243.13600001,36499299.2,36499299.2,VN_PDP8_BASELINE,VN_NZE_STRESS,Vietnam,increasing_carbon_tax_50,0.03,0.08,0.02,1,2028,0.25
power_base,VN_ABCD_001_GasCap_2028,EVN (Electricity of Vietnam) :: GasCap :: 2028,VN_ABCD_001,EVN (Electricity of Vietnam),VN,Power,GasCap,2027,7789391.999999999,7789391.999999999,8973460.233442625,7789391.999999999,0.012,0.085,1.6,0.22,61.2,61.2,40520417.184,40520417.184,34739726.666666664,34739726.666666664,VN_PDP8_BASELINE,VN_NZE_STRESS,Vietnam,increasing_carbon_tax_50,0.03,0.08,0.02,1,2028,0.25
power_base,VN_ABCD_001_GasCap_2028,EVN (Electricity of Vietnam) :: GasCap :: 2028,VN_ABCD_001,EVN (Electricity of Vietnam),VN,Power,GasCap,2028,7926048,7926048,9796568.444852458,9189408.637180328,0.012,0.085,1.6,0.22,61.8,61.8,41635530.144,28454472.130044468,33051626.200274345,22588077.37803916,VN_PDP8_BASELINE,VN_NZE_STRESS,Vietnam,increasing_carbon_tax_50,0.03,0.08,0.02,1,2028,0.25
power_base,VN_ABCD_001_GasCap_2028,EVN (Electricity of Vietnam) :: GasCap :: 2028,VN_ABCD_001,EVN (Electricity of Vietnam),VN,Power,GasCap,2029,NA,10198987.877413012,10059207.83527869,10589425.274360657,0.012,0.085,1.6,0.22,62.4,60.15,54095431.70179862,35716229.111094765,39761757.20073363,26252494.625972383,VN_PDP8_BASELINE,VN_NZE_STRESS,Vietnam,increasing_carbon_tax_50,0.03,0.08,0.02,1,2028,0.25
power_base,VN_ABCD_001_GasCap_2028,EVN (Electricity of Vietnam) :: GasCap :: 2028,VN_ABCD_001,EVN (Electricity of Vietnam),VN,Power,GasCap,2030,NA,13225546.804567648,10377315,11989441.911540983,0.012,0.085,1.6,0.22,63,58.5,70822803.13845976,45645557.661724836,48200809.78286505,31065599.563805204,VN_PDP8_BASELINE,VN_NZE_STRESS,Vietnam,increasing_carbon_tax_50,0.03,0.08,0.02,1,2028,0.25
power_base,VN_ABCD_001_GasCap_2028,EVN (Electricity of Vietnam) :: GasCap :: 2028,VN_ABCD_001,EVN (Electricity of Vietnam),VN,Power,GasCap,2031,NA,NA,NA,NA,0.012,0.085,1.6,0.22,NA,NA,72239259.20122895,46558468.81495933,1203987653.3538158,775974480.2493222,VN_PDP8_BASELINE,VN_NZE_STRESS,Vietnam,increasing_carbon_tax_50,0.03,0.08,0.02,1,2028,0.25
power_base,VN_ABCD_001_GasCap_2029,EVN (Electricity of Vietnam) :: GasCap :: 2029,VN_ABCD_001,EVN (Electricity of Vietnam),VN,Power,GasCap,2025,7612440.000000001,7612440.000000001,7612440.000000001,7612440.000000001,0.012,0.085,1.6,0.22,60,60,38823444.00000001,38823444.00000001,38823444.00000001,38823444.00000001,VN_PDP8_BASELINE,VN_NZE_STRESS,Vietnam,increasing_carbon_tax_50,0.03,0.08,0.02,1,2028,0.25
power_base,VN_ABCD_001_GasCap_2029,EVN (Electricity of Vietnam) :: GasCap :: 2029,VN_ABCD_001,EVN (Electricity of Vietnam),VN,Power,GasCap,2026,7750848.000000001,7750848.000000001,8106465.800655738,7750848.000000001,0.012,0.085,1.6,0.22,60.6,60.6,39924618.04800001,39924618.04800001,36967238.93333334,36967238.93333334,VN_PDP8_BASELINE,VN_NZE_STRESS,Vietnam,increasing_carbon_tax_50,0.03,0.08,0.02,1,2028,0.25
power_base,VN_ABCD_001_GasCap_2029,EVN (Electricity of Vietnam) :: GasCap :: 2029,VN_ABCD_001,EVN (Electricity of Vietnam),VN,Power,GasCap,2027,7889255.999999999,7889255.999999999,9088504.595409837,7889255.999999999,0.012,0.085,1.6,0.22,61.2,61.2,41039909.712000005,41039909.712000005,35185107.777777776,35185107.777777776,VN_PDP8_BASELINE,VN_NZE_STRESS,Vietnam,increasing_carbon_tax_50,0.03,0.08,0.02,1,2028,0.25
power_base,VN_ABCD_001_GasCap_2029,EVN (Electricity of Vietnam) :: GasCap :: 2029,VN_ABCD_001,EVN (Electricity of Vietnam),VN,Power,GasCap,2028,8027664,8027664,9922165.47619672,9307221.568426227,0.012,0.085,1.6,0.22,61.8,61.8,42169318.992,28819273.05478863,33475364.99771376,22877668.11365505,VN_PDP8_BASELINE,VN_NZE_STRESS,Vietnam,increasing_carbon_tax_50,0.03,0.08,0.02,1,2028,0.25
power_base,VN_ABCD_001_GasCap_2029,EVN (Electricity of Vietnam) :: GasCap :: 2029,VN_ABCD_001,EVN (Electricity of Vietnam),VN,Power,GasCap,2029,8166071.999999999,8166071.999999999,10188172.038295085,10725187.136852462,0.012,0.085,1.6,0.22,62.4,60.15,43312845.888,25111814.790144347,31836234.7372521,18457933.528651595,VN_PDP8_BASELINE,VN_NZE_STRESS,Vietnam,increasing_carbon_tax_50,0.03,0.08,0.02,1,2028,0.25
power_base,VN_ABCD_001_GasCap_2029,EVN (Electricity of Vietnam) :: GasCap :: 2029,VN_ABCD_001,EVN (Electricity of Vietnam),VN,Power,GasCap,2030,NA,11231432.96468226,10510357.5,12143152.70527869,0.012,0.085,1.6,0.22,63,58.5,60144323.525873505,35471897.441305146,40933215.98867135,24141577.365456857,VN_PDP8_BASELINE,VN_NZE_STRESS,Vietnam,increasing_carbon_tax_50,0.03,0.08,0.02,1,2028,0.25
power_base,VN_ABCD_001_GasCap_2029,EVN (Electricity of Vietnam) :: GasCap :: 2029,VN_ABCD_001,EVN (Electricity of Vietnam),VN,Power,GasCap,2031,NA,NA,NA,NA,0.012,0.085,1.6,0.22,NA,NA,61347209.996390976,36181335.39013125,1022453499.9398496,603022256.5021875,VN_PDP8_BASELINE,VN_NZE_STRESS,Vietnam,increasing_carbon_tax_50,0.03,0.08,0.02,1,2028,0.25
power_base,VN_ABCD_001_GasCap_2030,EVN (Electricity of Vietnam) :: GasCap :: 2030,VN_ABCD_001,EVN (Electricity of Vietnam),VN,Power,GasCap,2025,7708800.000000001,7708800.000000001,7708800.000000001,7708800.000000001,0.012,0.085,1.6,0.22,60,60,39314880.00000001,39314880.00000001,39314880.00000001,39314880.00000001,VN_PDP8_BASELINE,VN_NZE_STRESS,Vietnam,increasing_carbon_tax_50,0.03,0.08,0.02,1,2028,0.25
power_base,VN_ABCD_001_GasCap_2030,EVN (Electricity of Vietnam) :: GasCap :: 2030,VN_ABCD_001,EVN (Electricity of Vietnam),VN,Power,GasCap,2026,7848960.000000001,7848960.000000001,8209079.291803278,7848960.000000001,0.012,0.085,1.6,0.22,60.6,60.6,40429992.96000001,40429992.96000001,37435178.66666667,37435178.66666667,VN_PDP8_BASELINE,VN_NZE_STRESS,Vietnam,increasing_carbon_tax_50,0.03,0.08,0.02,1,2028,0.25
power_base,VN_ABCD_001_GasCap_2030,EVN (Electricity of Vietnam) :: GasCap :: 2030,VN_ABCD_001,EVN (Electricity of Vietnam),VN,Power,GasCap,2027,7989119.999999999,7989119.999999999,9203548.95737705,7989119.999999999,0.012,0.085,1.6,0.22,61.2,61.2,41559402.239999995,41559402.239999995,35630488.88888888,35630488.88888888,VN_PDP8_BASELINE,VN_NZE_STRESS,Vietnam,increasing_carbon_tax_50,0.03,0.08,0.02,1,2028,0.25
power_base,VN_ABCD_001_GasCap_2030,EVN (Electricity of Vietnam) :: GasCap :: 2030,VN_ABCD_001,EVN (Electricity of Vietnam),VN,Power,GasCap,2028,8129279.999999999,8129279.999999999,10047762.507540982,9425034.49967213,0.012,0.085,1.6,0.22,61.8,61.8,42703107.84,29184073.979532786,33899103.79515317,23167258.84927093,VN_PDP8_BASELINE,VN_NZE_STRESS,Vietnam,increasing_carbon_tax_50,0.03,0.08,0.02,1,2028,0.25
power_base,VN_ABCD_001_GasCap_2030,EVN (Electricity of Vietnam) :: GasCap :: 2030,VN_ABCD_001,EVN (Electricity of Vietnam),VN,Power,GasCap,2029,8269440,8269440,10317136.241311476,10860948.999344263,0.012,0.085,1.6,0.22,62.4,60.15,43861109.760000005,25429685.863437325,32239225.050381884,18691578.256862383,VN_PDP8_BASELINE,VN_NZE_STRESS,Vietnam,increasing_carbon_tax_50,0.03,0.08,0.02,1,2028,0.25
power_base,VN_ABCD_001_GasCap_2030,EVN (Electricity of Vietnam) :: GasCap :: 2030,VN_ABCD_001,EVN (Electricity of Vietnam),VN,Power,GasCap,2030,8409600,8409600,10643400,12296863.499016391,0.012,0.085,1.6,0.22,63,58.5,45033408,21182403.87283304,30648980.789965384,14416388.14863286,VN_PDP8_BASELINE,VN_NZE_STRESS,Vietnam,increasing_carbon_tax_50,0.03,0.08,0.02,1,2028,0.25
power_base,VN_ABCD_001_GasCap_2030,EVN (Electricity of Vietnam) :: GasCap :: 2030,VN_ABCD_001,EVN (Electricity of Vietnam),VN,Power,GasCap,2031,NA,NA,NA,NA,0.012,0.085,1.6,0.22,NA,NA,45934076.16,21606051.9502897,765567936.0000001,360100865.8381617,VN_PDP8_BASELINE,VN_NZE_STRESS,Vietnam,increasing_carbon_tax_50,0.03,0.08,0.02,1,2028,0.25
power_base,VN_ABCD_001_HydroCap_2025,NA,VN_ABCD_001,NA,NA,Power,HydroCap,2025,NA,NA,NA,NA,NA,NA,NA,NA,NA,NA,146358576,NA,146358576,NA,VN_PDP8_BASELINE,VN_NZE_STRESS,Vietnam,increasing_carbon_tax_50,0.03,0.08,0.02,1,2028,0.25
power_base,VN_ABCD_001_HydroCap_2025,NA,VN_ABCD_001,NA,NA,Power,HydroCap,2026,NA,NA,NA,NA,NA,NA,NA,NA,NA,NA,146945811.2102952,NA,136060936.30582887,NA,VN_PDP8_BASELINE,VN_NZE_STRESS,Vietnam,increasing_carbon_tax_50,0.03,0.08,0.02,1,2028,0.25
power_base,VN_ABCD_001_HydroCap_2025,NA,VN_ABCD_001,NA,NA,Power,HydroCap,2027,NA,NA,NA,NA,NA,NA,NA,NA,NA,NA,147566982.36420512,NA,126514902.57562166,NA,VN_PDP8_BASELINE,VN_NZE_STRESS,Vietnam,increasing_carbon_tax_50,0.03,0.08,0.02,1,2028,0.25
power_base,VN_ABCD_001_HydroCap_2025,NA,VN_ABCD_001,NA,NA,Power,HydroCap,2028,NA,NA,NA,NA,NA,NA,NA,NA,NA,NA,148256616.45314336,NA,117690882.08506654,NA,VN_PDP8_BASELINE,VN_NZE_STRESS,Vietnam,increasing_carbon_tax_50,0.03,0.08,0.02,1,2028,0.25
power_base,VN_ABCD_001_HydroCap_2025,NA,VN_ABCD_001,NA,NA,Power,HydroCap,2029,NA,NA,NA,NA,NA,NA,NA,NA,NA,NA,148947334.46252236,NA,109480737.3244119,NA,VN_PDP8_BASELINE,VN_NZE_STRESS,Vietnam,increasing_carbon_tax_50,0.03,0.08,0.02,1,2028,0.25
power_base,VN_ABCD_001_HydroCap_2025,NA,VN_ABCD_001,NA,NA,Power,HydroCap,2030,NA,NA,NA,NA,NA,NA,NA,NA,NA,NA,149800594.14948565,NA,101951767.28381264,NA,VN_PDP8_BASELINE,VN_NZE_STRESS,Vietnam,increasing_carbon_tax_50,0.03,0.08,0.02,1,2028,0.25
power_base,VN_ABCD_001_HydroCap_2025,NA,VN_ABCD_001,NA,NA,Power,HydroCap,2031,NA,NA,NA,NA,NA,NA,NA,NA,NA,NA,152796606.03247535,NA,2546610100.541256,NA,VN_PDP8_BASELINE,VN_NZE_STRESS,Vietnam,increasing_carbon_tax_50,0.03,0.08,0.02,1,2028,0.25
power_base,VN_ABCD_001_HydroCap_2026,EVN (Electricity of Vietnam) :: HydroCap :: 2026,VN_ABCD_001,EVN (Electricity of Vietnam),VN,Power,HydroCap,2025,30944700.000000004,30944700.000000004,30944700.000000004,30944700.000000004,0.012,0.085,1.6,0.22,56,56,147296772.00000003,147296772.00000003,147296772.00000003,147296772.00000003,VN_PDP8_BASELINE,VN_NZE_STRESS,Vietnam,increasing_carbon_tax_50,0.03,0.08,0.02,1,2028,0.25
power_base,VN_ABCD_001_HydroCap_2026,EVN (Electricity of Vietnam) :: HydroCap :: 2026,VN_ABCD_001,EVN (Electricity of Vietnam),VN,Power,HydroCap,2026,30944700.000000004,30944700.000000004,30889392.562578347,30944700.000000004,0.012,0.085,1.6,0.22,56.1,56.1,147559801.95000002,147559801.95000002,136629446.25,136629446.25,VN_PDP8_BASELINE,VN_NZE_STRESS,Vietnam,increasing_carbon_tax_50,0.03,0.08,0.02,1,2028,0.25
power_base,VN_ABCD_001_HydroCap_2026,EVN (Electricity of Vietnam) :: HydroCap :: 2026,VN_ABCD_001,EVN (Electricity of Vietnam),VN,Power,HydroCap,2027,NA,31020383.15977784,30838521.045905534,31020383.15977784,0.012,0.085,1.6,0.22,56.2,56.2,148184370.35425878,148184370.35425878,127044213.26668276,127044213.26668276,VN_PDP8_BASELINE,VN_NZE_STRESS,Vietnam,increasing_carbon_tax_50,0.03,0.08,0.02,1,2028,0.25
power_base,VN_ABCD_001_HydroCap_2026,EVN (Electricity of Vietnam) :: HydroCap :: 2026,VN_ABCD_001,EVN (Electricity of Vietnam),VN,Power,HydroCap,2028,NA,31110195.498592407,30846779.409001768,30902232.737859946,0.012,0.085,1.6,0.22,56.3,56.3,148877840.55851397,147882634.76702875,118184029.80880864,117394003.36507767,VN_PDP8_BASELINE,VN_NZE_STRESS,Vietnam,increasing_carbon_tax_50,0.03,0.08,0.02,1,2028,0.25
power_base,VN_ABCD_001_HydroCap_2026,EVN (Electricity of Vietnam) :: HydroCap :: 2026,VN_ABCD_001,EVN (Electricity of Vietnam),VN,Power,HydroCap,2029,NA,31199916.90267373,30854093.95917273,30784082.31594204,0.012,0.085,1.6,0.22,56.4,56.65,149572401.63141784,148233052.3718399,109940180.35355304,108955718.66444243,VN_PDP8_BASELINE,VN_NZE_STRESS,Vietnam,increasing_carbon_tax_50,0.03,0.08,0.02,1,2028,0.25
power_base,VN_ABCD_001_HydroCap_2026,EVN (Electricity of Vietnam) :: HydroCap :: 2026,VN_ABCD_001,EVN (Electricity of Vietnam),VN,Power,HydroCap,2030,NA,31323382.8871914,30888543.130945597,30665931.89402414,0.012,0.085,1.6,0.22,56.5,57,150430546.3157367,148576440.02654698,102380502.14309812,101118628.557161,VN_PDP8_BASELINE,VN_NZE_STRESS,Vietnam,increasing_carbon_tax_50,0.03,0.08,0.02,1,2028,0.25
power_base,VN_ABCD_001_HydroCap_2026,EVN (Electricity of Vietnam) :: HydroCap :: 2026,VN_ABCD_001,EVN (Electricity of Vietnam),VN,Power,HydroCap,2031,NA,NA,NA,NA,0.012,0.085,1.6,0.22,NA,NA,153439157.24205145,151547968.82707793,2557319287.367524,2525799480.4512987,VN_PDP8_BASELINE,VN_NZE_STRESS,Vietnam,increasing_carbon_tax_50,0.03,0.08,0.02,1,2028,0.25
power_base,VN_ABCD_001_HydroCap_2027,EVN (Electricity of Vietnam) :: HydroCap :: 2027,VN_ABCD_001,EVN (Electricity of Vietnam),VN,Power,HydroCap,2025,31141800,31141800,31141800,31141800,0.012,0.085,1.6,0.22,56,56,148234968,148234968,148234968,148234968,VN_PDP8_BASELINE,VN_NZE_STRESS,Vietnam,increasing_carbon_tax_50,0.03,0.08,0.02,1,2028,0.25
power_base,VN_ABCD_001_HydroCap_2027,EVN (Electricity of Vietnam) :: HydroCap :: 2027,VN_ABCD_001,EVN (Electricity of Vietnam),VN,Power,HydroCap,2026,31141800,31141800,31086140.28590687,31141800,0.012,0.085,1.6,0.22,56.1,56.1,148499673.3,148499673.3,137499697.5,137499697.5,VN_PDP8_BASELINE,VN_NZE_STRESS,Vietnam,increasing_carbon_tax_50,0.03,0.08,0.02,1,2028,0.25
power_base,VN_ABCD_001_HydroCap_2027,EVN (Electricity of Vietnam) :: HydroCap :: 2027,VN_ABCD_001,EVN (Electricity of Vietnam),VN,Power,HydroCap,2027,31141800,31141800,31034944.746834863,31141800,0.012,0.085,1.6,0.22,56.2,56.2,148764378.60000002,148764378.60000002,127541476.85185188,127541476.85185188,VN_PDP8_BASELINE,VN_NZE_STRESS,Vietnam,increasing_carbon_tax_50,0.03,0.08,0.02,1,2028,0.25
power_base,VN_ABCD_001_HydroCap_2027,EVN (Electricity of Vietnam) :: HydroCap :: 2027,VN_ABCD_001,EVN (Electricity of Vietnam),VN,Power,HydroCap,2028,NA,31232184.391928032,31043255.71096993,31073673.83970427,0.012,0.085,1.6,0.22,56.3,56.3,149461618.4075716,148703066.1599048,118647451.486984,118045288.25628778,VN_PDP8_BASELINE,VN_NZE_STRESS,Vietnam,increasing_carbon_tax_50,0.03,0.08,0.02,1,2028,0.25
power_base,VN_ABCD_001_HydroCap_2027,EVN (Electricity of Vietnam) :: HydroCap :: 2027,VN_ABCD_001,EVN (Electricity of Vietnam),VN,Power,HydroCap,2029,NA,31322477.2699207,31050616.850632414,31005547.67940854,0.012,0.085,1.6,0.22,56.4,56.65,150159956.03199983,149299463.46327198,110372050.37812272,109739562.65199824,VN_PDP8_BASELINE,VN_NZE_STRESS,Vietnam,increasing_carbon_tax_50,0.03,0.08,0.02,1,2028,0.25
power_base,VN_ABCD_001_HydroCap_2027,EVN (Electricity of Vietnam) :: HydroCap :: 2027,VN_ABCD_001,EVN (Electricity of Vietnam),VN,Power,HydroCap,2030,NA,31446729.66198307,31085285.443881553,30937421.51911281,0.012,0.085,1.6,0.22,56.5,57,151022919.2016737,149891807.26010156,102783661.17564525,102013845.394247,VN_PDP8_BASELINE,VN_NZE_STRESS,Vietnam,increasing_carbon_tax_50,0.03,0.08,0.02,1,2028,0.25
power_base,VN_ABCD_001_HydroCap_2027,EVN (Electricity of Vietnam) :: HydroCap :: 2027,VN_ABCD_001,EVN (Electricity of Vietnam),VN,Power,HydroCap,2031,NA,NA,NA,NA,0.012,0.085,1.6,0.22,NA,NA,154043377.58570716,152889643.4053036,2567389626.4284525,2548160723.4217267,VN_PDP8_BASELINE,VN_NZE_STRESS,Vietnam,increasing_carbon_tax_50,0.03,0.08,0.02,1,2028,0.25
power_base,VN_ABCD_001_HydroCap_2028,EVN (Electricity of Vietnam) :: HydroCap :: 2028,VN_ABCD_001,EVN (Electricity of Vietnam),VN,Power,HydroCap,2025,31338900.000000004,31338900.000000004,31338900.000000004,31338900.000000004,0.012,0.085,1.6,0.22,56,56,149173164.00000003,149173164.00000003,149173164.00000003,149173164.00000003,VN_PDP8_BASELINE,VN_NZE_STRESS,Vietnam,increasing_carbon_tax_50,0.03,0.08,0.02,1,2028,0.25
power_base,VN_ABCD_001_HydroCap_2028,EVN (Electricity of Vietnam) :: HydroCap :: 2028,VN_ABCD_001,EVN (Electricity of Vietnam),VN,Power,HydroCap,2026,31338900.000000004,31338900.000000004,31282888.009235397,31338900.000000004,0.012,0.085,1.6,0.22,56.1,56.1,149439544.65000004,149439544.65000004,138369948.75000003,138369948.75000003,VN_PDP8_BASELINE,VN_NZE_STRESS,Vietnam,increasing_carbon_tax_50,0.03,0.08,0.02,1,2028,0.25
power_base,VN_ABCD_001_HydroCap_2028,EVN (Electricity of Vietnam) :: HydroCap :: 2028,VN_ABCD_001,EVN (Electricity of Vietnam),VN,Power,HydroCap,2027,31338900.000000004,31338900.000000004,31231368.447764203,31338900.000000004,0.012,0.085,1.6,0.22,56.2,56.2,149705925.30000004,149705925.30000004,128348701.38888893,128348701.38888893,VN_PDP8_BASELINE,VN_NZE_STRESS,Vietnam,increasing_carbon_tax_50,0.03,0.08,0.02,1,2028,0.25
power_base,VN_ABCD_001_HydroCap_2028,EVN (Electricity of Vietnam) :: HydroCap :: 2028,VN_ABCD_001,EVN (Electricity of Vietnam),VN,Power,HydroCap,2028,31338900.000000004,31338900.000000004,31239732.012938097,31270342.661474556,0.012,0.085,1.6,0.22,56.3,56.3,149972305.95000002,149644224.8064865,119052851.72325104,118792410.33385922,VN_PDP8_BASELINE,VN_NZE_STRESS,Vietnam,increasing_carbon_tax_50,0.03,0.08,0.02,1,2028,0.25
power_base,VN_ABCD_001_HydroCap_2028,EVN (Electricity of Vietnam) :: HydroCap :: 2028,VN_ABCD_001,EVN (Electricity of Vietnam),VN,Power,HydroCap,2029,NA,31429764.351904016,31247139.74209212,31201785.322949104,0.012,0.085,1.6,0.22,56.4,56.65,150674290.30302787,150244396.77633068,110750101.42164464,110434116.84599826,VN_PDP8_BASELINE,VN_NZE_STRESS,Vietnam,increasing_carbon_tax_50,0.03,0.08,0.02,1,2028,0.25
power_base,VN_ABCD_001_HydroCap_2028,EVN (Electricity of Vietnam) :: HydroCap :: 2028,VN_ABCD_001,EVN (Electricity of Vietnam),VN,Power,HydroCap,2030,NA,31554803.151511088,31282027.756817512,31133227.984423656,0.012,0.085,1.6,0.22,56.5,57,151541942.135132,150840489.58453262,103136899.46303214,102659502.64357772,VN_PDP8_BASELINE,VN_NZE_STRESS,Vietnam,increasing_carbon_tax_50,0.03,0.08,0.02,1,2028,0.25
power_base,VN_ABCD_001_HydroCap_2028,EVN (Electricity of Vietnam) :: HydroCap :: 2028,VN_ABCD_001,EVN (Electricity of Vietnam),VN,Power,HydroCap,2031,NA,NA,NA,NA,0.012,0.085,1.6,0.22,NA,NA,154572780.97783467,153857299.37622327,2576213016.2972445,2564288322.9370546,VN_PDP8_BASELINE,VN_NZE_STRESS,Vietnam,increasing_carbon_tax_50,0.03,0.08,0.02,1,2028,0.25
power_base,VN_ABCD_001_HydroCap_2029,EVN (Electricity of Vietnam) :: HydroCap :: 2029,VN_ABCD_001,EVN (Electricity of Vietnam),VN,Power,HydroCap,2025,31536000,31536000,31536000,31536000,0.012,0.085,1.6,0.22,56,56,150111360,150111360,150111360,150111360,VN_PDP8_BASELINE,VN_NZE_STRESS,Vietnam,increasing_carbon_tax_50,0.03,0.08,0.02,1,2028,0.25
power_base,VN_ABCD_001_HydroCap_2029,EVN (Electricity of Vietnam) :: HydroCap :: 2029,VN_ABCD_001,EVN (Electricity of Vietnam),VN,Power,HydroCap,2026,31536000,31536000,31479635.73256392,31536000,0.012,0.085,1.6,0.22,56.1,56.1,150379416,150379416,139240200,139240200,VN_PDP8_BASELINE,VN_NZE_STRESS,Vietnam,increasing_carbon_tax_50,0.03,0.08,0.02,1,2028,0.25
power_base,VN_ABCD_001_HydroCap_2029,EVN (Electricity of Vietnam) :: HydroCap :: 2029,VN_ABCD_001,EVN (Electricity of Vietnam),VN,Power,HydroCap,2027,31536000,31536000,31427792.14869353,31536000,0.012,0.085,1.6,0.22,56.2,56.2,150647472,150647472,129155925.92592593,129155925.92592593,VN_PDP8_BASELINE,VN_NZE_STRESS,Vietnam,increasing_carbon_tax_50,0.03,0.08,0.02,1,2028,0.25
power_base,VN_ABCD_001_HydroCap_2029,EVN (Electricity of Vietnam) :: HydroCap :: 2029,VN_ABCD_001,EVN (Electricity of Vietnam),VN,Power,HydroCap,2028,31536000,31536000,31436208.314906254,31467011.483244833,0.012,0.085,1.6,0.22,56.3,56.3,150915528,150585383.45306817,119801611.79698215,119539532.41143069,VN_PDP8_BASELINE,VN_NZE_STRESS,Vietnam,increasing_carbon_tax_50,0.03,0.08,0.02,1,2028,0.25
power_base,VN_ABCD_001_HydroCap_2029,EVN (Electricity of Vietnam) :: HydroCap :: 2029,VN_ABCD_001,EVN (Electricity of Vietnam),VN,Power,HydroCap,2029,31536000,31536000,31443662.633551817,31398022.96648966,0.012,0.085,1.6,0.22,56.4,56.65,151183584,151189330.08938935,111124447.49276024,111128671.03999823,VN_PDP8_BASELINE,VN_NZE_STRESS,Vietnam,increasing_carbon_tax_50,0.03,0.08,0.02,1,2028,0.25
power_base,VN_ABCD_001_HydroCap_2029,EVN (Electricity of Vietnam) :: HydroCap :: 2029,VN_ABCD_001,EVN (Electricity of Vietnam),VN,Power,HydroCap,2030,NA,31661825.20715177,31478770.069753468,31329034.449734498,0.012,0.085,1.6,0.22,56.5,57,152055915.5573464,151789171.90896365,103486701.13791318,103305159.8929084,VN_PDP8_BASELINE,VN_NZE_STRESS,Vietnam,increasing_carbon_tax_50,0.03,0.08,0.02,1,2028,0.25
power_base,VN_ABCD_001_HydroCap_2029,EVN (Electricity of Vietnam) :: HydroCap :: 2029,VN_ABCD_001,EVN (Electricity of Vietnam),VN,Power,HydroCap,2031,NA,NA,NA,NA,0.012,0.085,1.6,0.22,NA,NA,155097033.86849335,154824955.34714293,2584950564.4748893,2580415922.4523826,VN_PDP8_BASELINE,VN_NZE_STRESS,Vietnam,increasing_carbon_tax_50,0.03,0.08,0.02,1,2028,0.25
power_base,VN_ABCD_001_HydroCap_2030,EVN (Electricity of Vietnam) :: HydroCap :: 2030,VN_ABCD_001,EVN (Electricity of Vietnam),VN,Power,HydroCap,2025,31930200,31930200,31930200,31930200,0.012,0.085,1.6,0.22,56,56,151987752,151987752,151987752,151987752,VN_PDP8_BASELINE,VN_NZE_STRESS,Vietnam,increasing_carbon_tax_50,0.03,0.08,0.02,1,2028,0.25
power_base,VN_ABCD_001_HydroCap_2030,EVN (Electricity of Vietnam) :: HydroCap :: 2030,VN_ABCD_001,EVN (Electricity of Vietnam),VN,Power,HydroCap,2026,31930200,31930200,31873131.179220967,31930200,0.012,0.085,1.6,0.22,56.1,56.1,152259158.70000002,152259158.70000002,140980702.5,140980702.5,VN_PDP8_BASELINE,VN_NZE_STRESS,Vietnam,increasing_carbon_tax_50,0.03,0.08,0.02,1,2028,0.25
power_base,VN_ABCD_001_HydroCap_2030,EVN (Electricity of Vietnam) :: HydroCap :: 2030,VN_ABCD_001,EVN (Electricity of Vietnam),VN,Power,HydroCap,2027,31930200,31930200,31820639.550552204,31930200,0.012,0.085,1.6,0.22,56.2,56.2,152530565.4,152530565.4,130770375,130770375,VN_PDP8_BASELINE,VN_NZE_STRESS,Vietnam,increasing_carbon_tax_50,0.03,0.08,0.02,1,2028,0.25
power_base,VN_ABCD_001_HydroCap_2030,EVN (Electricity of Vietnam) :: HydroCap :: 2030,VN_ABCD_001,EVN (Electricity of Vietnam),VN,Power,HydroCap,2028,31930200,31930200,31829160.918842588,31860349.126785394,0.012,0.085,1.6,0.22,56.3,56.3,152801972.10000002,152467700.7462315,121299131.94444443,121033776.56657352,VN_PDP8_BASELINE,VN_NZE_STRESS,Vietnam,increasing_carbon_tax_50,0.03,0.08,0.02,1,2028,0.25
power_base,VN_ABCD_001_HydroCap_2030,EVN (Electricity of Vietnam) :: HydroCap :: 2030,VN_ABCD_001,EVN (Electricity of Vietnam),VN,Power,HydroCap,2029,31930200,31930200,31836708.416471213,31790498.253570784,0.012,0.085,1.6,0.22,56.4,56.65,153073378.8,153079196.7155067,112513503.08641972,112517779.4279982,VN_PDP8_BASELINE,VN_NZE_STRESS,Vietnam,increasing_carbon_tax_50,0.03,0.08,0.02,1,2028,0.25
power_base,VN_ABCD_001_HydroCap_2030,EVN (Electricity of Vietnam) :: HydroCap :: 2030,VN_ABCD_001,EVN (Electricity of Vietnam),VN,Power,HydroCap,2030,31930200,31930200,31872254.69562539,31720647.380356178,0.012,0.085,1.6,0.22,56.5,57,153344785.5,153686536.55782568,104363884.36404508,104596474.39156976,VN_PDP8_BASELINE,VN_NZE_STRESS,Vietnam,increasing_carbon_tax_50,0.03,0.08,0.02,1,2028,0.25
power_base,VN_ABCD_001_HydroCap_2030,EVN (Electricity of Vietnam) :: HydroCap :: 2030,VN_ABCD_001,EVN (Electricity of Vietnam),VN,Power,HydroCap,2031,NA,NA,NA,NA,0.012,0.085,1.6,0.22,NA,NA,156411681.21,156760267.2889822,2606861353.5,2612671121.483037,VN_PDP8_BASELINE,VN_NZE_STRESS,Vietnam,increasing_carbon_tax_50,0.03,0.08,0.02,1,2028,0.25
power_base,VN_ABCD_002_CoalCap_2025,NA,VN_ABCD_002,NA,NA,Power,CoalCap,2025,NA,NA,NA,NA,NA,NA,NA,NA,NA,NA,75889631.99999999,NA,75889631.99999999,NA,VN_PDP8_BASELINE,VN_NZE_STRESS,Vietnam,increasing_carbon_tax_50,0.03,0.08,0.02,1,2028,0.25
power_base,VN_ABCD_002_CoalCap_2025,NA,VN_ABCD_002,NA,NA,Power,CoalCap,2026,NA,NA,NA,NA,NA,NA,NA,NA,NA,NA,73528417.65480666,NA,68081868.19889505,NA,VN_PDP8_BASELINE,VN_NZE_STRESS,Vietnam,increasing_carbon_tax_50,0.03,0.08,0.02,1,2028,0.25
power_base,VN_ABCD_002_CoalCap_2025,NA,VN_ABCD_002,NA,NA,Power,CoalCap,2027,NA,NA,NA,NA,NA,NA,NA,NA,NA,NA,68392198.05703616,NA,58635286.40006529,NA,VN_PDP8_BASELINE,VN_NZE_STRESS,Vietnam,increasing_carbon_tax_50,0.03,0.08,0.02,1,2028,0.25
power_base,VN_ABCD_002_CoalCap_2025,NA,VN_ABCD_002,NA,NA,Power,CoalCap,2028,NA,NA,NA,NA,NA,NA,NA,NA,NA,NA,64501294.16141368,NA,51203206.8928562,NA,VN_PDP8_BASELINE,VN_NZE_STRESS,Vietnam,increasing_carbon_tax_50,0.03,0.08,0.02,1,2028,0.25
power_base,VN_ABCD_002_CoalCap_2025,NA,VN_ABCD_002,NA,NA,Power,CoalCap,2029,NA,NA,NA,NA,NA,NA,NA,NA,NA,NA,60167007.27280855,NA,44224546.4989356,NA,VN_PDP8_BASELINE,VN_NZE_STRESS,Vietnam,increasing_carbon_tax_50,0.03,0.08,0.02,1,2028,0.25
power_base,VN_ABCD_002_CoalCap_2025,NA,VN_ABCD_002,NA,NA,Power,CoalCap,2030,NA,NA,NA,NA,NA,NA,NA,NA,NA,NA,55454833.57527219,NA,37741627.925633445,NA,VN_PDP8_BASELINE,VN_NZE_STRESS,Vietnam,increasing_carbon_tax_50,0.03,0.08,0.02,1,2028,0.25
power_base,VN_ABCD_002_CoalCap_2025,NA,VN_ABCD_002,NA,NA,Power,CoalCap,2031,NA,NA,NA,NA,NA,NA,NA,NA,NA,NA,56563930.24677763,NA,942732170.7796272,NA,VN_PDP8_BASELINE,VN_NZE_STRESS,Vietnam,increasing_carbon_tax_50,0.03,0.08,0.02,1,2028,0.25
power_base,VN_ABCD_002_CoalCap_2026,Vinacomin Power JSC :: CoalCap :: 2026,VN_ABCD_002,Vinacomin Power JSC,VN,Power,CoalCap,2025,15820559.999999998,15820559.999999998,15820559.999999998,15820559.999999998,0.02,0.07,1.85,0.26,68,68,75305865.6,75305865.6,75305865.6,75305865.6,VN_PDP8_BASELINE,VN_NZE_STRESS,Vietnam,increasing_carbon_tax_50,0.03,0.08,0.02,1,2028,0.25
power_base,VN_ABCD_002_CoalCap_2026,Vinacomin Power JSC :: CoalCap :: 2026,VN_ABCD_002,Vinacomin Power JSC,VN,Power,CoalCap,2026,15255540.000000002,15255540.000000002,13297161.950055247,15255540.000000002,0.02,0.07,1.85,0.26,68.4,68.4,73043525.52000003,73043525.52000003,67632894.00000001,67632894.00000001,VN_PDP8_BASELINE,VN_NZE_STRESS,Vietnam,increasing_carbon_tax_50,0.03,0.08,0.02,1,2028,0.25
power_base,VN_ABCD_002_CoalCap_2026,Vinacomin Power JSC :: CoalCap :: 2026,VN_ABCD_002,Vinacomin Power JSC,VN,Power,CoalCap,2027,NA,14108656.000489742,10472717.498121548,14108656.000489742,0.02,0.07,1.85,0.26,68.8,68.8,67947287.2983586,67947287.2983586,58253847.135081105,58253847.135081105,VN_PDP8_BASELINE,VN_NZE_STRESS,Vietnam,increasing_carbon_tax_50,0.03,0.08,0.02,1,2028,0.25
power_base,VN_ABCD_002_CoalCap_2026,Vinacomin Power JSC :: CoalCap :: 2026,VN_ABCD_002,Vinacomin Power JSC,VN,Power,CoalCap,2028,NA,13230137.371451307,7949488.017679557,9067840.894977242,0.02,0.07,1.85,0.26,69.2,69.2,64086785.427310154,21311693.063420262,50874156.495540366,16917909.064468913,VN_PDP8_BASELINE,VN_NZE_STRESS,Vietnam,increasing_carbon_tax_50,0.03,0.08,0.02,1,2028,0.25
power_base,VN_ABCD_002_CoalCap_2026,Vinacomin Power JSC :: CoalCap :: 2026,VN_ABCD_002,Vinacomin Power JSC,VN,Power,CoalCap,2029,NA,12271410.34517378,5794115.900817679,4027025.789464744,0.02,0.07,1.85,0.26,69.6,64.6,59786311.20168666,7348355.579583684,43944723.52181869,5401260.719957391,VN_PDP8_BASELINE,VN_NZE_STRESS,Vietnam,increasing_carbon_tax_50,0.03,0.08,0.02,1,2028,0.25
power_base,VN_ABCD_002_CoalCap_2026,Vinacomin Power JSC :: CoalCap :: 2026,VN_ABCD_002,Vinacomin Power JSC,VN,Power,CoalCap,2030,NA,11247113.67117124,3931790.002209944,0,0.02,0.07,1.85,0.26,70,60,55110856.98873909,0,37507523.240665995,0,VN_PDP8_BASELINE,VN_NZE_STRESS,Vietnam,increasing_carbon_tax_50,0.03,0.08,0.02,1,2028,0.25
power_base,VN_ABCD_002_CoalCap_2026,Vinacomin Power JSC :: CoalCap :: 2026,VN_ABCD_002,Vinacomin Power JSC,VN,Power,CoalCap,2031,NA,NA,NA,NA,0.02,0.07,1.85,0.26,NA,NA,56213074.12851387,0,936884568.8085644,0,VN_PDP8_BASELINE,VN_NZE_STRESS,Vietnam,increasing_carbon_tax_50,0.03,0.08,0.02,1,2028,0.25
power_base,VN_ABCD_002_CoalCap_2027,Vinacomin Power JSC :: CoalCap :: 2027,VN_ABCD_002,Vinacomin Power JSC,VN,Power,CoalCap,2025,15636600,15636600,15636600,15636600,0.02,0.07,1.85,0.26,68,68,74430216,74430216,74430216,74430216,VN_PDP8_BASELINE,VN_NZE_STRESS,Vietnam,increasing_carbon_tax_50,0.03,0.08,0.02,1,2028,0.25
power_base,VN_ABCD_002_CoalCap_2027,Vinacomin Power JSC :: CoalCap :: 2027,VN_ABCD_002,Vinacomin Power JSC,VN,Power,CoalCap,2026,15078150,15078150,13142543.787845302,15078150,0.02,0.07,1.85,0.26,68.4,68.4,72194182.20000002,72194182.20000002,66846465.000000015,66846465.000000015,VN_PDP8_BASELINE,VN_NZE_STRESS,Vietnam,increasing_carbon_tax_50,0.03,0.08,0.02,1,2028,0.25
power_base,VN_ABCD_002_CoalCap_2027,Vinacomin Power JSC :: CoalCap :: 2027,VN_ABCD_002,Vinacomin Power JSC,VN,Power,CoalCap,2027,14519700,14519700,10350941.713259667,14519700,0.02,0.07,1.85,0.26,68.8,68.8,69926875.2,69926875.2,59951024.69135802,59951024.69135802,VN_PDP8_BASELINE,VN_NZE_STRESS,Vietnam,increasing_carbon_tax_50,0.03,0.08,0.02,1,2028,0.25
power_base,VN_ABCD_002_CoalCap_2027,Vinacomin Power JSC :: CoalCap :: 2027,VN_ABCD_002,Vinacomin Power JSC,VN,Power,CoalCap,2028,NA,13651396.703857366,7857052.110497238,9154100.264254143,0.02,0.07,1.85,0.26,69.2,69.2,66127365.633485086,21514424.146063305,52494034.85358961,17078843.534127884,VN_PDP8_BASELINE,VN_NZE_STRESS,Vietnam,increasing_carbon_tax_50,0.03,0.08,0.02,1,2028,0.25
power_base,VN_ABCD_002_CoalCap_2027,Vinacomin Power JSC :: CoalCap :: 2027,VN_ABCD_002,Vinacomin Power JSC,VN,Power,CoalCap,2029,NA,12703817.666257482,5726742.460110497,3788500.528508289,0.02,0.07,1.85,0.26,69.6,64.6,61892999.670006454,6913104.224400784,45493202.43657577,5081337.980427847,VN_PDP8_BASELINE,VN_NZE_STRESS,Vietnam,increasing_carbon_tax_50,0.03,0.08,0.02,1,2028,0.25
power_base,VN_ABCD_002_CoalCap_2027,Vinacomin Power JSC :: CoalCap :: 2027,VN_ABCD_002,Vinacomin Power JSC,VN,Power,CoalCap,2030,NA,11691431.41869683,3886071.513812155,0,0.02,0.07,1.85,0.26,70,60,57288013.95161447,0,38989259.68690401,0,VN_PDP8_BASELINE,VN_NZE_STRESS,Vietnam,increasing_carbon_tax_50,0.03,0.08,0.02,1,2028,0.25
power_base,VN_ABCD_002_CoalCap_2027,Vinacomin Power JSC :: CoalCap :: 2027,VN_ABCD_002,Vinacomin Power JSC,VN,Power,CoalCap,2031,NA,NA,NA,NA,0.02,0.07,1.85,0.26,NA,NA,58433774.23064676,0,973896237.177446,0,VN_PDP8_BASELINE,VN_NZE_STRESS,Vietnam,increasing_carbon_tax_50,0.03,0.08,0.02,1,2028,0.25
power_base,VN_ABCD_002_CoalCap_2028,Vinacomin Power JSC :: CoalCap :: 2028,VN_ABCD_002,Vinacomin Power JSC,VN,Power,CoalCap,2025,15330000,15330000,15330000,15330000,0.02,0.07,1.85,0.26,68,68,72970800,72970800,72970800,72970800,VN_PDP8_BASELINE,VN_NZE_STRESS,Vietnam,increasing_carbon_tax_50,0.03,0.08,0.02,1,2028,0.25
power_base,VN_ABCD_002_CoalCap_2028,Vinacomin Power JSC :: CoalCap :: 2028,VN_ABCD_002,Vinacomin Power JSC,VN,Power,CoalCap,2026,14782500,14782500,12884846.85082873,14782500,0.02,0.07,1.85,0.26,68.4,68.4,70778610.00000001,70778610.00000001,65535750.00000001,65535750.00000001,VN_PDP8_BASELINE,VN_NZE_STRESS,Vietnam,increasing_carbon_tax_50,0.03,0.08,0.02,1,2028,0.25
power_base,VN_ABCD_002_CoalCap_2028,Vinacomin Power JSC :: CoalCap :: 2028,VN_ABCD_002,Vinacomin Power JSC,VN,Power,CoalCap,2027,14235000,14235000,10147982.071823204,14235000,0.02,0.07,1.85,0.26,68.8,68.8,68555760,68555760,58775514.40329218,58775514.40329218,VN_PDP8_BASELINE,VN_NZE_STRESS,Vietnam,increasing_carbon_tax_50,0.03,0.08,0.02,1,2028,0.25
power_base,VN_ABCD_002_CoalCap_2028,Vinacomin Power JSC :: CoalCap :: 2028,VN_ABCD_002,Vinacomin Power JSC,VN,Power,CoalCap,2028,13687500,13687500,7702992.265193371,8974608.102209944,0.02,0.07,1.85,0.26,69.2,69.2,66302250.00000001,21092572.69221892,52632863.70217954,16743964.24914498,VN_PDP8_BASELINE,VN_NZE_STRESS,Vietnam,increasing_carbon_tax_50,0.03,0.08,0.02,1,2028,0.25
power_base,VN_ABCD_002_CoalCap_2028,Vinacomin Power JSC :: CoalCap :: 2028,VN_ABCD_002,Vinacomin Power JSC,VN,Power,CoalCap,2029,NA,12758500.943529526,5614453.392265193,3714216.204419889,0.02,0.07,1.85,0.26,69.6,64.6,62159416.596875854,6777553.161177234,45689026.831115074,4981703.902380238,VN_PDP8_BASELINE,VN_NZE_STRESS,Vietnam,increasing_carbon_tax_50,0.03,0.08,0.02,1,2028,0.25
power_base,VN_ABCD_002_CoalCap_2028,Vinacomin Power JSC :: CoalCap :: 2028,VN_ABCD_002,Vinacomin Power JSC,VN,Power,CoalCap,2030,NA,11765965.406705355,3809874.03314917,0,0.02,0.07,1.85,0.26,70,60,57653230.49285626,0,39237819.92815196,0,VN_PDP8_BASELINE,VN_NZE_STRESS,Vietnam,increasing_carbon_tax_50,0.03,0.08,0.02,1,2028,0.25
power_base,VN_ABCD_002_CoalCap_2028,Vinacomin Power JSC :: CoalCap :: 2028,VN_ABCD_002,Vinacomin Power JSC,VN,Power,CoalCap,2031,NA,NA,NA,NA,0.02,0.07,1.85,0.26,NA,NA,58806295.102713384,0,980104918.3785564,0,VN_PDP8_BASELINE,VN_NZE_STRESS,Vietnam,increasing_carbon_tax_50,0.03,0.08,0.02,1,2028,0.25
power_base,VN_ABCD_002_CoalCap_2029,Vinacomin Power JSC :: CoalCap :: 2029,VN_ABCD_002,Vinacomin Power JSC,VN,Power,CoalCap,2025,15084720,15084720,15084720,15084720,0.02,0.07,1.85,0.26,68,68,71803267.2,71803267.2,71803267.2,71803267.2,VN_PDP8_BASELINE,VN_NZE_STRESS,Vietnam,increasing_carbon_tax_50,0.03,0.08,0.02,1,2028,0.25
power_base,VN_ABCD_002_CoalCap_2029,Vinacomin Power JSC :: CoalCap :: 2029,VN_ABCD_002,Vinacomin Power JSC,VN,Power,CoalCap,2026,14545980,14545980,12678689.30121547,14545980,0.02,0.07,1.85,0.26,68.4,68.4,69646152.24000001,69646152.24000001,64487178.00000001,64487178.00000001,VN_PDP8_BASELINE,VN_NZE_STRESS,Vietnam,increasing_carbon_tax_50,0.03,0.08,0.02,1,2028,0.25
power_base,VN_ABCD_002_CoalCap_2029,Vinacomin Power JSC :: CoalCap :: 2029,VN_ABCD_002,Vinacomin Power JSC,VN,Power,CoalCap,2027,14007240,14007240,9985614.358674034,14007240,0.02,0.07,1.85,0.26,68.8,68.8,67458867.84,67458867.84,57835106.17283951,57835106.17283951,VN_PDP8_BASELINE,VN_NZE_STRESS,Vietnam,increasing_carbon_tax_50,0.03,0.08,0.02,1,2028,0.25
power_base,VN_ABCD_002_CoalCap_2029,Vinacomin Power JSC :: CoalCap :: 2029,VN_ABCD_002,Vinacomin Power JSC,VN,Power,CoalCap,2028,13468500,13468500,7579744.388950275,8831014.372574586,0.02,0.07,1.85,0.26,69.2,69.2,65241414.00000001,20755091.529143427,51790737.88294467,16476060.821158664,VN_PDP8_BASELINE,VN_NZE_STRESS,Vietnam,increasing_carbon_tax_50,0.03,0.08,0.02,1,2028,0.25
power_base,VN_ABCD_002_CoalCap_2029,Vinacomin Power JSC :: CoalCap :: 2029,VN_ABCD_002,Vinacomin Power JSC,VN,Power,CoalCap,2029,12929760,12929760,5524622.13798895,3654788.745149171,0.02,0.07,1.85,0.26,69.6,64.6,62993790.72,6669112.3105983995,46302316.72001218,4901996.639942156,VN_PDP8_BASELINE,VN_NZE_STRESS,Vietnam,increasing_carbon_tax_50,0.03,0.08,0.02,1,2028,0.25
power_base,VN_ABCD_002_CoalCap_2029,Vinacomin Power JSC :: CoalCap :: 2029,VN_ABCD_002,Vinacomin Power JSC,VN,Power,CoalCap,2030,NA,11953105.03176502,3748916.048618784,0,0.02,0.07,1.85,0.26,70,60,58570214.65564861,0,39861903.9412945,0,VN_PDP8_BASELINE,VN_NZE_STRESS,Vietnam,increasing_carbon_tax_50,0.03,0.08,0.02,1,2028,0.25
power_base,VN_ABCD_002_CoalCap_2029,Vinacomin Power JSC :: CoalCap :: 2029,VN_ABCD_002,Vinacomin Power JSC,VN,Power,CoalCap,2031,NA,NA,NA,NA,0.02,0.07,1.85,0.26,NA,NA,59741618.948761575,0,995693649.1460264,0,VN_PDP8_BASELINE,VN_NZE_STRESS,Vietnam,increasing_carbon_tax_50,0.03,0.08,0.02,1,2028,0.25
power_base,VN_ABCD_002_CoalCap_2030,Vinacomin Power JSC :: CoalCap :: 2030,VN_ABCD_002,Vinacomin Power JSC,VN,Power,CoalCap,2025,14716800,14716800,14716800,14716800,0.02,0.07,1.85,0.26,68,68,70051968,70051968,70051968,70051968,VN_PDP8_BASELINE,VN_NZE_STRESS,Vietnam,increasing_carbon_tax_50,0.03,0.08,0.02,1,2028,0.25
power_base,VN_ABCD_002_CoalCap_2030,Vinacomin Power JSC :: CoalCap :: 2030,VN_ABCD_002,Vinacomin Power JSC,VN,Power,CoalCap,2026,14191200,14191200,12369452.976795578,14191200,0.02,0.07,1.85,0.26,68.4,68.4,67947465.60000001,67947465.60000001,62914320.00000001,62914320.00000001,VN_PDP8_BASELINE,VN_NZE_STRESS,Vietnam,increasing_carbon_tax_50,0.03,0.08,0.02,1,2028,0.25
power_base,VN_ABCD_002_CoalCap_2030,Vinacomin Power JSC :: CoalCap :: 2030,VN_ABCD_002,Vinacomin Power JSC,VN,Power,CoalCap,2027,13665600,13665600,9742062.788950276,13665600,0.02,0.07,1.85,0.26,68.8,68.8,65813529.60000001,65813529.60000001,56424493.8271605,56424493.8271605,VN_PDP8_BASELINE,VN_NZE_STRESS,Vietnam,increasing_carbon_tax_50,0.03,0.08,0.02,1,2028,0.25
power_base,VN_ABCD_002_CoalCap_2030,Vinacomin Power JSC :: CoalCap :: 2030,VN_ABCD_002,Vinacomin Power JSC,VN,Power,CoalCap,2028,13140000,13140000,7394872.574585634,8615623.778121546,0.02,0.07,1.85,0.26,69.2,69.2,63650160.00000001,20248869.784530167,50527549.15409237,16074205.67917918,VN_PDP8_BASELINE,VN_NZE_STRESS,Vietnam,increasing_carbon_tax_50,0.03,0.08,0.02,1,2028,0.25
power_base,VN_ABCD_002_CoalCap_2030,Vinacomin Power JSC :: CoalCap :: 2030,VN_ABCD_002,Vinacomin Power JSC,VN,Power,CoalCap,2029,12614400,12614400,5389875.256574585,3565647.556243092,0.02,0.07,1.85,0.26,69.6,64.6,61457356.8,6506451.034730143,45172991.9219631,4782435.746285028,VN_PDP8_BASELINE,VN_NZE_STRESS,Vietnam,increasing_carbon_tax_50,0.03,0.08,0.02,1,2028,0.25
power_base,VN_ABCD_002_CoalCap_2030,Vinacomin Power JSC :: CoalCap :: 2030,VN_ABCD_002,Vinacomin Power JSC,VN,Power,CoalCap,2030,12088800,12088800,3657479.071823204,0,0.02,0.07,1.85,0.26,70,60,59235120.00000001,0,40314427.346278,0,VN_PDP8_BASELINE,VN_NZE_STRESS,Vietnam,increasing_carbon_tax_50,0.03,0.08,0.02,1,2028,0.25
power_base,VN_ABCD_002_CoalCap_2030,Vinacomin Power JSC :: CoalCap :: 2030,VN_ABCD_002,Vinacomin Power JSC,VN,Power,CoalCap,2031,NA,NA,NA,NA,0.02,0.07,1.85,0.26,NA,NA,60419822.400000006,0,1006997040,0,VN_PDP8_BASELINE,VN_NZE_STRESS,Vietnam,increasing_carbon_tax_50,0.03,0.08,0.02,1,2028,0.25
power_base,VN_ABCD_003_CoalCap_2025,NA,VN_ABCD_003,NA,NA,Power,CoalCap,2025,NA,NA,NA,NA,NA,NA,NA,NA,NA,NA,45033408,NA,45033408,NA,VN_PDP8_BASELINE,VN_NZE_STRESS,Vietnam,increasing_carbon_tax_50,0.03,0.08,0.02,1,2028,0.25
power_base,VN_ABCD_003_CoalCap_2025,NA,VN_ABCD_003,NA,NA,Power,CoalCap,2026,NA,NA,NA,NA,NA,NA,NA,NA,NA,NA,43632247.83911603,NA,40400229.48066299,NA,VN_PDP8_BASELINE,VN_NZE_STRESS,Vietnam,increasing_carbon_tax_50,0.03,0.08,0.02,1,2028,0.25
power_base,VN_ABCD_003_CoalCap_2025,NA,VN_ABCD_003,NA,NA,Power,CoalCap,2027,NA,NA,NA,NA,NA,NA,NA,NA,NA,NA,40584381.264614865,NA,34794565.5560827,NA,VN_PDP8_BASELINE,VN_NZE_STRESS,Vietnam,increasing_carbon_tax_50,0.03,0.08,0.02,1,2028,0.25
power_base,VN_ABCD_003_CoalCap_2025,NA,VN_ABCD_003,NA,NA,Power,CoalCap,2028,NA,NA,NA,NA,NA,NA,NA,NA,NA,NA,38275493.23864107,NA,30384320.57378279,NA,VN_PDP8_BASELINE,VN_NZE_STRESS,Vietnam,increasing_carbon_tax_50,0.03,0.08,0.02,1,2028,0.25
power_base,VN_ABCD_003_CoalCap_2025,NA,VN_ABCD_003,NA,NA,Power,CoalCap,2029,NA,NA,NA,NA,NA,NA,NA,NA,NA,NA,35703498.82122705,NA,26243137.48288486,NA,VN_PDP8_BASELINE,VN_NZE_STRESS,Vietnam,increasing_carbon_tax_50,0.03,0.08,0.02,1,2028,0.25
power_base,VN_ABCD_003_CoalCap_2025,NA,VN_ABCD_003,NA,NA,Power,CoalCap,2030,NA,NA,NA,NA,NA,NA,NA,NA,NA,NA,32907263.87983185,NA,22396130.8569693,NA,VN_PDP8_BASELINE,VN_NZE_STRESS,Vietnam,increasing_carbon_tax_50,0.03,0.08,0.02,1,2028,0.25
power_base,VN_ABCD_003_CoalCap_2025,NA,VN_ABCD_003,NA,NA,Power,CoalCap,2031,NA,NA,NA,NA,NA,NA,NA,NA,NA,NA,33565409.15742849,NA,559423485.9571415,NA,VN_PDP8_BASELINE,VN_NZE_STRESS,Vietnam,increasing_carbon_tax_50,0.03,0.08,0.02,1,2028,0.25
power_base,VN_ABCD_003_CoalCap_2026,International Power Mong Duong :: CoalCap :: 2026,VN_ABCD_003,International Power Mong Duong,VN,Power,CoalCap,2025,7358400,7358400,7358400,7358400,0.024,0.09,2.4,0.2,68,68,45033408,45033408,45033408,45033408,VN_PDP8_BASELINE,VN_NZE_STRESS,Vietnam,increasing_carbon_tax_50,0.03,0.08,0.02,1,2028,0.25
power_base,VN_ABCD_003_CoalCap_2026,International Power Mong Duong :: CoalCap :: 2026,VN_ABCD_003,International Power Mong Duong,VN,Power,CoalCap,2026,7095600,7095600,6184726.488397789,7095600,0.024,0.09,2.4,0.2,68.4,68.4,43680513.6,43680513.6,40444920,40444920,VN_PDP8_BASELINE,VN_NZE_STRESS,Vietnam,increasing_carbon_tax_50,0.03,0.08,0.02,1,2028,0.25
power_base,VN_ABCD_003_CoalCap_2026,International Power Mong Duong :: CoalCap :: 2026,VN_ABCD_003,International Power Mong Duong,VN,Power,CoalCap,2027,NA,6562165.581623134,4871031.394475139,6562165.581623134,0.024,0.09,2.4,0.2,68.8,68.8,40632929.28141044,40632929.28141044,34836187.65553021,34836187.65553021,VN_PDP8_BASELINE,VN_NZE_STRESS,Vietnam,increasing_carbon_tax_50,0.03,0.08,0.02,1,2028,0.25
power_base,VN_ABCD_003_CoalCap_2026,International Power Mong Duong :: CoalCap :: 2026,VN_ABCD_003,International Power Mong Duong,VN,Power,CoalCap,2028,NA,6153552.265791305,3697436.287292817,4217600.416268485,0.024,0.09,2.4,0.2,69.2,69.2,38324323.51134825,12744534.057859294,30423083.618595555,10117022.031908318,VN_PDP8_BASELINE,VN_NZE_STRESS,Vietnam,increasing_carbon_tax_50,0.03,0.08,0.02,1,2028,0.25
power_base,VN_ABCD_003_CoalCap_2026,International Power Mong Duong :: CoalCap :: 2026,VN_ABCD_003,International Power Mong Duong,VN,Power,CoalCap,2029,NA,5707632.718685479,2694937.628287293,1873035.2509138344,0.024,0.09,2.4,0.2,69.6,64.6,35752611.349845834,4394365.462873964,26279236.65756599,3229989.7993100677,VN_PDP8_BASELINE,VN_NZE_STRESS,Vietnam,increasing_carbon_tax_50,0.03,0.08,0.02,1,2028,0.25
power_base,VN_ABCD_003_CoalCap_2026,International Power Mong Duong :: CoalCap :: 2026,VN_ABCD_003,International Power Mong Duong,VN,Power,CoalCap,2030,NA,5231215.661009878,1828739.535911602,0,0.024,0.09,2.4,0.2,70,60,32956658.66436223,0,22429748.11734178,0,VN_PDP8_BASELINE,VN_NZE_STRESS,Vietnam,increasing_carbon_tax_50,0.03,0.08,0.02,1,2028,0.25
power_base,VN_ABCD_003_CoalCap_2026,International Power Mong Duong :: CoalCap :: 2026,VN_ABCD_003,International Power Mong Duong,VN,Power,CoalCap,2031,NA,NA,NA,NA,0.024,0.09,2.4,0.2,NA,NA,33615791.83764947,0,560263197.2941579,0,VN_PDP8_BASELINE,VN_NZE_STRESS,Vietnam,increasing_carbon_tax_50,0.03,0.08,0.02,1,2028,0.25
power_base,VN_ABCD_003_CoalCap_2027,International Power Mong Duong :: CoalCap :: 2027,VN_ABCD_003,International Power Mong Duong,VN,Power,CoalCap,2025,7358400,7358400,7358400,7358400,0.024,0.09,2.4,0.2,68,68,45033408,45033408,45033408,45033408,VN_PDP8_BASELINE,VN_NZE_STRESS,Vietnam,increasing_carbon_tax_50,0.03,0.08,0.02,1,2028,0.25
power_base,VN_ABCD_003_CoalCap_2027,International Power Mong Duong :: CoalCap :: 2027,VN_ABCD_003,International Power Mong Duong,VN,Power,CoalCap,2026,7095600,7095600,6184726.488397789,7095600,0.024,0.09,2.4,0.2,68.4,68.4,43680513.6,43680513.6,40444920,40444920,VN_PDP8_BASELINE,VN_NZE_STRESS,Vietnam,increasing_carbon_tax_50,0.03,0.08,0.02,1,2028,0.25
power_base,VN_ABCD_003_CoalCap_2027,International Power Mong Duong :: CoalCap :: 2027,VN_ABCD_003,International Power Mong Duong,VN,Power,CoalCap,2027,6832800,6832800,4871031.394475139,6832800,0.024,0.09,2.4,0.2,68.8,68.8,42308697.6,42308697.6,36272888.88888889,36272888.88888889,VN_PDP8_BASELINE,VN_NZE_STRESS,Vietnam,increasing_carbon_tax_50,0.03,0.08,0.02,1,2028,0.25
power_base,VN_ABCD_003_CoalCap_2027,International Power Mong Duong :: CoalCap :: 2027,VN_ABCD_003,International Power Mong Duong,VN,Power,CoalCap,2028,NA,6424186.684168171,3697436.287292817,4307811.889060773,0.024,0.09,2.4,0.2,69.2,69.2,40009834.668999374,13017130.57576939,31761096.718138248,10333417.936615186,VN_PDP8_BASELINE,VN_NZE_STRESS,Vietnam,increasing_carbon_tax_50,0.03,0.08,0.02,1,2028,0.25
power_base,VN_ABCD_003_CoalCap_2027,International Power Mong Duong :: CoalCap :: 2027,VN_ABCD_003,International Power Mong Duong,VN,Power,CoalCap,2029,NA,5978267.137062345,2694937.628287293,1782823.778121546,0.024,0.09,2.4,0.2,69.6,64.6,37447865.34655852,4182718.52232652,27525298.953222312,3074422.9797546603,VN_PDP8_BASELINE,VN_NZE_STRESS,Vietnam,increasing_carbon_tax_50,0.03,0.08,0.02,1,2028,0.25
power_base,VN_ABCD_003_CoalCap_2027,International Power Mong Duong :: CoalCap :: 2027,VN_ABCD_003,International Power Mong Duong,VN,Power,CoalCap,2030,NA,5501850.079386744,1828739.535911602,0,0.024,0.09,2.4,0.2,70,60,34661655.50013648,0,23590140.31476545,0,VN_PDP8_BASELINE,VN_NZE_STRESS,Vietnam,increasing_carbon_tax_50,0.03,0.08,0.02,1,2028,0.25
power_base,VN_ABCD_003_CoalCap_2027,International Power Mong Duong :: CoalCap :: 2027,VN_ABCD_003,International Power Mong Duong,VN,Power,CoalCap,2031,NA,NA,NA,NA,0.024,0.09,2.4,0.2,NA,NA,35354888.61013921,0,589248143.5023203,0,VN_PDP8_BASELINE,VN_NZE_STRESS,Vietnam,increasing_carbon_tax_50,0.03,0.08,0.02,1,2028,0.25
power_base,VN_ABCD_003_CoalCap_2028,International Power Mong Duong :: CoalCap :: 2028,VN_ABCD_003,International Power Mong Duong,VN,Power,CoalCap,2025,7358400,7358400,7358400,7358400,0.024,0.09,2.4,0.2,68,68,45033408,45033408,45033408,45033408,VN_PDP8_BASELINE,VN_NZE_STRESS,Vietnam,increasing_carbon_tax_50,0.03,0.08,0.02,1,2028,0.25
power_base,VN_ABCD_003_CoalCap_2028,International Power Mong Duong :: CoalCap :: 2028,VN_ABCD_003,International Power Mong Duong,VN,Power,CoalCap,2026,7095600,7095600,6184726.488397789,7095600,0.024,0.09,2.4,0.2,68.4,68.4,43680513.6,43680513.6,40444920,40444920,VN_PDP8_BASELINE,VN_NZE_STRESS,Vietnam,increasing_carbon_tax_50,0.03,0.08,0.02,1,2028,0.25
power_base,VN_ABCD_003_CoalCap_2028,International Power Mong Duong :: CoalCap :: 2028,VN_ABCD_003,International Power Mong Duong,VN,Power,CoalCap,2027,6832800,6832800,4871031.394475139,6832800,0.024,0.09,2.4,0.2,68.8,68.8,42308697.6,42308697.6,36272888.88888889,36272888.88888889,VN_PDP8_BASELINE,VN_NZE_STRESS,Vietnam,increasing_carbon_tax_50,0.03,0.08,0.02,1,2028,0.25
power_base,VN_ABCD_003_CoalCap_2028,International Power Mong Duong :: CoalCap :: 2028,VN_ABCD_003,International Power Mong Duong,VN,Power,CoalCap,2028,6570000,6570000,3697436.287292817,4307811.889060773,0.024,0.09,2.4,0.2,69.2,69.2,40917960,13017130.57576939,32481995.884773657,10333417.936615186,VN_PDP8_BASELINE,VN_NZE_STRESS,Vietnam,increasing_carbon_tax_50,0.03,0.08,0.02,1,2028,0.25
power_base,VN_ABCD_003_CoalCap_2028,International Power Mong Duong :: CoalCap :: 2028,VN_ABCD_003,International Power Mong Duong,VN,Power,CoalCap,2029,NA,6124080.452894174,2694937.628287293,1782823.778121546,0.024,0.09,2.4,0.2,69.6,64.6,38361239.956929095,4182718.52232652,28196656.558631018,3074422.9797546603,VN_PDP8_BASELINE,VN_NZE_STRESS,Vietnam,increasing_carbon_tax_50,0.03,0.08,0.02,1,2028,0.25
power_base,VN_ABCD_003_CoalCap_2028,International Power Mong Duong :: CoalCap :: 2028,VN_ABCD_003,International Power Mong Duong,VN,Power,CoalCap,2030,NA,5647663.395218573,1828739.535911602,0,0.024,0.09,2.4,0.2,70,60,35580279.38987701,0,24215340.29851664,0,VN_PDP8_BASELINE,VN_NZE_STRESS,Vietnam,increasing_carbon_tax_50,0.03,0.08,0.02,1,2028,0.25
power_base,VN_ABCD_003_CoalCap_2028,International Power Mong Duong :: CoalCap :: 2028,VN_ABCD_003,International Power Mong Duong,VN,Power,CoalCap,2031,NA,NA,NA,NA,0.024,0.09,2.4,0.2,NA,NA,36291884.977674544,0,604864749.6279091,0,VN_PDP8_BASELINE,VN_NZE_STRESS,Vietnam,increasing_carbon_tax_50,0.03,0.08,0.02,1,2028,0.25
power_base,VN_ABCD_003_CoalCap_2029,International Power Mong Duong :: CoalCap :: 2029,VN_ABCD_003,International Power Mong Duong,VN,Power,CoalCap,2025,7358400,7358400,7358400,7358400,0.024,0.09,2.4,0.2,68,68,45033408,45033408,45033408,45033408,VN_PDP8_BASELINE,VN_NZE_STRESS,Vietnam,increasing_carbon_tax_50,0.03,0.08,0.02,1,2028,0.25
power_base,VN_ABCD_003_CoalCap_2029,International Power Mong Duong :: CoalCap :: 2029,VN_ABCD_003,International Power Mong Duong,VN,Power,CoalCap,2026,7095600,7095600,6184726.488397789,7095600,0.024,0.09,2.4,0.2,68.4,68.4,43680513.6,43680513.6,40444920,40444920,VN_PDP8_BASELINE,VN_NZE_STRESS,Vietnam,increasing_carbon_tax_50,0.03,0.08,0.02,1,2028,0.25
power_base,VN_ABCD_003_CoalCap_2029,International Power Mong Duong :: CoalCap :: 2029,VN_ABCD_003,International Power Mong Duong,VN,Power,CoalCap,2027,6832800,6832800,4871031.394475139,6832800,0.024,0.09,2.4,0.2,68.8,68.8,42308697.6,42308697.6,36272888.88888889,36272888.88888889,VN_PDP8_BASELINE,VN_NZE_STRESS,Vietnam,increasing_carbon_tax_50,0.03,0.08,0.02,1,2028,0.25
power_base,VN_ABCD_003_CoalCap_2029,International Power Mong Duong :: CoalCap :: 2029,VN_ABCD_003,International Power Mong Duong,VN,Power,CoalCap,2028,6570000,6570000,3697436.287292817,4307811.889060773,0.024,0.09,2.4,0.2,69.2,69.2,40917960,13017130.57576939,32481995.884773657,10333417.936615186,VN_PDP8_BASELINE,VN_NZE_STRESS,Vietnam,increasing_carbon_tax_50,0.03,0.08,0.02,1,2028,0.25
power_base,VN_ABCD_003_CoalCap_2029,International Power Mong Duong :: CoalCap :: 2029,VN_ABCD_003,International Power Mong Duong,VN,Power,CoalCap,2029,6307200,6307200,2694937.628287293,1782823.778121546,0.024,0.09,2.4,0.2,69.6,64.6,39508300.79999999,4182718.52232652,29039780.52126199,3074422.9797546603,VN_PDP8_BASELINE,VN_NZE_STRESS,Vietnam,increasing_carbon_tax_50,0.03,0.08,0.02,1,2028,0.25
power_base,VN_ABCD_003_CoalCap_2029,International Power Mong Duong :: CoalCap :: 2029,VN_ABCD_003,International Power Mong Duong,VN,Power,CoalCap,2030,NA,5830782.942324399,1828739.535911602,0,0.024,0.09,2.4,0.2,70,60,36733932.536643714,0,25000497.245411176,0,VN_PDP8_BASELINE,VN_NZE_STRESS,Vietnam,increasing_carbon_tax_50,0.03,0.08,0.02,1,2028,0.25
power_base,VN_ABCD_003_CoalCap_2029,International Power Mong Duong :: CoalCap :: 2029,VN_ABCD_003,International Power Mong Duong,VN,Power,CoalCap,2031,NA,NA,NA,NA,0.024,0.09,2.4,0.2,NA,NA,37468611.18737659,0,624476853.1229432,0,VN_PDP8_BASELINE,VN_NZE_STRESS,Vietnam,increasing_carbon_tax_50,0.03,0.08,0.02,1,2028,0.25
power_base,VN_ABCD_003_CoalCap_2030,International Power Mong Duong :: CoalCap :: 2030,VN_ABCD_003,International Power Mong Duong,VN,Power,CoalCap,2025,7358400,7358400,7358400,7358400,0.024,0.09,2.4,0.2,68,68,45033408,45033408,45033408,45033408,VN_PDP8_BASELINE,VN_NZE_STRESS,Vietnam,increasing_carbon_tax_50,0.03,0.08,0.02,1,2028,0.25
power_base,VN_ABCD_003_CoalCap_2030,International Power Mong Duong :: CoalCap :: 2030,VN_ABCD_003,International Power Mong Duong,VN,Power,CoalCap,2026,7095600,7095600,6184726.488397789,7095600,0.024,0.09,2.4,0.2,68.4,68.4,43680513.6,43680513.6,40444920,40444920,VN_PDP8_BASELINE,VN_NZE_STRESS,Vietnam,increasing_carbon_tax_50,0.03,0.08,0.02,1,2028,0.25
power_base,VN_ABCD_003_CoalCap_2030,International Power Mong Duong :: CoalCap :: 2030,VN_ABCD_003,International Power Mong Duong,VN,Power,CoalCap,2027,6832800,6832800,4871031.394475139,6832800,0.024,0.09,2.4,0.2,68.8,68.8,42308697.6,42308697.6,36272888.88888889,36272888.88888889,VN_PDP8_BASELINE,VN_NZE_STRESS,Vietnam,increasing_carbon_tax_50,0.03,0.08,0.02,1,2028,0.25
power_base,VN_ABCD_003_CoalCap_2030,International Power Mong Duong :: CoalCap :: 2030,VN_ABCD_003,International Power Mong Duong,VN,Power,CoalCap,2028,6570000,6570000,3697436.287292817,4307811.889060773,0.024,0.09,2.4,0.2,69.2,69.2,40917960,13017130.57576939,32481995.884773657,10333417.936615186,VN_PDP8_BASELINE,VN_NZE_STRESS,Vietnam,increasing_carbon_tax_50,0.03,0.08,0.02,1,2028,0.25
power_base,VN_ABCD_003_CoalCap_2030,International Power Mong Duong :: CoalCap :: 2030,VN_ABCD_003,International Power Mong Duong,VN,Power,CoalCap,2029,6307200,6307200,2694937.628287293,1782823.778121546,0.024,0.09,2.4,0.2,69.6,64.6,39508300.79999999,4182718.52232652,29039780.52126199,3074422.9797546603,VN_PDP8_BASELINE,VN_NZE_STRESS,Vietnam,increasing_carbon_tax_50,0.03,0.08,0.02,1,2028,0.25
power_base,VN_ABCD_003_CoalCap_2030,International Power Mong Duong :: CoalCap :: 2030,VN_ABCD_003,International Power Mong Duong,VN,Power,CoalCap,2030,6044400,6044400,1828739.535911602,0,0.024,0.09,2.4,0.2,70,60,38079720,0,25916417.579750143,0,VN_PDP8_BASELINE,VN_NZE_STRESS,Vietnam,increasing_carbon_tax_50,0.03,0.08,0.02,1,2028,0.25
power_base,VN_ABCD_003_CoalCap_2030,International Power Mong Duong :: CoalCap :: 2030,VN_ABCD_003,International Power Mong Duong,VN,Power,CoalCap,2031,NA,NA,NA,NA,0.024,0.09,2.4,0.2,NA,NA,38841314.4,0,647355240,0,VN_PDP8_BASELINE,VN_NZE_STRESS,Vietnam,increasing_carbon_tax_50,0.03,0.08,0.02,1,2028,0.25
power_base,VN_ABCD_004_CoalCap_2025,NA,VN_ABCD_004,NA,NA,Power,CoalCap,2025,NA,NA,NA,NA,NA,NA,NA,NA,NA,NA,23767632,NA,23767632,NA,VN_PDP8_BASELINE,VN_NZE_STRESS,Vietnam,increasing_carbon_tax_50,0.03,0.08,0.02,1,2028,0.25
power_base,VN_ABCD_004_CoalCap_2025,NA,VN_ABCD_004,NA,NA,Power,CoalCap,2026,NA,NA,NA,NA,NA,NA,NA,NA,NA,NA,23028130.803977907,NA,21322343.33701658,NA,VN_PDP8_BASELINE,VN_NZE_STRESS,Vietnam,increasing_carbon_tax_50,0.03,0.08,0.02,1,2028,0.25
power_base,VN_ABCD_004_CoalCap_2025,NA,VN_ABCD_004,NA,NA,Power,CoalCap,2027,NA,NA,NA,NA,NA,NA,NA,NA,NA,NA,21419534.55632451,NA,18363798.487932537,NA,VN_PDP8_BASELINE,VN_NZE_STRESS,Vietnam,increasing_carbon_tax_50,0.03,0.08,0.02,1,2028,0.25
power_base,VN_ABCD_004_CoalCap_2025,NA,VN_ABCD_004,NA,NA,Power,CoalCap,2028,NA,NA,NA,NA,NA,NA,NA,NA,NA,NA,20200954.764838345,NA,16036169.191718696,NA,VN_PDP8_BASELINE,VN_NZE_STRESS,Vietnam,increasing_carbon_tax_50,0.03,0.08,0.02,1,2028,0.25
power_base,VN_ABCD_004_CoalCap_2025,NA,VN_ABCD_004,NA,NA,Power,CoalCap,2029,NA,NA,NA,NA,NA,NA,NA,NA,NA,NA,18843513.266758725,NA,13850544.78263368,NA,VN_PDP8_BASELINE,VN_NZE_STRESS,Vietnam,increasing_carbon_tax_50,0.03,0.08,0.02,1,2028,0.25
power_base,VN_ABCD_004_CoalCap_2025,NA,VN_ABCD_004,NA,NA,Power,CoalCap,2030,NA,NA,NA,NA,NA,NA,NA,NA,NA,NA,17367722.603244588,NA,11820180.174511576,NA,VN_PDP8_BASELINE,VN_NZE_STRESS,Vietnam,increasing_carbon_tax_50,0.03,0.08,0.02,1,2028,0.25
power_base,VN_ABCD_004_CoalCap_2025,NA,VN_ABCD_004,NA,NA,Power,CoalCap,2031,NA,NA,NA,NA,NA,NA,NA,NA,NA,NA,17715077.05530948,NA,295251284.255158,NA,VN_PDP8_BASELINE,VN_NZE_STRESS,Vietnam,increasing_carbon_tax_50,0.03,0.08,0.02,1,2028,0.25
power_base,VN_ABCD_004_CoalCap_2026,PVN Power Corporation :: CoalCap :: 2026,VN_ABCD_004,PVN Power Corporation,VN,Power,CoalCap,2025,3679200,3679200,3679200,3679200,0.015,0.095,1.45,0.21,68,68,23767632,23767632,23767632,23767632,VN_PDP8_BASELINE,VN_NZE_STRESS,Vietnam,increasing_carbon_tax_50,0.03,0.08,0.02,1,2028,0.25
power_base,VN_ABCD_004_CoalCap_2026,PVN Power Corporation :: CoalCap :: 2026,VN_ABCD_004,PVN Power Corporation,VN,Power,CoalCap,2026,3547800,3547800,3092363.2441988946,3547800,0.015,0.095,1.45,0.21,68.4,68.4,23053604.4,23053604.4,21345930,21345930,VN_PDP8_BASELINE,VN_NZE_STRESS,Vietnam,increasing_carbon_tax_50,0.03,0.08,0.02,1,2028,0.25
power_base,VN_ABCD_004_CoalCap_2026,PVN Power Corporation :: CoalCap :: 2026,VN_ABCD_004,PVN Power Corporation,VN,Power,CoalCap,2027,NA,3281082.790811567,2435515.6972375694,3281082.790811567,0.015,0.095,1.45,0.21,68.8,68.8,21445157.120744403,21445157.120744403,18385765.707085393,18385765.707085393,VN_PDP8_BASELINE,VN_NZE_STRESS,Vietnam,increasing_carbon_tax_50,0.03,0.08,0.02,1,2028,0.25
power_base,VN_ABCD_004_CoalCap_2026,PVN Power Corporation :: CoalCap :: 2026,VN_ABCD_004,PVN Power Corporation,VN,Power,CoalCap,2028,NA,3076776.1328956527,1848718.1436464088,2108800.2081342423,0.015,0.095,1.45,0.21,69.2,69.2,20226726.297656026,6726281.863870183,16056627.465369878,5339539.405729391,VN_PDP8_BASELINE,VN_NZE_STRESS,Vietnam,increasing_carbon_tax_50,0.03,0.08,0.02,1,2028,0.25
power_base,VN_ABCD_004_CoalCap_2026,PVN Power Corporation :: CoalCap :: 2026,VN_ABCD_004,PVN Power Corporation,VN,Power,CoalCap,2029,NA,2853816.3593427395,1347468.8141436465,936517.6254569172,0.015,0.095,1.45,0.21,69.6,64.6,18869433.76797419,2319248.438739036,13869597.124826493,1704716.838524758,VN_PDP8_BASELINE,VN_NZE_STRESS,Vietnam,increasing_carbon_tax_50,0.03,0.08,0.02,1,2028,0.25
power_base,VN_ABCD_004_CoalCap_2026,PVN Power Corporation :: CoalCap :: 2026,VN_ABCD_004,PVN Power Corporation,VN,Power,CoalCap,2030,NA,2615607.830504939,914369.767955801,0,0.015,0.095,1.45,0.21,70,60,17393792.072857846,0,11837922.61748594,0,VN_PDP8_BASELINE,VN_NZE_STRESS,Vietnam,increasing_carbon_tax_50,0.03,0.08,0.02,1,2028,0.25
power_base,VN_ABCD_004_CoalCap_2026,PVN Power Corporation :: CoalCap :: 2026,VN_ABCD_004,PVN Power Corporation,VN,Power,CoalCap,2031,NA,NA,NA,NA,0.015,0.095,1.45,0.21,NA,NA,17741667.914315004,0,295694465.2385834,0,VN_PDP8_BASELINE,VN_NZE_STRESS,Vietnam,increasing_carbon_tax_50,0.03,0.08,0.02,1,2028,0.25
power_base,VN_ABCD_004_CoalCap_2027,PVN Power Corporation :: CoalCap :: 2027,VN_ABCD_004,PVN Power Corporation,VN,Power,CoalCap,2025,3679200,3679200,3679200,3679200,0.015,0.095,1.45,0.21,68,68,23767632,23767632,23767632,23767632,VN_PDP8_BASELINE,VN_NZE_STRESS,Vietnam,increasing_carbon_tax_50,0.03,0.08,0.02,1,2028,0.25
power_base,VN_ABCD_004_CoalCap_2027,PVN Power Corporation :: CoalCap :: 2027,VN_ABCD_004,PVN Power Corporation,VN,Power,CoalCap,2026,3547800,3547800,3092363.2441988946,3547800,0.015,0.095,1.45,0.21,68.4,68.4,23053604.4,23053604.4,21345930,21345930,VN_PDP8_BASELINE,VN_NZE_STRESS,Vietnam,increasing_carbon_tax_50,0.03,0.08,0.02,1,2028,0.25
power_base,VN_ABCD_004_CoalCap_2027,PVN Power Corporation :: CoalCap :: 2027,VN_ABCD_004,PVN Power Corporation,VN,Power,CoalCap,2027,3416400,3416400,2435515.6972375694,3416400,0.015,0.095,1.45,0.21,68.8,68.8,22329590.4,22329590.4,19144024.691358022,19144024.691358022,VN_PDP8_BASELINE,VN_NZE_STRESS,Vietnam,increasing_carbon_tax_50,0.03,0.08,0.02,1,2028,0.25
power_base,VN_ABCD_004_CoalCap_2027,PVN Power Corporation :: CoalCap :: 2027,VN_ABCD_004,PVN Power Corporation,VN,Power,CoalCap,2028,NA,3212093.3420840856,1848718.1436464088,2153905.9445303865,0.015,0.095,1.45,0.21,69.2,69.2,21116301.63086078,6870152.248322734,16762801.045684077,5453748.355435792,VN_PDP8_BASELINE,VN_NZE_STRESS,Vietnam,increasing_carbon_tax_50,0.03,0.08,0.02,1,2028,0.25
power_base,VN_ABCD_004_CoalCap_2027,PVN Power Corporation :: CoalCap :: 2027,VN_ABCD_004,PVN Power Corporation,VN,Power,CoalCap,2029,NA,2989133.5685311724,1347468.8141436465,891411.889060773,0.015,0.095,1.45,0.21,69.6,64.6,19764151.15512811,2207545.886783441,14527241.114200668,1622612.1282038486,VN_PDP8_BASELINE,VN_NZE_STRESS,Vietnam,increasing_carbon_tax_50,0.03,0.08,0.02,1,2028,0.25
power_base,VN_ABCD_004_CoalCap_2027,PVN Power Corporation :: CoalCap :: 2027,VN_ABCD_004,PVN Power Corporation,VN,Power,CoalCap,2030,NA,2750925.039693372,914369.767955801,0,0.015,0.095,1.45,0.21,70,60,18293651.513960924,0,12450351.83279288,0,VN_PDP8_BASELINE,VN_NZE_STRESS,Vietnam,increasing_carbon_tax_50,0.03,0.08,0.02,1,2028,0.25
power_base,VN_ABCD_004_CoalCap_2027,PVN Power Corporation :: CoalCap :: 2027,VN_ABCD_004,PVN Power Corporation,VN,Power,CoalCap,2031,NA,NA,NA,NA,0.015,0.095,1.45,0.21,NA,NA,18659524.544240143,0,310992075.73733574,0,VN_PDP8_BASELINE,VN_NZE_STRESS,Vietnam,increasing_carbon_tax_50,0.03,0.08,0.02,1,2028,0.25
power_base,VN_ABCD_004_CoalCap_2028,PVN Power Corporation :: CoalCap :: 2028,VN_ABCD_004,PVN Power Corporation,VN,Power,CoalCap,2025,3679200,3679200,3679200,3679200,0.015,0.095,1.45,0.21,68,68,23767632,23767632,23767632,23767632,VN_PDP8_BASELINE,VN_NZE_STRESS,Vietnam,increasing_carbon_tax_50,0.03,0.08,0.02,1,2028,0.25
power_base,VN_ABCD_004_CoalCap_2028,PVN Power Corporation :: CoalCap :: 2028,VN_ABCD_004,PVN Power Corporation,VN,Power,CoalCap,2026,3547800,3547800,3092363.2441988946,3547800,0.015,0.095,1.45,0.21,68.4,68.4,23053604.4,23053604.4,21345930,21345930,VN_PDP8_BASELINE,VN_NZE_STRESS,Vietnam,increasing_carbon_tax_50,0.03,0.08,0.02,1,2028,0.25
power_base,VN_ABCD_004_CoalCap_2028,PVN Power Corporation :: CoalCap :: 2028,VN_ABCD_004,PVN Power Corporation,VN,Power,CoalCap,2027,3416400,3416400,2435515.6972375694,3416400,0.015,0.095,1.45,0.21,68.8,68.8,22329590.4,22329590.4,19144024.691358022,19144024.691358022,VN_PDP8_BASELINE,VN_NZE_STRESS,Vietnam,increasing_carbon_tax_50,0.03,0.08,0.02,1,2028,0.25
power_base,VN_ABCD_004_CoalCap_2028,PVN Power Corporation :: CoalCap :: 2028,VN_ABCD_004,PVN Power Corporation,VN,Power,CoalCap,2028,3285000,3285000,1848718.1436464088,2153905.9445303865,0.015,0.095,1.45,0.21,69.2,69.2,21595590,6870152.248322734,17143275.605852764,5453748.355435792,VN_PDP8_BASELINE,VN_NZE_STRESS,Vietnam,increasing_carbon_tax_50,0.03,0.08,0.02,1,2028,0.25
power_base,VN_ABCD_004_CoalCap_2028,PVN Power Corporation :: CoalCap :: 2028,VN_ABCD_004,PVN Power Corporation,VN,Power,CoalCap,2029,NA,3062040.226447087,1347468.8141436465,891411.889060773,0.015,0.095,1.45,0.21,69.6,64.6,20246209.977268137,2207545.886783441,14881568.739277482,1622612.1282038486,VN_PDP8_BASELINE,VN_NZE_STRESS,Vietnam,increasing_carbon_tax_50,0.03,0.08,0.02,1,2028,0.25
power_base,VN_ABCD_004_CoalCap_2028,PVN Power Corporation :: CoalCap :: 2028,VN_ABCD_004,PVN Power Corporation,VN,Power,CoalCap,2030,NA,2823831.6976092863,914369.767955801,0,0.015,0.095,1.45,0.21,70,60,18778480.789101753,0,12780318.490883784,0,VN_PDP8_BASELINE,VN_NZE_STRESS,Vietnam,increasing_carbon_tax_50,0.03,0.08,0.02,1,2028,0.25
power_base,VN_ABCD_004_CoalCap_2028,PVN Power Corporation :: CoalCap :: 2028,VN_ABCD_004,PVN Power Corporation,VN,Power,CoalCap,2031,NA,NA,NA,NA,0.015,0.095,1.45,0.21,NA,NA,19154050.404883787,0,319234173.4147298,0,VN_PDP8_BASELINE,VN_NZE_STRESS,Vietnam,increasing_carbon_tax_50,0.03,0.08,0.02,1,2028,0.25
power_base,VN_ABCD_004_CoalCap_2029,PVN Power Corporation :: CoalCap :: 2029,VN_ABCD_004,PVN Power Corporation,VN,Power,CoalCap,2025,3679200,3679200,3679200,3679200,0.015,0.095,1.45,0.21,68,68,23767632,23767632,23767632,23767632,VN_PDP8_BASELINE,VN_NZE_STRESS,Vietnam,increasing_carbon_tax_50,0.03,0.08,0.02,1,2028,0.25
power_base,VN_ABCD_004_CoalCap_2029,PVN Power Corporation :: CoalCap :: 2029,VN_ABCD_004,PVN Power Corporation,VN,Power,CoalCap,2026,3547800,3547800,3092363.2441988946,3547800,0.015,0.095,1.45,0.21,68.4,68.4,23053604.4,23053604.4,21345930,21345930,VN_PDP8_BASELINE,VN_NZE_STRESS,Vietnam,increasing_carbon_tax_50,0.03,0.08,0.02,1,2028,0.25
power_base,VN_ABCD_004_CoalCap_2029,PVN Power Corporation :: CoalCap :: 2029,VN_ABCD_004,PVN Power Corporation,VN,Power,CoalCap,2027,3416400,3416400,2435515.6972375694,3416400,0.015,0.095,1.45,0.21,68.8,68.8,22329590.4,22329590.4,19144024.691358022,19144024.691358022,VN_PDP8_BASELINE,VN_NZE_STRESS,Vietnam,increasing_carbon_tax_50,0.03,0.08,0.02,1,2028,0.25
power_base,VN_ABCD_004_CoalCap_2029,PVN Power Corporation :: CoalCap :: 2029,VN_ABCD_004,PVN Power Corporation,VN,Power,CoalCap,2028,3285000,3285000,1848718.1436464088,2153905.9445303865,0.015,0.095,1.45,0.21,69.2,69.2,21595590,6870152.248322734,17143275.605852764,5453748.355435792,VN_PDP8_BASELINE,VN_NZE_STRESS,Vietnam,increasing_carbon_tax_50,0.03,0.08,0.02,1,2028,0.25
power_base,VN_ABCD_004_CoalCap_2029,PVN Power Corporation :: CoalCap :: 2029,VN_ABCD_004,PVN Power Corporation,VN,Power,CoalCap,2029,3153600,3153600,1347468.8141436465,891411.889060773,0.015,0.095,1.45,0.21,69.6,64.6,20851603.2,2207545.886783441,15326550.830666052,1622612.1282038486,VN_PDP8_BASELINE,VN_NZE_STRESS,Vietnam,increasing_carbon_tax_50,0.03,0.08,0.02,1,2028,0.25
power_base,VN_ABCD_004_CoalCap_2029,PVN Power Corporation :: CoalCap :: 2029,VN_ABCD_004,PVN Power Corporation,VN,Power,CoalCap,2030,NA,2915391.4711621995,914369.767955801,0,0.015,0.095,1.45,0.21,70,60,19387353.28322863,0,13194706.879522566,0,VN_PDP8_BASELINE,VN_NZE_STRESS,Vietnam,increasing_carbon_tax_50,0.03,0.08,0.02,1,2028,0.25
power_base,VN_ABCD_004_CoalCap_2029,PVN Power Corporation :: CoalCap :: 2029,VN_ABCD_004,PVN Power Corporation,VN,Power,CoalCap,2031,NA,NA,NA,NA,0.015,0.095,1.45,0.21,NA,NA,19775100.348893203,0,329585005.81488675,0,VN_PDP8_BASELINE,VN_NZE_STRESS,Vietnam,increasing_carbon_tax_50,0.03,0.08,0.02,1,2028,0.25
power_base,VN_ABCD_004_CoalCap_2030,PVN Power Corporation :: CoalCap :: 2030,VN_ABCD_004,PVN Power Corporation,VN,Power,CoalCap,2025,3679200,3679200,3679200,3679200,0.015,0.095,1.45,0.21,68,68,23767632,23767632,23767632,23767632,VN_PDP8_BASELINE,VN_NZE_STRESS,Vietnam,increasing_carbon_tax_50,0.03,0.08,0.02,1,2028,0.25
power_base,VN_ABCD_004_CoalCap_2030,PVN Power Corporation :: CoalCap :: 2030,VN_ABCD_004,PVN Power Corporation,VN,Power,CoalCap,2026,3547800,3547800,3092363.2441988946,3547800,0.015,0.095,1.45,0.21,68.4,68.4,23053604.4,23053604.4,21345930,21345930,VN_PDP8_BASELINE,VN_NZE_STRESS,Vietnam,increasing_carbon_tax_50,0.03,0.08,0.02,1,2028,0.25
power_base,VN_ABCD_004_CoalCap_2030,PVN Power Corporation :: CoalCap :: 2030,VN_ABCD_004,PVN Power Corporation,VN,Power,CoalCap,2027,3416400,3416400,2435515.6972375694,3416400,0.015,0.095,1.45,0.21,68.8,68.8,22329590.4,22329590.4,19144024.691358022,19144024.691358022,VN_PDP8_BASELINE,VN_NZE_STRESS,Vietnam,increasing_carbon_tax_50,0.03,0.08,0.02,1,2028,0.25
power_base,VN_ABCD_004_CoalCap_2030,PVN Power Corporation :: CoalCap :: 2030,VN_ABCD_004,PVN Power Corporation,VN,Power,CoalCap,2028,3285000,3285000,1848718.1436464088,2153905.9445303865,0.015,0.095,1.45,0.21,69.2,69.2,21595590,6870152.248322734,17143275.605852764,5453748.355435792,VN_PDP8_BASELINE,VN_NZE_STRESS,Vietnam,increasing_carbon_tax_50,0.03,0.08,0.02,1,2028,0.25
power_base,VN_ABCD_004_CoalCap_2030,PVN Power Corporation :: CoalCap :: 2030,VN_ABCD_004,PVN Power Corporation,VN,Power,CoalCap,2029,3153600,3153600,1347468.8141436465,891411.889060773,0.015,0.095,1.45,0.21,69.6,64.6,20851603.2,2207545.886783441,15326550.830666052,1622612.1282038486,VN_PDP8_BASELINE,VN_NZE_STRESS,Vietnam,increasing_carbon_tax_50,0.03,0.08,0.02,1,2028,0.25
power_base,VN_ABCD_004_CoalCap_2030,PVN Power Corporation :: CoalCap :: 2030,VN_ABCD_004,PVN Power Corporation,VN,Power,CoalCap,2030,3022200,3022200,914369.767955801,0,0.015,0.095,1.45,0.21,70,60,20097630,0,13678109.278201465,0,VN_PDP8_BASELINE,VN_NZE_STRESS,Vietnam,increasing_carbon_tax_50,0.03,0.08,0.02,1,2028,0.25
power_base,VN_ABCD_004_CoalCap_2030,PVN Power Corporation :: CoalCap :: 2030,VN_ABCD_004,PVN Power Corporation,VN,Power,CoalCap,2031,NA,NA,NA,NA,0.015,0.095,1.45,0.21,NA,NA,20499582.6,0,341659710.00000006,0,VN_PDP8_BASELINE,VN_NZE_STRESS,Vietnam,increasing_carbon_tax_50,0.03,0.08,0.02,1,2028,0.25
power_base,VN_ABCD_004_GasCap_2025,NA,VN_ABCD_004,NA,NA,Power,GasCap,2025,NA,NA,NA,NA,NA,NA,NA,NA,NA,NA,115342920,NA,115342920,NA,VN_PDP8_BASELINE,VN_NZE_STRESS,Vietnam,increasing_carbon_tax_50,0.03,0.08,0.02,1,2028,0.25
power_base,VN_ABCD_004_GasCap_2025,NA,VN_ABCD_004,NA,NA,Power,GasCap,2026,NA,NA,NA,NA,NA,NA,NA,NA,NA,NA,133416331.10134616,NA,123533639.90865384,NA,VN_PDP8_BASELINE,VN_NZE_STRESS,Vietnam,increasing_carbon_tax_50,0.03,0.08,0.02,1,2028,0.25
power_base,VN_ABCD_004_GasCap_2025,NA,VN_ABCD_004,NA,NA,Power,GasCap,2027,NA,NA,NA,NA,NA,NA,NA,NA,NA,NA,165605525.74272785,NA,141980046.07572687,NA,VN_PDP8_BASELINE,VN_NZE_STRESS,Vietnam,increasing_carbon_tax_50,0.03,0.08,0.02,1,2028,0.25
power_base,VN_ABCD_004_GasCap_2025,NA,VN_ABCD_004,NA,NA,Power,GasCap,2028,NA,NA,NA,NA,NA,NA,NA,NA,NA,NA,208638292.71831435,NA,165623803.4712016,NA,VN_PDP8_BASELINE,VN_NZE_STRESS,Vietnam,increasing_carbon_tax_50,0.03,0.08,0.02,1,2028,0.25
power_base,VN_ABCD_004_GasCap_2025,NA,VN_ABCD_004,NA,NA,Power,GasCap,2029,NA,NA,NA,NA,NA,NA,NA,NA,NA,NA,246940027.65423688,NA,181508292.17624584,NA,VN_PDP8_BASELINE,VN_NZE_STRESS,Vietnam,increasing_carbon_tax_50,0.03,0.08,0.02,1,2028,0.25
power_base,VN_ABCD_004_GasCap_2025,NA,VN_ABCD_004,NA,NA,Power,GasCap,2030,NA,NA,NA,NA,NA,NA,NA,NA,NA,NA,298082791.86365974,NA,202870139.4673163,NA,VN_PDP8_BASELINE,VN_NZE_STRESS,Vietnam,increasing_carbon_tax_50,0.03,0.08,0.02,1,2028,0.25
power_base,VN_ABCD_004_GasCap_2025,NA,VN_ABCD_004,NA,NA,Power,GasCap,2031,NA,NA,NA,NA,NA,NA,NA,NA,NA,NA,304044447.7009329,NA,5067407461.682216,NA,VN_PDP8_BASELINE,VN_NZE_STRESS,Vietnam,increasing_carbon_tax_50,0.03,0.08,0.02,1,2028,0.25
power_base,VN_ABCD_004_GasCap_2026,PVN Power Corporation :: GasCap :: 2026,VN_ABCD_004,PVN Power Corporation,VN,Power,GasCap,2025,21681000,21681000,21681000,21681000,0.015,0.095,1.45,0.21,60,60,123581700,123581700,123581700,123581700,VN_PDP8_BASELINE,VN_NZE_STRESS,Vietnam,increasing_carbon_tax_50,0.03,0.08,0.02,1,2028,0.25
power_base,VN_ABCD_004_GasCap_2026,PVN Power Corporation :: GasCap :: 2026,VN_ABCD_004,PVN Power Corporation,VN,Power,GasCap,2026,22075200.000000004,22075200.000000004,23088035.50819672,22075200.000000004,0.015,0.095,1.45,0.21,60.6,60.6,127086926.40000002,127086926.40000002,117673080,117673080,VN_PDP8_BASELINE,VN_NZE_STRESS,Vietnam,increasing_carbon_tax_50,0.03,0.08,0.02,1,2028,0.25
power_base,VN_ABCD_004_GasCap_2026,PVN Power Corporation :: GasCap :: 2026,VN_ABCD_004,PVN Power Corporation,VN,Power,GasCap,2027,NA,27763730.308879018,25884981.44262295,27763730.308879018,0.015,0.095,1.45,0.21,61.2,61.2,161418328.0158226,161418328.0158226,138390198.9161716,138390198.9161716,VN_PDP8_BASELINE,VN_NZE_STRESS,Vietnam,increasing_carbon_tax_50,0.03,0.08,0.02,1,2028,0.25
power_base,VN_ABCD_004_GasCap_2026,PVN Power Corporation :: GasCap :: 2026,VN_ABCD_004,PVN Power Corporation,VN,Power,GasCap,2028,NA,35320702.23928881,28259332.052459016,28272686.29995421,0.015,0.095,1.45,0.21,61.8,61.8,207367842.84686455,162043192.6222505,164615279.40264484,128635110.74138412,VN_PDP8_BASELINE,VN_NZE_STRESS,Vietnam,increasing_carbon_tax_50,0.03,0.08,0.02,1,2028,0.25
power_base,VN_ABCD_004_GasCap_2026,PVN Power Corporation :: GasCap :: 2026,VN_ABCD_004,PVN Power Corporation,VN,Power,GasCap,2029,NA,41877259.57798019,29016945.67868853,28781642.291029394,0.015,0.095,1.45,0.21,62.4,60.15,248248394.77826655,189391489.7093658,182469981.07082507,139208398.8019761,VN_PDP8_BASELINE,VN_NZE_STRESS,Vietnam,increasing_carbon_tax_50,0.03,0.08,0.02,1,2028,0.25
power_base,VN_ABCD_004_GasCap_2026,PVN Power Corporation :: GasCap :: 2026,VN_ABCD_004,PVN Power Corporation,VN,Power,GasCap,2030,NA,50607718.02169548,29934562.5,29290598.282104585,0.015,0.095,1.45,0.21,63,58.5,302887192.3598474,226319940.69750196,206139933.71684223,154029548.79239523,VN_PDP8_BASELINE,VN_NZE_STRESS,Vietnam,increasing_carbon_tax_50,0.03,0.08,0.02,1,2028,0.25
power_base,VN_ABCD_004_GasCap_2026,PVN Power Corporation :: GasCap :: 2026,VN_ABCD_004,PVN Power Corporation,VN,Power,GasCap,2031,NA,NA,NA,NA,0.015,0.095,1.45,0.21,NA,NA,308944936.20704436,230846339.511452,5149082270.117406,3847438991.8575335,VN_PDP8_BASELINE,VN_NZE_STRESS,Vietnam,increasing_carbon_tax_50,0.03,0.08,0.02,1,2028,0.25
power_base,VN_ABCD_004_GasCap_2027,PVN Power Corporation :: GasCap :: 2027,VN_ABCD_004,PVN Power Corporation,VN,Power,GasCap,2025,25053600.000000004,25053600.000000004,25053600.000000004,25053600.000000004,0.015,0.095,1.45,0.21,60,60,142805520.00000003,142805520.00000003,142805520.00000003,142805520.00000003,VN_PDP8_BASELINE,VN_NZE_STRESS,Vietnam,increasing_carbon_tax_50,0.03,0.08,0.02,1,2028,0.25
power_base,VN_ABCD_004_GasCap_2027,PVN Power Corporation :: GasCap :: 2027,VN_ABCD_004,PVN Power Corporation,VN,Power,GasCap,2026,25509120.000000004,25509120.000000004,26679507.698360655,25509120.000000004,0.015,0.095,1.45,0.21,60.6,60.6,146856003.84000003,146856003.84000003,135977781.33333334,135977781.33333334,VN_PDP8_BASELINE,VN_NZE_STRESS,Vietnam,increasing_carbon_tax_50,0.03,0.08,0.02,1,2028,0.25
power_base,VN_ABCD_004_GasCap_2027,PVN Power Corporation :: GasCap :: 2027,VN_ABCD_004,PVN Power Corporation,VN,Power,GasCap,2027,25964639.999999996,25964639.999999996,29911534.11147541,25964639.999999996,0.015,0.095,1.45,0.21,61.2,61.2,150958416.95999998,150958416.95999998,129422511.11111107,129422511.11111107,VN_PDP8_BASELINE,VN_NZE_STRESS,Vietnam,increasing_carbon_tax_50,0.03,0.08,0.02,1,2028,0.25
power_base,VN_ABCD_004_GasCap_2027,PVN Power Corporation :: GasCap :: 2027,VN_ABCD_004,PVN Power Corporation,VN,Power,GasCap,2028,NA,34697140.897362426,32655228.149508197,30631362.123934425,0.015,0.095,1.45,0.21,61.8,61.8,203706914.2084148,154601011.8034824,161709116.21736935,122727267.66394414,VN_PDP8_BASELINE,VN_NZE_STRESS,Vietnam,increasing_carbon_tax_50,0.03,0.08,0.02,1,2028,0.25
power_base,VN_ABCD_004_GasCap_2027,PVN Power Corporation :: GasCap :: 2027,VN_ABCD_004,PVN Power Corporation,VN,Power,GasCap,2029,NA,42273607.15540579,33530692.784262296,35298084.24786886,0.015,0.095,1.45,0.21,62.4,60.15,250597943.21724552,180357199.4870278,184196969.31406593,132567925.7897306,VN_PDP8_BASELINE,VN_NZE_STRESS,Vietnam,increasing_carbon_tax_50,0.03,0.08,0.02,1,2028,0.25
power_base,VN_ABCD_004_GasCap_2027,PVN Power Corporation :: GasCap :: 2027,VN_ABCD_004,PVN Power Corporation,VN,Power,GasCap,2030,NA,52362136.912587926,34591050,39964806.37180328,0.015,0.095,1.45,0.21,63,58.5,313387389.4218387,216051398.9003803,213286191.4027767,147040951.78723547,VN_PDP8_BASELINE,VN_NZE_STRESS,Vietnam,increasing_carbon_tax_50,0.03,0.08,0.02,1,2028,0.25
power_base,VN_ABCD_004_GasCap_2027,PVN Power Corporation :: GasCap :: 2027,VN_ABCD_004,PVN Power Corporation,VN,Power,GasCap,2031,NA,NA,NA,NA,0.015,0.095,1.45,0.21,NA,NA,319655137.2102755,220372426.87838793,5327585620.171258,3672873781.3064656,VN_PDP8_BASELINE,VN_NZE_STRESS,Vietnam,increasing_carbon_tax_50,0.03,0.08,0.02,1,2028,0.25
power_base,VN_ABCD_004_GasCap_2028,PVN Power Corporation :: GasCap :: 2028,VN_ABCD_004,PVN Power Corporation,VN,Power,GasCap,2025,27944400.000000004,27944400.000000004,27944400.000000004,27944400.000000004,0.015,0.095,1.45,0.21,60,60,159283080.00000003,159283080.00000003,159283080.00000003,159283080.00000003,VN_PDP8_BASELINE,VN_NZE_STRESS,Vietnam,increasing_carbon_tax_50,0.03,0.08,0.02,1,2028,0.25
power_base,VN_ABCD_004_GasCap_2028,PVN Power Corporation :: GasCap :: 2028,VN_ABCD_004,PVN Power Corporation,VN,Power,GasCap,2026,28452480.000000004,28452480.000000004,29757912.43278689,28452480.000000004,0.015,0.095,1.45,0.21,60.6,60.6,163800927.36,163800927.36,151667525.33333334,151667525.33333334,VN_PDP8_BASELINE,VN_NZE_STRESS,Vietnam,increasing_carbon_tax_50,0.03,0.08,0.02,1,2028,0.25
power_base,VN_ABCD_004_GasCap_2028,PVN Power Corporation :: GasCap :: 2028,VN_ABCD_004,PVN Power Corporation,VN,Power,GasCap,2027,28960559.999999996,28960559.999999996,33362864.970491804,28960559.999999996,0.015,0.095,1.45,0.21,61.2,61.2,168376695.83999997,168376695.83999997,144355877.77777773,144355877.77777773,VN_PDP8_BASELINE,VN_NZE_STRESS,Vietnam,increasing_carbon_tax_50,0.03,0.08,0.02,1,2028,0.25
power_base,VN_ABCD_004_GasCap_2028,PVN Power Corporation :: GasCap :: 2028,VN_ABCD_004,PVN Power Corporation,VN,Power,GasCap,2028,29468639.999999996,29468639.999999996,36423139.08983607,34165750.06131147,0.015,0.095,1.45,0.21,61.8,61.8,173010385.43999997,118238417.37296002,137341221.9935985,93861467.837855,VN_PDP8_BASELINE,VN_NZE_STRESS,Vietnam,increasing_carbon_tax_50,0.03,0.08,0.02,1,2028,0.25
power_base,VN_ABCD_004_GasCap_2028,PVN Power Corporation :: GasCap :: 2028,VN_ABCD_004,PVN Power Corporation,VN,Power,GasCap,2029,NA,37919313.90320222,37399618.87475409,39370940.12262295,0.015,0.095,1.45,0.21,62.4,60.15,224785692.8181828,148413591.55515245,165224194.70289767,109088420.35377663,VN_PDP8_BASELINE,VN_NZE_STRESS,Vietnam,increasing_carbon_tax_50,0.03,0.08,0.02,1,2028,0.25
power_base,VN_ABCD_004_GasCap_2028,PVN Power Corporation :: GasCap :: 2028,VN_ABCD_004,PVN Power Corporation,VN,Power,GasCap,2030,NA,49171904.78621304,38582325,44576130.18393442,0.015,0.095,1.45,0.21,63,58.5,294293850.14548504,189673471.1282834,200291449.3993864,129088577.37297636,VN_PDP8_BASELINE,VN_NZE_STRESS,Vietnam,increasing_carbon_tax_50,0.03,0.08,0.02,1,2028,0.25
power_base,VN_ABCD_004_GasCap_2028,PVN Power Corporation :: GasCap :: 2028,VN_ABCD_004,PVN Power Corporation,VN,Power,GasCap,2031,NA,NA,NA,NA,0.015,0.095,1.45,0.21,NA,NA,300179727.14839476,193466940.55084908,5002995452.473247,3224449009.180818,VN_PDP8_BASELINE,VN_NZE_STRESS,Vietnam,increasing_carbon_tax_50,0.03,0.08,0.02,1,2028,0.25
power_base,VN_ABCD_004_GasCap_2029,PVN Power Corporation :: GasCap :: 2029,VN_ABCD_004,PVN Power Corporation,VN,Power,GasCap,2025,29871600.000000004,29871600.000000004,29871600.000000004,29871600.000000004,0.015,0.095,1.45,0.21,60,60,170268120.00000003,170268120.00000003,170268120.00000003,170268120.00000003,VN_PDP8_BASELINE,VN_NZE_STRESS,Vietnam,increasing_carbon_tax_50,0.03,0.08,0.02,1,2028,0.25
power_base,VN_ABCD_004_GasCap_2029,PVN Power Corporation :: GasCap :: 2029,VN_ABCD_004,PVN Power Corporation,VN,Power,GasCap,2026,30414720.000000004,30414720.000000004,31810182.255737703,30414720.000000004,0.015,0.095,1.45,0.21,60.6,60.6,175097543.04000002,175097543.04000002,162127354.6666667,162127354.6666667,VN_PDP8_BASELINE,VN_NZE_STRESS,Vietnam,increasing_carbon_tax_50,0.03,0.08,0.02,1,2028,0.25
power_base,VN_ABCD_004_GasCap_2029,PVN Power Corporation :: GasCap :: 2029,VN_ABCD_004,PVN Power Corporation,VN,Power,GasCap,2027,30957839.999999996,30957839.999999996,35663752.209836066,30957839.999999996,0.015,0.095,1.45,0.21,61.2,61.2,179988881.76,179988881.76,154311455.55555552,154311455.55555552,VN_PDP8_BASELINE,VN_NZE_STRESS,Vietnam,increasing_carbon_tax_50,0.03,0.08,0.02,1,2028,0.25
power_base,VN_ABCD_004_GasCap_2029,PVN Power Corporation :: GasCap :: 2029,VN_ABCD_004,PVN Power Corporation,VN,Power,GasCap,2028,31500959.999999996,31500959.999999996,38935079.71672131,36522008.686229505,0.015,0.095,1.45,0.21,61.8,61.8,184942136.15999997,126392790.98488829,146813030.40695012,100334672.51632775,VN_PDP8_BASELINE,VN_NZE_STRESS,Vietnam,increasing_carbon_tax_50,0.03,0.08,0.02,1,2028,0.25
power_base,VN_ABCD_004_GasCap_2029,PVN Power Corporation :: GasCap :: 2029,VN_ABCD_004,PVN Power Corporation,VN,Power,GasCap,2029,32044080,32044080,39978902.93508197,42086177.37245902,0.015,0.095,1.45,0.21,62.4,60.15,189957306.24,110132977.7467984,139624290.843198,80951026.42126429,VN_PDP8_BASELINE,VN_NZE_STRESS,Vietnam,increasing_carbon_tax_50,0.03,0.08,0.02,1,2028,0.25
power_base,VN_ABCD_004_GasCap_2029,PVN Power Corporation :: GasCap :: 2029,VN_ABCD_004,PVN Power Corporation,VN,Power,GasCap,2030,NA,44072711.6335633,41243175,47650346.05868852,0.015,0.095,1.45,0.21,63,58.5,263775179.12687635,155569230.02925348,179520954.70832035,105877803.93338864,VN_PDP8_BASELINE,VN_NZE_STRESS,Vietnam,increasing_carbon_tax_50,0.03,0.08,0.02,1,2028,0.25
power_base,VN_ABCD_004_GasCap_2029,PVN Power Corporation :: GasCap :: 2029,VN_ABCD_004,PVN Power Corporation,VN,Power,GasCap,2031,NA,NA,NA,NA,0.015,0.095,1.45,0.21,NA,NA,269050682.7094139,158680614.62983856,4484178045.1568985,2644676910.497309,VN_PDP8_BASELINE,VN_NZE_STRESS,Vietnam,increasing_carbon_tax_50,0.03,0.08,0.02,1,2028,0.25
power_base,VN_ABCD_004_GasCap_2030,PVN Power Corporation :: GasCap :: 2030,VN_ABCD_004,PVN Power Corporation,VN,Power,GasCap,2025,32762400.000000004,32762400.000000004,32762400.000000004,32762400.000000004,0.015,0.095,1.45,0.21,60,60,186745680.00000003,186745680.00000003,186745680.00000003,186745680.00000003,VN_PDP8_BASELINE,VN_NZE_STRESS,Vietnam,increasing_carbon_tax_50,0.03,0.08,0.02,1,2028,0.25
power_base,VN_ABCD_004_GasCap_2030,PVN Power Corporation :: GasCap :: 2030,VN_ABCD_004,PVN Power Corporation,VN,Power,GasCap,2026,33358080.000000004,33358080.000000004,34888586.99016394,33358080.000000004,0.015,0.095,1.45,0.21,60.6,60.6,192042466.56000003,192042466.56000003,177817098.6666667,177817098.6666667,VN_PDP8_BASELINE,VN_NZE_STRESS,Vietnam,increasing_carbon_tax_50,0.03,0.08,0.02,1,2028,0.25
power_base,VN_ABCD_004_GasCap_2030,PVN Power Corporation :: GasCap :: 2030,VN_ABCD_004,PVN Power Corporation,VN,Power,GasCap,2027,33953759.99999999,33953759.99999999,39115083.06885246,33953759.99999999,0.015,0.095,1.45,0.21,61.2,61.2,197407160.63999996,197407160.63999996,169244822.22222218,169244822.22222218,VN_PDP8_BASELINE,VN_NZE_STRESS,Vietnam,increasing_carbon_tax_50,0.03,0.08,0.02,1,2028,0.25
power_base,VN_ABCD_004_GasCap_2030,PVN Power Corporation :: GasCap :: 2030,VN_ABCD_004,PVN Power Corporation,VN,Power,GasCap,2028,34549439.99999999,34549439.99999999,42702990.65704918,40056396.623606555,0.015,0.095,1.45,0.21,61.8,61.8,202839762.23999995,138624351.4027807,161020743.02697754,110044479.5340369,VN_PDP8_BASELINE,VN_NZE_STRESS,Vietnam,increasing_carbon_tax_50,0.03,0.08,0.02,1,2028,0.25
power_base,VN_ABCD_004_GasCap_2030,PVN Power Corporation :: GasCap :: 2030,VN_ABCD_004,PVN Power Corporation,VN,Power,GasCap,2029,35145120,35145120,43847829.025573775,46159033.24721312,0.015,0.095,1.45,0.21,62.4,60.15,208340271.36,120791007.85132729,153136318.98931393,88784996.72009632,VN_PDP8_BASELINE,VN_NZE_STRESS,Vietnam,increasing_carbon_tax_50,0.03,0.08,0.02,1,2028,0.25
power_base,VN_ABCD_004_GasCap_2030,PVN Power Corporation :: GasCap :: 2030,VN_ABCD_004,PVN Power Corporation,VN,Power,GasCap,2030,35740800,35740800,45234450,52261669.87081968,0.015,0.095,1.45,0.21,63,58.5,213908688,100616418.39595687,145582658.75233558,68477843.70600605,VN_PDP8_BASELINE,VN_NZE_STRESS,Vietnam,increasing_carbon_tax_50,0.03,0.08,0.02,1,2028,0.25
power_base,VN_ABCD_004_GasCap_2030,PVN Power Corporation :: GasCap :: 2030,VN_ABCD_004,PVN Power Corporation,VN,Power,GasCap,2031,NA,NA,NA,NA,0.015,0.095,1.45,0.21,NA,NA,218186861.76,102628746.76387602,3636447696,1710479112.731267,VN_PDP8_BASELINE,VN_NZE_STRESS,Vietnam,increasing_carbon_tax_50,0.03,0.08,0.02,1,2028,0.25
power_base,VN_ABCD_005_CoalCap_2025,NA,VN_ABCD_005,NA,NA,Power,CoalCap,2025,NA,NA,NA,NA,NA,NA,NA,NA,NA,NA,46034150.4,NA,46034150.4,NA,VN_PDP8_BASELINE,VN_NZE_STRESS,Vietnam,increasing_carbon_tax_50,0.03,0.08,0.02,1,2028,0.25
power_base,VN_ABCD_005_CoalCap_2025,NA,VN_ABCD_005,NA,NA,Power,CoalCap,2026,NA,NA,NA,NA,NA,NA,NA,NA,NA,NA,44601853.34665194,NA,41298012.35801105,NA,VN_PDP8_BASELINE,VN_NZE_STRESS,Vietnam,increasing_carbon_tax_50,0.03,0.08,0.02,1,2028,0.25
power_base,VN_ABCD_005_CoalCap_2025,NA,VN_ABCD_005,NA,NA,Power,CoalCap,2027,NA,NA,NA,NA,NA,NA,NA,NA,NA,NA,41486256.40382853,NA,35567778.123995654,NA,VN_PDP8_BASELINE,VN_NZE_STRESS,Vietnam,increasing_carbon_tax_50,0.03,0.08,0.02,1,2028,0.25
power_base,VN_ABCD_005_CoalCap_2025,NA,VN_ABCD_005,NA,NA,Power,CoalCap,2028,NA,NA,NA,NA,NA,NA,NA,NA,NA,NA,39126059.75505531,NA,31059527.69764463,NA,VN_PDP8_BASELINE,VN_NZE_STRESS,Vietnam,increasing_carbon_tax_50,0.03,0.08,0.02,1,2028,0.25
power_base,VN_ABCD_005_CoalCap_2025,NA,VN_ABCD_005,NA,NA,Power,CoalCap,2029,NA,NA,NA,NA,NA,NA,NA,NA,NA,NA,36496909.90614321,NA,26826318.31583786,NA,VN_PDP8_BASELINE,VN_NZE_STRESS,Vietnam,increasing_carbon_tax_50,0.03,0.08,0.02,1,2028,0.25
power_base,VN_ABCD_005_CoalCap_2025,NA,VN_ABCD_005,NA,NA,Power,CoalCap,2030,NA,NA,NA,NA,NA,NA,NA,NA,NA,NA,33638536.41049478,NA,22893822.653790843,NA,VN_PDP8_BASELINE,VN_NZE_STRESS,Vietnam,increasing_carbon_tax_50,0.03,0.08,0.02,1,2028,0.25
power_base,VN_ABCD_005_CoalCap_2025,NA,VN_ABCD_005,NA,NA,Power,CoalCap,2031,NA,NA,NA,NA,NA,NA,NA,NA,NA,NA,34311307.13870468,NA,571855118.9784113,NA,VN_PDP8_BASELINE,VN_NZE_STRESS,Vietnam,increasing_carbon_tax_50,0.03,0.08,0.02,1,2028,0.25
power_base,VN_ABCD_005_CoalCap_2026,Nghi Son Power LLC :: CoalCap :: 2026,VN_ABCD_005,Nghi Son Power LLC,VN,Power,CoalCap,2025,7358400,7358400,7358400,7358400,0.023,0.092,2.3,0.19,68,68,46034150.4,46034150.4,46034150.4,46034150.4,VN_PDP8_BASELINE,VN_NZE_STRESS,Vietnam,increasing_carbon_tax_50,0.03,0.08,0.02,1,2028,0.25
power_base,VN_ABCD_005_CoalCap_2026,Nghi Son Power LLC :: CoalCap :: 2026,VN_ABCD_005,Nghi Son Power LLC,VN,Power,CoalCap,2026,7095600,7095600,6184726.488397789,7095600,0.023,0.092,2.3,0.19,68.4,68.4,44651191.68000001,44651191.68000001,41343696.00000001,41343696.00000001,VN_PDP8_BASELINE,VN_NZE_STRESS,Vietnam,increasing_carbon_tax_50,0.03,0.08,0.02,1,2028,0.25
power_base,VN_ABCD_005_CoalCap_2026,Nghi Son Power LLC :: CoalCap :: 2026,VN_ABCD_005,Nghi Son Power LLC,VN,Power,CoalCap,2027,NA,6562165.581623134,4871031.394475139,6562165.581623134,0.023,0.092,2.3,0.19,68.8,68.8,41535883.26544179,41535883.26544179,35610325.15898644,35610325.15898644,VN_PDP8_BASELINE,VN_NZE_STRESS,Vietnam,increasing_carbon_tax_50,0.03,0.08,0.02,1,2028,0.25
power_base,VN_ABCD_005_CoalCap_2026,Nghi Son Power LLC :: CoalCap :: 2026,VN_ABCD_005,Nghi Son Power LLC,VN,Power,CoalCap,2028,NA,6153552.265791305,3697436.287292817,4217600.416268485,0.023,0.092,2.3,0.19,69.2,69.2,39175975.14493377,13027745.925811725,31099152.143453237,10341844.743728504,VN_PDP8_BASELINE,VN_NZE_STRESS,Vietnam,increasing_carbon_tax_50,0.03,0.08,0.02,1,2028,0.25
power_base,VN_ABCD_005_CoalCap_2026,Nghi Son Power LLC :: CoalCap :: 2026,VN_ABCD_005,Nghi Son Power LLC,VN,Power,CoalCap,2029,NA,5707632.718685479,2694937.628287293,1873035.2509138344,0.023,0.092,2.3,0.19,69.6,64.6,36547113.824286856,4492018.028715607,26863219.69440079,3301767.3504058467,VN_PDP8_BASELINE,VN_NZE_STRESS,Vietnam,increasing_carbon_tax_50,0.03,0.08,0.02,1,2028,0.25
power_base,VN_ABCD_005_CoalCap_2026,Nghi Son Power LLC :: CoalCap :: 2026,VN_ABCD_005,Nghi Son Power LLC,VN,Power,CoalCap,2030,NA,5231215.661009878,1828739.535911602,0,0.023,0.092,2.3,0.19,70,60,33689028.85690361,0,22928186.96439382,0,VN_PDP8_BASELINE,VN_NZE_STRESS,Vietnam,increasing_carbon_tax_50,0.03,0.08,0.02,1,2028,0.25
power_base,VN_ABCD_005_CoalCap_2026,Nghi Son Power LLC :: CoalCap :: 2026,VN_ABCD_005,Nghi Son Power LLC,VN,Power,CoalCap,2031,NA,NA,NA,NA,0.023,0.092,2.3,0.19,NA,NA,34362809.43404169,0,572713490.5673615,0,VN_PDP8_BASELINE,VN_NZE_STRESS,Vietnam,increasing_carbon_tax_50,0.03,0.08,0.02,1,2028,0.25
power_base,VN_ABCD_005_CoalCap_2027,Nghi Son Power LLC :: CoalCap :: 2027,VN_ABCD_005,Nghi Son Power LLC,VN,Power,CoalCap,2025,7358400,7358400,7358400,7358400,0.023,0.092,2.3,0.19,68,68,46034150.4,46034150.4,46034150.4,46034150.4,VN_PDP8_BASELINE,VN_NZE_STRESS,Vietnam,increasing_carbon_tax_50,0.03,0.08,0.02,1,2028,0.25
power_base,VN_ABCD_005_CoalCap_2027,Nghi Son Power LLC :: CoalCap :: 2027,VN_ABCD_005,Nghi Son Power LLC,VN,Power,CoalCap,2026,7095600,7095600,6184726.488397789,7095600,0.023,0.092,2.3,0.19,68.4,68.4,44651191.68000001,44651191.68000001,41343696.00000001,41343696.00000001,VN_PDP8_BASELINE,VN_NZE_STRESS,Vietnam,increasing_carbon_tax_50,0.03,0.08,0.02,1,2028,0.25
power_base,VN_ABCD_005_CoalCap_2027,Nghi Son Power LLC :: CoalCap :: 2027,VN_ABCD_005,Nghi Son Power LLC,VN,Power,CoalCap,2027,6832800,6832800,4871031.394475139,6832800,0.023,0.092,2.3,0.19,68.8,68.8,43248890.88,43248890.88,37078953.086419754,37078953.086419754,VN_PDP8_BASELINE,VN_NZE_STRESS,Vietnam,increasing_carbon_tax_50,0.03,0.08,0.02,1,2028,0.25
power_base,VN_ABCD_005_CoalCap_2027,Nghi Son Power LLC :: CoalCap :: 2027,VN_ABCD_005,Nghi Son Power LLC,VN,Power,CoalCap,2028,NA,6424186.684168171,3697436.287292817,4307811.889060773,0.023,0.092,2.3,0.19,69.2,69.2,40898942.10608824,13306400.14411982,32466898.867430206,10563049.446317744,VN_PDP8_BASELINE,VN_NZE_STRESS,Vietnam,increasing_carbon_tax_50,0.03,0.08,0.02,1,2028,0.25
power_base,VN_ABCD_005_CoalCap_2027,Nghi Son Power LLC :: CoalCap :: 2027,VN_ABCD_005,Nghi Son Power LLC,VN,Power,CoalCap,2029,NA,5978267.137062345,2694937.628287293,1782823.778121546,0.023,0.092,2.3,0.19,69.6,64.6,38280040.1320376,4275667.822822665,28136972.26329392,3142743.4904158753,VN_PDP8_BASELINE,VN_NZE_STRESS,Vietnam,increasing_carbon_tax_50,0.03,0.08,0.02,1,2028,0.25
power_base,VN_ABCD_005_CoalCap_2027,Nghi Son Power LLC :: CoalCap :: 2027,VN_ABCD_005,Nghi Son Power LLC,VN,Power,CoalCap,2030,NA,5501850.079386744,1828739.535911602,0,0.023,0.092,2.3,0.19,70,60,35431914.51125063,0,24114365.655093577,0,VN_PDP8_BASELINE,VN_NZE_STRESS,Vietnam,increasing_carbon_tax_50,0.03,0.08,0.02,1,2028,0.25
power_base,VN_ABCD_005_CoalCap_2027,Nghi Son Power LLC :: CoalCap :: 2027,VN_ABCD_005,Nghi Son Power LLC,VN,Power,CoalCap,2031,NA,NA,NA,NA,0.023,0.092,2.3,0.19,NA,NA,36140552.80147565,0,602342546.6912608,0,VN_PDP8_BASELINE,VN_NZE_STRESS,Vietnam,increasing_carbon_tax_50,0.03,0.08,0.02,1,2028,0.25
power_base,VN_ABCD_005_CoalCap_2028,Nghi Son Power LLC :: CoalCap :: 2028,VN_ABCD_005,Nghi Son Power LLC,VN,Power,CoalCap,2025,7358400,7358400,7358400,7358400,0.023,0.092,2.3,0.19,68,68,46034150.4,46034150.4,46034150.4,46034150.4,VN_PDP8_BASELINE,VN_NZE_STRESS,Vietnam,increasing_carbon_tax_50,0.03,0.08,0.02,1,2028,0.25
power_base,VN_ABCD_005_CoalCap_2028,Nghi Son Power LLC :: CoalCap :: 2028,VN_ABCD_005,Nghi Son Power LLC,VN,Power,CoalCap,2026,7095600,7095600,6184726.488397789,7095600,0.023,0.092,2.3,0.19,68.4,68.4,44651191.68000001,44651191.68000001,41343696.00000001,41343696.00000001,VN_PDP8_BASELINE,VN_NZE_STRESS,Vietnam,increasing_carbon_tax_50,0.03,0.08,0.02,1,2028,0.25
power_base,VN_ABCD_005_CoalCap_2028,Nghi Son Power LLC :: CoalCap :: 2028,VN_ABCD_005,Nghi Son Power LLC,VN,Power,CoalCap,2027,6832800,6832800,4871031.394475139,6832800,0.023,0.092,2.3,0.19,68.8,68.8,43248890.88,43248890.88,37078953.086419754,37078953.086419754,VN_PDP8_BASELINE,VN_NZE_STRESS,Vietnam,increasing_carbon_tax_50,0.03,0.08,0.02,1,2028,0.25
power_base,VN_ABCD_005_CoalCap_2028,Nghi Son Power LLC :: CoalCap :: 2028,VN_ABCD_005,Nghi Son Power LLC,VN,Power,CoalCap,2028,6570000,6570000,3697436.287292817,4307811.889060773,0.023,0.092,2.3,0.19,69.2,69.2,41827248,13306400.14411982,33203818.015546408,10563049.446317744,VN_PDP8_BASELINE,VN_NZE_STRESS,Vietnam,increasing_carbon_tax_50,0.03,0.08,0.02,1,2028,0.25
power_base,VN_ABCD_005_CoalCap_2028,Nghi Son Power LLC :: CoalCap :: 2028,VN_ABCD_005,Nghi Son Power LLC,VN,Power,CoalCap,2029,NA,6124080.452894174,2694937.628287293,1782823.778121546,0.023,0.092,2.3,0.19,69.6,64.6,39213711.95597196,4275667.822822665,28823248.92660059,3142743.4904158753,VN_PDP8_BASELINE,VN_NZE_STRESS,Vietnam,increasing_carbon_tax_50,0.03,0.08,0.02,1,2028,0.25
power_base,VN_ABCD_005_CoalCap_2028,Nghi Son Power LLC :: CoalCap :: 2028,VN_ABCD_005,Nghi Son Power LLC,VN,Power,CoalCap,2030,NA,5647663.395218573,1828739.535911602,0,0.023,0.092,2.3,0.19,70,60,36370952.2652076,0,24753458.97181701,0,VN_PDP8_BASELINE,VN_NZE_STRESS,Vietnam,increasing_carbon_tax_50,0.03,0.08,0.02,1,2028,0.25
power_base,VN_ABCD_005_CoalCap_2028,Nghi Son Power LLC :: CoalCap :: 2028,VN_ABCD_005,Nghi Son Power LLC,VN,Power,CoalCap,2031,NA,NA,NA,NA,0.023,0.092,2.3,0.19,NA,NA,37098371.31051175,0,618306188.5085292,0,VN_PDP8_BASELINE,VN_NZE_STRESS,Vietnam,increasing_carbon_tax_50,0.03,0.08,0.02,1,2028,0.25
power_base,VN_ABCD_005_CoalCap_2029,Nghi Son Power LLC :: CoalCap :: 2029,VN_ABCD_005,Nghi Son Power LLC,VN,Power,CoalCap,2025,7358400,7358400,7358400,7358400,0.023,0.092,2.3,0.19,68,68,46034150.4,46034150.4,46034150.4,46034150.4,VN_PDP8_BASELINE,VN_NZE_STRESS,Vietnam,increasing_carbon_tax_50,0.03,0.08,0.02,1,2028,0.25
power_base,VN_ABCD_005_CoalCap_2029,Nghi Son Power LLC :: CoalCap :: 2029,VN_ABCD_005,Nghi Son Power LLC,VN,Power,CoalCap,2026,7095600,7095600,6184726.488397789,7095600,0.023,0.092,2.3,0.19,68.4,68.4,44651191.68000001,44651191.68000001,41343696.00000001,41343696.00000001,VN_PDP8_BASELINE,VN_NZE_STRESS,Vietnam,increasing_carbon_tax_50,0.03,0.08,0.02,1,2028,0.25
power_base,VN_ABCD_005_CoalCap_2029,Nghi Son Power LLC :: CoalCap :: 2029,VN_ABCD_005,Nghi Son Power LLC,VN,Power,CoalCap,2027,6832800,6832800,4871031.394475139,6832800,0.023,0.092,2.3,0.19,68.8,68.8,43248890.88,43248890.88,37078953.086419754,37078953.086419754,VN_PDP8_BASELINE,VN_NZE_STRESS,Vietnam,increasing_carbon_tax_50,0.03,0.08,0.02,1,2028,0.25
power_base,VN_ABCD_005_CoalCap_2029,Nghi Son Power LLC :: CoalCap :: 2029,VN_ABCD_005,Nghi Son Power LLC,VN,Power,CoalCap,2028,6570000,6570000,3697436.287292817,4307811.889060773,0.023,0.092,2.3,0.19,69.2,69.2,41827248,13306400.14411982,33203818.015546408,10563049.446317744,VN_PDP8_BASELINE,VN_NZE_STRESS,Vietnam,increasing_carbon_tax_50,0.03,0.08,0.02,1,2028,0.25
power_base,VN_ABCD_005_CoalCap_2029,Nghi Son Power LLC :: CoalCap :: 2029,VN_ABCD_005,Nghi Son Power LLC,VN,Power,CoalCap,2029,6307200,6307200,2694937.628287293,1782823.778121546,0.023,0.092,2.3,0.19,69.6,64.6,40386263.03999999,4275667.822822665,29685108.97729003,3142743.4904158753,VN_PDP8_BASELINE,VN_NZE_STRESS,Vietnam,increasing_carbon_tax_50,0.03,0.08,0.02,1,2028,0.25
power_base,VN_ABCD_005_CoalCap_2029,Nghi Son Power LLC :: CoalCap :: 2029,VN_ABCD_005,Nghi Son Power LLC,VN,Power,CoalCap,2030,NA,5830782.942324399,1828739.535911602,0,0.023,0.092,2.3,0.19,70,60,37550242.14856913,0,25556063.850864757,0,VN_PDP8_BASELINE,VN_NZE_STRESS,Vietnam,increasing_carbon_tax_50,0.03,0.08,0.02,1,2028,0.25
power_base,VN_ABCD_005_CoalCap_2029,Nghi Son Power LLC :: CoalCap :: 2029,VN_ABCD_005,Nghi Son Power LLC,VN,Power,CoalCap,2031,NA,NA,NA,NA,0.023,0.092,2.3,0.19,NA,NA,38301246.991540514,0,638354116.5256753,0,VN_PDP8_BASELINE,VN_NZE_STRESS,Vietnam,increasing_carbon_tax_50,0.03,0.08,0.02,1,2028,0.25
power_base,VN_ABCD_005_CoalCap_2030,Nghi Son Power LLC :: CoalCap :: 2030,VN_ABCD_005,Nghi Son Power LLC,VN,Power,CoalCap,2025,7358400,7358400,7358400,7358400,0.023,0.092,2.3,0.19,68,68,46034150.4,46034150.4,46034150.4,46034150.4,VN_PDP8_BASELINE,VN_NZE_STRESS,Vietnam,increasing_carbon_tax_50,0.03,0.08,0.02,1,2028,0.25
power_base,VN_ABCD_005_CoalCap_2030,Nghi Son Power LLC :: CoalCap :: 2030,VN_ABCD_005,Nghi Son Power LLC,VN,Power,CoalCap,2026,7095600,7095600,6184726.488397789,7095600,0.023,0.092,2.3,0.19,68.4,68.4,44651191.68000001,44651191.68000001,41343696.00000001,41343696.00000001,VN_PDP8_BASELINE,VN_NZE_STRESS,Vietnam,increasing_carbon_tax_50,0.03,0.08,0.02,1,2028,0.25
power_base,VN_ABCD_005_CoalCap_2030,Nghi Son Power LLC :: CoalCap :: 2030,VN_ABCD_005,Nghi Son Power LLC,VN,Power,CoalCap,2027,6832800,6832800,4871031.394475139,6832800,0.023,0.092,2.3,0.19,68.8,68.8,43248890.88,43248890.88,37078953.086419754,37078953.086419754,VN_PDP8_BASELINE,VN_NZE_STRESS,Vietnam,increasing_carbon_tax_50,0.03,0.08,0.02,1,2028,0.25
power_base,VN_ABCD_005_CoalCap_2030,Nghi Son Power LLC :: CoalCap :: 2030,VN_ABCD_005,Nghi Son Power LLC,VN,Power,CoalCap,2028,6570000,6570000,3697436.287292817,4307811.889060773,0.023,0.092,2.3,0.19,69.2,69.2,41827248,13306400.14411982,33203818.015546408,10563049.446317744,VN_PDP8_BASELINE,VN_NZE_STRESS,Vietnam,increasing_carbon_tax_50,0.03,0.08,0.02,1,2028,0.25
power_base,VN_ABCD_005_CoalCap_2030,Nghi Son Power LLC :: CoalCap :: 2030,VN_ABCD_005,Nghi Son Power LLC,VN,Power,CoalCap,2029,6307200,6307200,2694937.628287293,1782823.778121546,0.023,0.092,2.3,0.19,69.6,64.6,40386263.03999999,4275667.822822665,29685108.97729003,3142743.4904158753,VN_PDP8_BASELINE,VN_NZE_STRESS,Vietnam,increasing_carbon_tax_50,0.03,0.08,0.02,1,2028,0.25
power_base,VN_ABCD_005_CoalCap_2030,Nghi Son Power LLC :: CoalCap :: 2030,VN_ABCD_005,Nghi Son Power LLC,VN,Power,CoalCap,2030,6044400,6044400,1828739.535911602,0,0.023,0.092,2.3,0.19,70,60,38925936,0,26492337.970411256,0,VN_PDP8_BASELINE,VN_NZE_STRESS,Vietnam,increasing_carbon_tax_50,0.03,0.08,0.02,1,2028,0.25
power_base,VN_ABCD_005_CoalCap_2030,Nghi Son Power LLC :: CoalCap :: 2030,VN_ABCD_005,Nghi Son Power LLC,VN,Power,CoalCap,2031,NA,NA,NA,NA,0.023,0.092,2.3,0.19,NA,NA,39704454.72,0,661740912,0,VN_PDP8_BASELINE,VN_NZE_STRESS,Vietnam,increasing_carbon_tax_50,0.03,0.08,0.02,1,2028,0.25
power_base,VN_ABCD_006_GasCap_2025,NA,VN_ABCD_006,NA,NA,Power,GasCap,2025,NA,NA,NA,NA,NA,NA,NA,NA,NA,NA,9481824.000000002,NA,9481824.000000002,NA,VN_PDP8_BASELINE,VN_NZE_STRESS,Vietnam,increasing_carbon_tax_50,0.03,0.08,0.02,1,2028,0.25
power_base,VN_ABCD_006_GasCap_2025,NA,VN_ABCD_006,NA,NA,Power,GasCap,2026,NA,NA,NA,NA,NA,NA,NA,NA,NA,NA,10967558.045423942,NA,10155146.3383555,NA,VN_PDP8_BASELINE,VN_NZE_STRESS,Vietnam,increasing_carbon_tax_50,0.03,0.08,0.02,1,2028,0.25
power_base,VN_ABCD_006_GasCap_2025,NA,VN_ABCD_006,NA,NA,Power,GasCap,2027,NA,NA,NA,NA,NA,NA,NA,NA,NA,NA,13613687.329226753,NA,11671542.634796595,NA,VN_PDP8_BASELINE,VN_NZE_STRESS,Vietnam,increasing_carbon_tax_50,0.03,0.08,0.02,1,2028,0.25
power_base,VN_ABCD_006_GasCap_2025,NA,VN_ABCD_006,NA,NA,Power,GasCap,2028,NA,NA,NA,NA,NA,NA,NA,NA,NA,NA,17151218.048021834,NA,13615189.859286752,NA,VN_PDP8_BASELINE,VN_NZE_STRESS,Vietnam,increasing_carbon_tax_50,0.03,0.08,0.02,1,2028,0.25
power_base,VN_ABCD_006_GasCap_2025,NA,VN_ABCD_006,NA,NA,Power,GasCap,2029,NA,NA,NA,NA,NA,NA,NA,NA,NA,NA,20299831.84726559,NA,14920982.41448838,NA,VN_PDP8_BASELINE,VN_NZE_STRESS,Vietnam,increasing_carbon_tax_50,0.03,0.08,0.02,1,2028,0.25
power_base,VN_ABCD_006_GasCap_2025,NA,VN_ABCD_006,NA,NA,Power,GasCap,2030,NA,NA,NA,NA,NA,NA,NA,NA,NA,NA,24504049.055458743,NA,16677044.046436025,NA,VN_PDP8_BASELINE,VN_NZE_STRESS,Vietnam,increasing_carbon_tax_50,0.03,0.08,0.02,1,2028,0.25
power_base,VN_ABCD_006_GasCap_2025,NA,VN_ABCD_006,NA,NA,Power,GasCap,2031,NA,NA,NA,NA,NA,NA,NA,NA,NA,NA,24994130.03656792,NA,416568833.9427987,NA,VN_PDP8_BASELINE,VN_NZE_STRESS,Vietnam,increasing_carbon_tax_50,0.03,0.08,0.02,1,2028,0.25
power_base,VN_ABCD_006_GasCap_2026,Dung Quat LNG Power Consortium :: GasCap :: 2026,VN_ABCD_006,Dung Quat LNG Power Consortium,VN,Power,GasCap,2025,1927200,1927200,1927200,1927200,0.028,0.082,2.1,0.28,60,60,9481824.000000002,9481824.000000002,9481824.000000002,9481824.000000002,VN_PDP8_BASELINE,VN_NZE_STRESS,Vietnam,increasing_carbon_tax_50,0.03,0.08,0.02,1,2028,0.25
power_base,VN_ABCD_006_GasCap_2026,Dung Quat LNG Power Consortium :: GasCap :: 2026,VN_ABCD_006,Dung Quat LNG Power Consortium,VN,Power,GasCap,2026,1962240,1962240,2052269.8229508195,1962240,0.028,0.082,2.1,0.28,60.6,60.6,9750763.008,9750763.008,9028484.266666668,9028484.266666668,VN_PDP8_BASELINE,VN_NZE_STRESS,Vietnam,increasing_carbon_tax_50,0.03,0.08,0.02,1,2028,0.25
power_base,VN_ABCD_006_GasCap_2026,Dung Quat LNG Power Consortium :: GasCap :: 2026,VN_ABCD_006,Dung Quat LNG Power Consortium,VN,Power,GasCap,2027,NA,2467887.138567024,2300887.2393442625,2467887.138567024,0.028,0.082,2.1,0.28,61.2,61.2,12384844.816184754,12384844.816184754,10618008.244328491,10618008.244328491,VN_PDP8_BASELINE,VN_NZE_STRESS,Vietnam,increasing_carbon_tax_50,0.03,0.08,0.02,1,2028,0.25
power_base,VN_ABCD_006_GasCap_2026,Dung Quat LNG Power Consortium :: GasCap :: 2026,VN_ABCD_006,Dung Quat LNG Power Consortium,VN,Power,GasCap,2028,NA,3139617.976825672,2511940.6268852456,2513127.6711070407,0.028,0.082,2.1,0.28,61.8,61.8,15910328.059361778,12432787.644467408,12630131.378729248,9869547.677935438,VN_PDP8_BASELINE,VN_NZE_STRESS,Vietnam,increasing_carbon_tax_50,0.03,0.08,0.02,1,2028,0.25
power_base,VN_ABCD_006_GasCap_2026,Dung Quat LNG Power Consortium :: GasCap :: 2026,VN_ABCD_006,Dung Quat LNG Power Consortium,VN,Power,GasCap,2029,NA,3722423.07359824,2579284.060327869,2558368.203647057,0.028,0.082,2.1,0.28,62.4,60.15,19046894.382987473,14531089.736765375,14000035.974556874,10680784.750186708,VN_PDP8_BASELINE,VN_NZE_STRESS,Vietnam,increasing_carbon_tax_50,0.03,0.08,0.02,1,2028,0.25
power_base,VN_ABCD_006_GasCap_2026,Dung Quat LNG Power Consortium :: GasCap :: 2026,VN_ABCD_006,Dung Quat LNG Power Consortium,VN,Power,GasCap,2030,NA,4498463.824150709,2660850,2603608.736187074,0.028,0.082,2.1,0.28,63,58.5,23239064.11556257,17364430.53772647,15816116.551841935,11817939.65003641,VN_PDP8_BASELINE,VN_NZE_STRESS,Vietnam,increasing_carbon_tax_50,0.03,0.08,0.02,1,2028,0.25
power_base,VN_ABCD_006_GasCap_2026,Dung Quat LNG Power Consortium :: GasCap :: 2026,VN_ABCD_006,Dung Quat LNG Power Consortium,VN,Power,GasCap,2031,NA,NA,NA,NA,0.028,0.082,2.1,0.28,NA,NA,23703845.397873823,17711719.148481,395064089.9645637,295195319.14135003,VN_PDP8_BASELINE,VN_NZE_STRESS,Vietnam,increasing_carbon_tax_50,0.03,0.08,0.02,1,2028,0.25
power_base,VN_ABCD_006_GasCap_2027,Dung Quat LNG Power Consortium :: GasCap :: 2027,VN_ABCD_006,Dung Quat LNG Power Consortium,VN,Power,GasCap,2025,1927200,1927200,1927200,1927200,0.028,0.082,2.1,0.28,60,60,9481824.000000002,9481824.000000002,9481824.000000002,9481824.000000002,VN_PDP8_BASELINE,VN_NZE_STRESS,Vietnam,increasing_carbon_tax_50,0.03,0.08,0.02,1,2028,0.25
power_base,VN_ABCD_006_GasCap_2027,Dung Quat LNG Power Consortium :: GasCap :: 2027,VN_ABCD_006,Dung Quat LNG Power Consortium,VN,Power,GasCap,2026,1962240,1962240,2052269.8229508195,1962240,0.028,0.082,2.1,0.28,60.6,60.6,9750763.008,9750763.008,9028484.266666668,9028484.266666668,VN_PDP8_BASELINE,VN_NZE_STRESS,Vietnam,increasing_carbon_tax_50,0.03,0.08,0.02,1,2028,0.25
power_base,VN_ABCD_006_GasCap_2027,Dung Quat LNG Power Consortium :: GasCap :: 2027,VN_ABCD_006,Dung Quat LNG Power Consortium,VN,Power,GasCap,2027,1997280,1997280,2300887.2393442625,1997280,0.028,0.082,2.1,0.28,61.2,61.2,10023149.952,10023149.952,8593235.555555554,8593235.555555554,VN_PDP8_BASELINE,VN_NZE_STRESS,Vietnam,increasing_carbon_tax_50,0.03,0.08,0.02,1,2028,0.25
power_base,VN_ABCD_006_GasCap_2027,Dung Quat LNG Power Consortium :: GasCap :: 2027,VN_ABCD_006,Dung Quat LNG Power Consortium,VN,Power,GasCap,2028,NA,2669010.8382586483,2511940.6268852456,2356258.6249180324,0.028,0.082,2.1,0.28,61.8,61.8,13525479.323959528,10265006.4517292,10736961.56261076,8148693.075662689,VN_PDP8_BASELINE,VN_NZE_STRESS,Vietnam,increasing_carbon_tax_50,0.03,0.08,0.02,1,2028,0.25
power_base,VN_ABCD_006_GasCap_2027,Dung Quat LNG Power Consortium :: GasCap :: 2027,VN_ABCD_006,Dung Quat LNG Power Consortium,VN,Power,GasCap,2029,NA,3251815.9350312157,2579284.060327869,2715237.249836066,0.028,0.082,2.1,0.28,62.4,60.15,16638891.776367726,11975133.893065818,12230082.173079686,8802080.902637986,VN_PDP8_BASELINE,VN_NZE_STRESS,Vietnam,increasing_carbon_tax_50,0.03,0.08,0.02,1,2028,0.25
power_base,VN_ABCD_006_GasCap_2027,Dung Quat LNG Power Consortium :: GasCap :: 2027,VN_ABCD_006,Dung Quat LNG Power Consortium,VN,Power,GasCap,2030,NA,4027856.6855836855,2660850,3074215.8747540982,0.028,0.082,2.1,0.28,63,58.5,20807907.63772532,14345113.125369376,14161512.303666145,9763042.952674745,VN_PDP8_BASELINE,VN_NZE_STRESS,Vietnam,increasing_carbon_tax_50,0.03,0.08,0.02,1,2028,0.25
power_base,VN_ABCD_006_GasCap_2027,Dung Quat LNG Power Consortium :: GasCap :: 2027,VN_ABCD_006,Dung Quat LNG Power Consortium,VN,Power,GasCap,2031,NA,NA,NA,NA,0.028,0.082,2.1,0.28,NA,NA,21224065.790479828,14632015.387876766,353734429.84133047,243866923.13127944,VN_PDP8_BASELINE,VN_NZE_STRESS,Vietnam,increasing_carbon_tax_50,0.03,0.08,0.02,1,2028,0.25
power_base,VN_ABCD_006_GasCap_2028,Dung Quat LNG Power Consortium :: GasCap :: 2028,VN_ABCD_006,Dung Quat LNG Power Consortium,VN,Power,GasCap,2025,3276240.000000001,3276240.000000001,3276240.000000001,3276240.000000001,0.028,0.082,2.1,0.28,60,60,16119100.800000006,16119100.800000006,16119100.800000006,16119100.800000006,VN_PDP8_BASELINE,VN_NZE_STRESS,Vietnam,increasing_carbon_tax_50,0.03,0.08,0.02,1,2028,0.25
power_base,VN_ABCD_006_GasCap_2028,Dung Quat LNG Power Consortium :: GasCap :: 2028,VN_ABCD_006,Dung Quat LNG Power Consortium,VN,Power,GasCap,2026,3335808.000000001,3335808.000000001,3488858.6990163936,3335808.000000001,0.028,0.082,2.1,0.28,60.6,60.6,16576297.113600006,16576297.113600006,15348423.253333338,15348423.253333338,VN_PDP8_BASELINE,VN_NZE_STRESS,Vietnam,increasing_carbon_tax_50,0.03,0.08,0.02,1,2028,0.25
power_base,VN_ABCD_006_GasCap_2028,Dung Quat LNG Power Consortium :: GasCap :: 2028,VN_ABCD_006,Dung Quat LNG Power Consortium,VN,Power,GasCap,2027,3395376,3395376,3911508.306885246,3395376,0.028,0.082,2.1,0.28,61.2,61.2,17039354.9184,17039354.9184,14608500.444444444,14608500.444444444,VN_PDP8_BASELINE,VN_NZE_STRESS,Vietnam,increasing_carbon_tax_50,0.03,0.08,0.02,1,2028,0.25
power_base,VN_ABCD_006_GasCap_2028,Dung Quat LNG Power Consortium :: GasCap :: 2028,VN_ABCD_006,Dung Quat LNG Power Consortium,VN,Power,GasCap,2028,3454944.0000000005,3454944.0000000005,4270299.0657049185,4005639.662360656,0.028,0.082,2.1,0.28,61.8,61.8,17508274.2144,11965470.331608444,13898632.556012802,9498576.128201082,VN_PDP8_BASELINE,VN_NZE_STRESS,Vietnam,increasing_carbon_tax_50,0.03,0.08,0.02,1,2028,0.25
power_base,VN_ABCD_006_GasCap_2028,Dung Quat LNG Power Consortium :: GasCap :: 2028,VN_ABCD_006,Dung Quat LNG Power Consortium,VN,Power,GasCap,2029,NA,4445712.664513366,4384782.902557378,4615903.324721312,0.028,0.082,2.1,0.28,62.4,60.15,22747822.561781995,15019132.241588578,16720328.66902646,11039510.560665317,VN_PDP8_BASELINE,VN_NZE_STRESS,Vietnam,increasing_carbon_tax_50,0.03,0.08,0.02,1,2028,0.25
power_base,VN_ABCD_006_GasCap_2028,Dung Quat LNG Power Consortium :: GasCap :: 2028,VN_ABCD_006,Dung Quat LNG Power Consortium,VN,Power,GasCap,2030,NA,5764981.940452568,4523445.000000001,5226166.987081968,0.028,0.082,2.1,0.28,63,58.5,29781896.704377968,19194542.19621251,20269058.472794548,13063482.893497584,VN_PDP8_BASELINE,VN_NZE_STRESS,Vietnam,increasing_carbon_tax_50,0.03,0.08,0.02,1,2028,0.25
power_base,VN_ABCD_006_GasCap_2028,Dung Quat LNG Power Consortium :: GasCap :: 2028,VN_ABCD_006,Dung Quat LNG Power Consortium,VN,Power,GasCap,2031,NA,NA,NA,NA,0.028,0.082,2.1,0.28,NA,NA,30377534.638465527,19578433.04013676,506292243.9744255,326307217.3356127,VN_PDP8_BASELINE,VN_NZE_STRESS,Vietnam,increasing_carbon_tax_50,0.03,0.08,0.02,1,2028,0.25
power_base,VN_ABCD_006_GasCap_2029,Dung Quat LNG Power Consortium :: GasCap :: 2029,VN_ABCD_006,Dung Quat LNG Power Consortium,VN,Power,GasCap,2025,3613500.000000001,3613500.000000001,3613500.000000001,3613500.000000001,0.028,0.082,2.1,0.28,60,60,17778420.000000004,17778420.000000004,17778420.000000004,17778420.000000004,VN_PDP8_BASELINE,VN_NZE_STRESS,Vietnam,increasing_carbon_tax_50,0.03,0.08,0.02,1,2028,0.25
power_base,VN_ABCD_006_GasCap_2029,Dung Quat LNG Power Consortium :: GasCap :: 2029,VN_ABCD_006,Dung Quat LNG Power Consortium,VN,Power,GasCap,2026,3679200.000000001,3679200.000000001,3848005.918032787,3679200.000000001,0.028,0.082,2.1,0.28,60.6,60.6,18282680.640000004,18282680.640000004,16928408.000000004,16928408.000000004,VN_PDP8_BASELINE,VN_NZE_STRESS,Vietnam,increasing_carbon_tax_50,0.03,0.08,0.02,1,2028,0.25
power_base,VN_ABCD_006_GasCap_2029,Dung Quat LNG Power Consortium :: GasCap :: 2029,VN_ABCD_006,Dung Quat LNG Power Consortium,VN,Power,GasCap,2027,3744899.999999999,3744899.999999999,4314163.573770492,3744899.999999999,0.028,0.082,2.1,0.28,61.2,61.2,18793406.16,18793406.16,16112316.666666666,16112316.666666666,VN_PDP8_BASELINE,VN_NZE_STRESS,Vietnam,increasing_carbon_tax_50,0.03,0.08,0.02,1,2028,0.25
power_base,VN_ABCD_006_GasCap_2029,Dung Quat LNG Power Consortium :: GasCap :: 2029,VN_ABCD_006,Dung Quat LNG Power Consortium,VN,Power,GasCap,2028,3810599.999999999,3810599.999999999,4709888.675409837,4417984.921721311,0.028,0.082,2.1,0.28,61.8,61.8,19310596.56,13197209.924568132,15329374.142661177,10476370.729633546,VN_PDP8_BASELINE,VN_NZE_STRESS,Vietnam,increasing_carbon_tax_50,0.03,0.08,0.02,1,2028,0.25
power_base,VN_ABCD_006_GasCap_2029,Dung Quat LNG Power Consortium :: GasCap :: 2029,VN_ABCD_006,Dung Quat LNG Power Consortium,VN,Power,GasCap,2029,3876300,3876300,4836157.613114755,5091069.843442624,0.028,0.082,2.1,0.28,62.4,60.15,19834251.84,11499453.533833789,14578767.21028298,8452441.638213504,VN_PDP8_BASELINE,VN_NZE_STRESS,Vietnam,increasing_carbon_tax_50,0.03,0.08,0.02,1,2028,0.25
power_base,VN_ABCD_006_GasCap_2029,Dung Quat LNG Power Consortium :: GasCap :: 2029,VN_ABCD_006,Dung Quat LNG Power Consortium,VN,Power,GasCap,2030,NA,5331376.407285881,4989093.75,5764154.765163936,0.028,0.082,2.1,0.28,63,58.5,27541890.520038866,16243646.259421194,18744547.902481664,11055152.702722238,VN_PDP8_BASELINE,VN_NZE_STRESS,Vietnam,increasing_carbon_tax_50,0.03,0.08,0.02,1,2028,0.25
power_base,VN_ABCD_006_GasCap_2029,Dung Quat LNG Power Consortium :: GasCap :: 2029,VN_ABCD_006,Dung Quat LNG Power Consortium,VN,Power,GasCap,2031,NA,NA,NA,NA,0.028,0.082,2.1,0.28,NA,NA,28092728.33043964,16568519.184609618,468212138.8406607,276141986.4101603,VN_PDP8_BASELINE,VN_NZE_STRESS,Vietnam,increasing_carbon_tax_50,0.03,0.08,0.02,1,2028,0.25
power_base,VN_ABCD_006_GasCap_2030,Dung Quat LNG Power Consortium :: GasCap :: 2030,VN_ABCD_006,Dung Quat LNG Power Consortium,VN,Power,GasCap,2025,3613500.000000001,3613500.000000001,3613500.000000001,3613500.000000001,0.028,0.082,2.1,0.28,60,60,17778420.000000004,17778420.000000004,17778420.000000004,17778420.000000004,VN_PDP8_BASELINE,VN_NZE_STRESS,Vietnam,increasing_carbon_tax_50,0.03,0.08,0.02,1,2028,0.25
power_base,VN_ABCD_006_GasCap_2030,Dung Quat LNG Power Consortium :: GasCap :: 2030,VN_ABCD_006,Dung Quat LNG Power Consortium,VN,Power,GasCap,2026,3679200.000000001,3679200.000000001,3848005.918032787,3679200.000000001,0.028,0.082,2.1,0.28,60.6,60.6,18282680.640000004,18282680.640000004,16928408.000000004,16928408.000000004,VN_PDP8_BASELINE,VN_NZE_STRESS,Vietnam,increasing_carbon_tax_50,0.03,0.08,0.02,1,2028,0.25
power_base,VN_ABCD_006_GasCap_2030,Dung Quat LNG Power Consortium :: GasCap :: 2030,VN_ABCD_006,Dung Quat LNG Power Consortium,VN,Power,GasCap,2027,3744899.999999999,3744899.999999999,4314163.573770492,3744899.999999999,0.028,0.082,2.1,0.28,61.2,61.2,18793406.16,18793406.16,16112316.666666666,16112316.666666666,VN_PDP8_BASELINE,VN_NZE_STRESS,Vietnam,increasing_carbon_tax_50,0.03,0.08,0.02,1,2028,0.25
power_base,VN_ABCD_006_GasCap_2030,Dung Quat LNG Power Consortium :: GasCap :: 2030,VN_ABCD_006,Dung Quat LNG Power Consortium,VN,Power,GasCap,2028,3810599.999999999,3810599.999999999,4709888.675409837,4417984.921721311,0.028,0.082,2.1,0.28,61.8,61.8,19310596.56,13197209.924568132,15329374.142661177,10476370.729633546,VN_PDP8_BASELINE,VN_NZE_STRESS,Vietnam,increasing_carbon_tax_50,0.03,0.08,0.02,1,2028,0.25
power_base,VN_ABCD_006_GasCap_2030,Dung Quat LNG Power Consortium :: GasCap :: 2030,VN_ABCD_006,Dung Quat LNG Power Consortium,VN,Power,GasCap,2029,3876300,3876300,4836157.613114755,5091069.843442624,0.028,0.082,2.1,0.28,62.4,60.15,19834251.84,11499453.533833789,14578767.21028298,8452441.638213504,VN_PDP8_BASELINE,VN_NZE_STRESS,Vietnam,increasing_carbon_tax_50,0.03,0.08,0.02,1,2028,0.25
power_base,VN_ABCD_006_GasCap_2030,Dung Quat LNG Power Consortium :: GasCap :: 2030,VN_ABCD_006,Dung Quat LNG Power Consortium,VN,Power,GasCap,2030,3942000,3942000,4989093.75,5764154.765163936,0.028,0.082,2.1,0.28,63,58.5,20364372,9578807.633670822,13859649.40134464,6519175.523095005,VN_PDP8_BASELINE,VN_NZE_STRESS,Vietnam,increasing_carbon_tax_50,0.03,0.08,0.02,1,2028,0.25
power_base,VN_ABCD_006_GasCap_2030,Dung Quat LNG Power Consortium :: GasCap :: 2030,VN_ABCD_006,Dung Quat LNG Power Consortium,VN,Power,GasCap,2031,NA,NA,NA,NA,0.028,0.082,2.1,0.28,NA,NA,20771659.44,9770383.786344238,346194324.00000006,162839729.77240396,VN_PDP8_BASELINE,VN_NZE_STRESS,Vietnam,increasing_carbon_tax_50,0.03,0.08,0.02,1,2028,0.25
power_base,VN_ABCD_007_HydroCap_2025,NA,VN_ABCD_007,NA,NA,Power,HydroCap,2025,NA,NA,NA,NA,NA,NA,NA,NA,NA,NA,58278528,NA,58278528,NA,VN_PDP8_BASELINE,VN_NZE_STRESS,Vietnam,increasing_carbon_tax_50,0.03,0.08,0.02,1,2028,0.25
power_base,VN_ABCD_007_HydroCap_2025,NA,VN_ABCD_007,NA,NA,Power,HydroCap,2026,NA,NA,NA,NA,NA,NA,NA,NA,NA,NA,58512359.21495917,NA,54178110.38422145,NA,VN_PDP8_BASELINE,VN_NZE_STRESS,Vietnam,increasing_carbon_tax_50,0.03,0.08,0.02,1,2028,0.25
power_base,VN_ABCD_007_HydroCap_2025,NA,VN_ABCD_007,NA,NA,Power,HydroCap,2027,NA,NA,NA,NA,NA,NA,NA,NA,NA,NA,58759703.38484185,NA,50376974.78124301,NA,VN_PDP8_BASELINE,VN_NZE_STRESS,Vietnam,increasing_carbon_tax_50,0.03,0.08,0.02,1,2028,0.25
power_base,VN_ABCD_007_HydroCap_2025,NA,VN_ABCD_007,NA,NA,Power,HydroCap,2028,NA,NA,NA,NA,NA,NA,NA,NA,NA,NA,59034308.81392134,NA,46863337.662831925,NA,VN_PDP8_BASELINE,VN_NZE_STRESS,Vietnam,increasing_carbon_tax_50,0.03,0.08,0.02,1,2028,0.25
power_base,VN_ABCD_007_HydroCap_2025,NA,VN_ABCD_007,NA,NA,Power,HydroCap,2029,NA,NA,NA,NA,NA,NA,NA,NA,NA,NA,59309345.84933016,NA,43594139.74908709,NA,VN_PDP8_BASELINE,VN_NZE_STRESS,Vietnam,increasing_carbon_tax_50,0.03,0.08,0.02,1,2028,0.25
power_base,VN_ABCD_007_HydroCap_2025,NA,VN_ABCD_007,NA,NA,Power,HydroCap,2030,NA,NA,NA,NA,NA,NA,NA,NA,NA,NA,59649105.36269111,NA,40596178.82794349,NA,VN_PDP8_BASELINE,VN_NZE_STRESS,Vietnam,increasing_carbon_tax_50,0.03,0.08,0.02,1,2028,0.25
power_base,VN_ABCD_007_HydroCap_2025,NA,VN_ABCD_007,NA,NA,Power,HydroCap,2031,NA,NA,NA,NA,NA,NA,NA,NA,NA,NA,60842087.46994493,NA,1014034791.165749,NA,VN_PDP8_BASELINE,VN_NZE_STRESS,Vietnam,increasing_carbon_tax_50,0.03,0.08,0.02,1,2028,0.25
power_base,VN_ABCD_007_HydroCap_2026,Vietnam Hydropower JSC :: HydroCap :: 2026,VN_ABCD_007,Vietnam Hydropower JSC,VN,Power,HydroCap,2025,9539640,9539640,9539640,9539640,0.014,0.11,1.2,0.18,56,56,58764182.4,58764182.4,58764182.4,58764182.4,VN_PDP8_BASELINE,VN_NZE_STRESS,Vietnam,increasing_carbon_tax_50,0.03,0.08,0.02,1,2028,0.25
power_base,VN_ABCD_007_HydroCap_2026,Vietnam Hydropower JSC :: HydroCap :: 2026,VN_ABCD_007,Vietnam Hydropower JSC,VN,Power,HydroCap,2026,9539640,9539640,9522589.809100589,9539640,0.014,0.11,1.2,0.18,56.1,56.1,58869118.44,58869118.44,54508442.99999999,54508442.99999999,VN_PDP8_BASELINE,VN_NZE_STRESS,Vietnam,increasing_carbon_tax_50,0.03,0.08,0.02,1,2028,0.25
power_base,VN_ABCD_007_HydroCap_2026,Vietnam Hydropower JSC :: HydroCap :: 2026,VN_ABCD_007,Vietnam Hydropower JSC,VN,Power,HydroCap,2027,NA,9562971.623778649,9506907.124979794,9562971.623778649,0.014,0.11,1.2,0.18,56.2,56.2,59118290.578199595,59118290.578199595,50684405.502571665,50684405.502571665,VN_PDP8_BASELINE,VN_NZE_STRESS,Vietnam,increasing_carbon_tax_50,0.03,0.08,0.02,1,2028,0.25
power_base,VN_ABCD_007_HydroCap_2026,Vietnam Hydropower JSC :: HydroCap :: 2026,VN_ABCD_007,Vietnam Hydropower JSC,VN,Power,HydroCap,2028,NA,9590658.994470526,9509453.015259145,9526548.18160778,0.014,0.11,1.2,0.18,56.3,56.3,59394951.15275597,58997912.88869697,47149627.178875774,46834445.40394706,VN_PDP8_BASELINE,VN_NZE_STRESS,Vietnam,increasing_carbon_tax_50,0.03,0.08,0.02,1,2028,0.25
power_base,VN_ABCD_007_HydroCap_2026,Vietnam Hydropower JSC :: HydroCap :: 2026,VN_ABCD_007,Vietnam Hydropower JSC,VN,Power,HydroCap,2029,NA,9618318.331779672,9511707.946649425,9490124.73943691,0.014,0.11,1.2,0.18,56.4,56.65,59672046.93036108,59137712.3138011,43860735.871286355,43467983.976732224,VN_PDP8_BASELINE,VN_NZE_STRESS,Vietnam,increasing_carbon_tax_50,0.03,0.08,0.02,1,2028,0.25
power_base,VN_ABCD_007_HydroCap_2026,Vietnam Hydropower JSC :: HydroCap :: 2026,VN_ABCD_007,Vietnam Hydropower JSC,VN,Power,HydroCap,2030,NA,9656380.45694308,9522327.946100423,9453701.297266042,0.014,0.11,1.2,0.18,56.5,57,60014404.53990124,59274707.133858085,40844795.30984296,40341369.684400536,VN_PDP8_BASELINE,VN_NZE_STRESS,Vietnam,increasing_carbon_tax_50,0.03,0.08,0.02,1,2028,0.25
power_base,VN_ABCD_007_HydroCap_2026,Vietnam Hydropower JSC :: HydroCap :: 2026,VN_ABCD_007,Vietnam Hydropower JSC,VN,Power,HydroCap,2031,NA,NA,NA,NA,0.014,0.11,1.2,0.18,NA,NA,61214692.63069927,60460201.27653525,1020244877.1783212,1007670021.2755876,VN_PDP8_BASELINE,VN_NZE_STRESS,Vietnam,increasing_carbon_tax_50,0.03,0.08,0.02,1,2028,0.25
power_base,VN_ABCD_007_HydroCap_2027,Vietnam Hydropower JSC :: HydroCap :: 2027,VN_ABCD_007,Vietnam Hydropower JSC,VN,Power,HydroCap,2025,9657900,9657900,9657900,9657900,0.014,0.11,1.2,0.18,56,56,59492664,59492664,59492664,59492664,VN_PDP8_BASELINE,VN_NZE_STRESS,Vietnam,increasing_carbon_tax_50,0.03,0.08,0.02,1,2028,0.25
power_base,VN_ABCD_007_HydroCap_2027,Vietnam Hydropower JSC :: HydroCap :: 2027,VN_ABCD_007,Vietnam Hydropower JSC,VN,Power,HydroCap,2026,9657900,9657900,9640638.4430977,9657900,0.014,0.11,1.2,0.18,56.1,56.1,59598900.9,59598900.9,55184167.49999999,55184167.49999999,VN_PDP8_BASELINE,VN_NZE_STRESS,Vietnam,increasing_carbon_tax_50,0.03,0.08,0.02,1,2028,0.25
power_base,VN_ABCD_007_HydroCap_2027,Vietnam Hydropower JSC :: HydroCap :: 2027,VN_ABCD_007,Vietnam Hydropower JSC,VN,Power,HydroCap,2027,9657900,9657900,9624761.345537394,9657900,0.014,0.11,1.2,0.18,56.2,56.2,59705137.8,59705137.8,51187532.4074074,51187532.4074074,VN_PDP8_BASELINE,VN_NZE_STRESS,Vietnam,increasing_carbon_tax_50,0.03,0.08,0.02,1,2028,0.25
power_base,VN_ABCD_007_HydroCap_2027,Vietnam Hydropower JSC :: HydroCap :: 2027,VN_ABCD_007,Vietnam Hydropower JSC,VN,Power,HydroCap,2028,NA,9685930.60255996,9627338.796440044,9636772.266743729,0.014,0.11,1.2,0.18,56.3,56.3,59984968.22165383,59680530.647943914,47618001.75091911,47376329.389530234,VN_PDP8_BASELINE,VN_NZE_STRESS,Vietnam,increasing_carbon_tax_50,0.03,0.08,0.02,1,2028,0.25
power_base,VN_ABCD_007_HydroCap_2027,Vietnam Hydropower JSC :: HydroCap :: 2027,VN_ABCD_007,Vietnam Hydropower JSC,VN,Power,HydroCap,2029,NA,9713932.824215917,9629621.681525243,9615644.53348746,0.014,0.11,1.2,0.18,56.4,56.65,60265239.241435535,59919888.9104271,44296749.9283754,44042907.12541106,VN_PDP8_BASELINE,VN_NZE_STRESS,Vietnam,increasing_carbon_tax_50,0.03,0.08,0.02,1,2028,0.25
power_base,VN_ABCD_007_HydroCap_2027,Vietnam Hydropower JSC :: HydroCap :: 2027,VN_ABCD_007,Vietnam Hydropower JSC,VN,Power,HydroCap,2030,NA,9752466.79390614,9640373.333862,9594516.800231189,0.014,0.11,1.2,0.18,56.5,57,60611581.12412666,60157620.33744956,41251223.65872879,40942265.575204134,VN_PDP8_BASELINE,VN_NZE_STRESS,Vietnam,increasing_carbon_tax_50,0.03,0.08,0.02,1,2028,0.25
power_base,VN_ABCD_007_HydroCap_2027,Vietnam Hydropower JSC :: HydroCap :: 2027,VN_ABCD_007,Vietnam Hydropower JSC,VN,Power,HydroCap,2031,NA,NA,NA,NA,0.014,0.11,1.2,0.18,NA,NA,61823812.74660919,61360772.74419855,1030396879.1101532,1022679545.7366426,VN_PDP8_BASELINE,VN_NZE_STRESS,Vietnam,increasing_carbon_tax_50,0.03,0.08,0.02,1,2028,0.25
power_base,VN_ABCD_007_HydroCap_2028,Vietnam Hydropower JSC :: HydroCap :: 2028,VN_ABCD_007,Vietnam Hydropower JSC,VN,Power,HydroCap,2025,9855000,9855000,9855000,9855000,0.014,0.11,1.2,0.18,56,56,60706800,60706800,60706800,60706800,VN_PDP8_BASELINE,VN_NZE_STRESS,Vietnam,increasing_carbon_tax_50,0.03,0.08,0.02,1,2028,0.25
power_base,VN_ABCD_007_HydroCap_2028,Vietnam Hydropower JSC :: HydroCap :: 2028,VN_ABCD_007,Vietnam Hydropower JSC,VN,Power,HydroCap,2026,9855000,9855000,9837386.166426225,9855000,0.014,0.11,1.2,0.18,56.1,56.1,60815205,60815205,56310375,56310375,VN_PDP8_BASELINE,VN_NZE_STRESS,Vietnam,increasing_carbon_tax_50,0.03,0.08,0.02,1,2028,0.25
power_base,VN_ABCD_007_HydroCap_2028,Vietnam Hydropower JSC :: HydroCap :: 2028,VN_ABCD_007,Vietnam Hydropower JSC,VN,Power,HydroCap,2027,9855000,9855000,9821185.046466729,9855000,0.014,0.11,1.2,0.18,56.2,56.2,60923610,60923610,52232175.92592592,52232175.92592592,VN_PDP8_BASELINE,VN_NZE_STRESS,Vietnam,increasing_carbon_tax_50,0.03,0.08,0.02,1,2028,0.25
power_base,VN_ABCD_007_HydroCap_2028,Vietnam Hydropower JSC :: HydroCap :: 2028,VN_ABCD_007,Vietnam Hydropower JSC,VN,Power,HydroCap,2028,9855000,9855000,9823815.098408204,9833441.08851401,0.014,0.11,1.2,0.18,56.3,56.3,61032015,60898500.66116726,48449181.2414266,48343193.25462268,VN_PDP8_BASELINE,VN_NZE_STRESS,Vietnam,increasing_carbon_tax_50,0.03,0.08,0.02,1,2028,0.25
power_base,VN_ABCD_007_HydroCap_2028,Vietnam Hydropower JSC :: HydroCap :: 2028,VN_ABCD_007,Vietnam Hydropower JSC,VN,Power,HydroCap,2029,NA,9883573.6955673,9826144.572984943,9811882.17702802,0.014,0.11,1.2,0.18,56.4,56.65,61317691.20729952,61142743.78615011,45070333.541919746,44941741.96470518,VN_PDP8_BASELINE,VN_NZE_STRESS,Vietnam,increasing_carbon_tax_50,0.03,0.08,0.02,1,2028,0.25
power_base,VN_ABCD_007_HydroCap_2028,Vietnam Hydropower JSC :: HydroCap :: 2028,VN_ABCD_007,Vietnam Hydropower JSC,VN,Power,HydroCap,2030,NA,9922894.072802223,9837115.64679796,9790323.26554203,0.014,0.11,1.2,0.18,56.5,57,61670786.662465826,61385326.87494853,41972101.15032752,41777822.015514426,VN_PDP8_BASELINE,VN_NZE_STRESS,Vietnam,increasing_carbon_tax_50,0.03,0.08,0.02,1,2028,0.25
power_base,VN_ABCD_007_HydroCap_2028,Vietnam Hydropower JSC :: HydroCap :: 2028,VN_ABCD_007,Vietnam Hydropower JSC,VN,Power,HydroCap,2031,NA,NA,NA,NA,0.014,0.11,1.2,0.18,NA,NA,62904202.39571514,62613033.412447505,1048403373.261919,1043550556.8741252,VN_PDP8_BASELINE,VN_NZE_STRESS,Vietnam,increasing_carbon_tax_50,0.03,0.08,0.02,1,2028,0.25
power_base,VN_ABCD_007_HydroCap_2029,Vietnam Hydropower JSC :: HydroCap :: 2029,VN_ABCD_007,Vietnam Hydropower JSC,VN,Power,HydroCap,2025,10052100,10052100,10052100,10052100,0.014,0.11,1.2,0.18,56,56,61920936,61920936,61920936,61920936,VN_PDP8_BASELINE,VN_NZE_STRESS,Vietnam,increasing_carbon_tax_50,0.03,0.08,0.02,1,2028,0.25
power_base,VN_ABCD_007_HydroCap_2029,Vietnam Hydropower JSC :: HydroCap :: 2029,VN_ABCD_007,Vietnam Hydropower JSC,VN,Power,HydroCap,2026,10052100,10052100,10034133.88975475,10052100,0.014,0.11,1.2,0.18,56.1,56.1,62031509.1,62031509.1,57436582.5,57436582.5,VN_PDP8_BASELINE,VN_NZE_STRESS,Vietnam,increasing_carbon_tax_50,0.03,0.08,0.02,1,2028,0.25
power_base,VN_ABCD_007_HydroCap_2029,Vietnam Hydropower JSC :: HydroCap :: 2029,VN_ABCD_007,Vietnam Hydropower JSC,VN,Power,HydroCap,2027,10052100,10052100,10017608.747396065,10052100,0.014,0.11,1.2,0.18,56.2,56.2,62142082.2,62142082.2,53276819.44444444,53276819.44444444,VN_PDP8_BASELINE,VN_NZE_STRESS,Vietnam,increasing_carbon_tax_50,0.03,0.08,0.02,1,2028,0.25
power_base,VN_ABCD_007_HydroCap_2029,Vietnam Hydropower JSC :: HydroCap :: 2029,VN_ABCD_007,Vietnam Hydropower JSC,VN,Power,HydroCap,2028,10052100,10052100,10020291.400376368,10030109.91028429,0.014,0.11,1.2,0.18,56.3,56.3,62252655.3,62116470.67439061,49418164.866255134,49310057.11971514,VN_PDP8_BASELINE,VN_NZE_STRESS,Vietnam,increasing_carbon_tax_50,0.03,0.08,0.02,1,2028,0.25
power_base,VN_ABCD_007_HydroCap_2029,Vietnam Hydropower JSC :: HydroCap :: 2029,VN_ABCD_007,Vietnam Hydropower JSC,VN,Power,HydroCap,2029,10052100,10052100,10022667.46444464,10008119.820568578,0.014,0.11,1.2,0.18,56.4,56.65,62363228.4,62365598.661873095,45838834.59076359,45840576.80399926,VN_PDP8_BASELINE,VN_NZE_STRESS,Vietnam,increasing_carbon_tax_50,0.03,0.08,0.02,1,2028,0.25
power_base,VN_ABCD_007_HydroCap_2029,Vietnam Hydropower JSC :: HydroCap :: 2029,VN_ABCD_007,Vietnam Hydropower JSC,VN,Power,HydroCap,2030,NA,10092206.784779629,10033857.959733916,9986129.730852868,0.014,0.11,1.2,0.18,56.5,57,62723065.16740538,62613033.41244748,42688264.21938918,42613378.455824696,VN_PDP8_BASELINE,VN_NZE_STRESS,Vietnam,increasing_carbon_tax_50,0.03,0.08,0.02,1,2028,0.25
power_base,VN_ABCD_007_HydroCap_2029,Vietnam Hydropower JSC :: HydroCap :: 2029,VN_ABCD_007,Vietnam Hydropower JSC,VN,Power,HydroCap,2031,NA,NA,NA,NA,0.014,0.11,1.2,0.18,NA,NA,63977526.47075349,63865294.080696434,1066292107.8458916,1064421568.0116072,VN_PDP8_BASELINE,VN_NZE_STRESS,Vietnam,increasing_carbon_tax_50,0.03,0.08,0.02,1,2028,0.25
power_base,VN_ABCD_007_HydroCap_2030,Vietnam Hydropower JSC :: HydroCap :: 2030,VN_ABCD_007,Vietnam Hydropower JSC,VN,Power,HydroCap,2025,10249200,10249200,10249200,10249200,0.014,0.11,1.2,0.18,56,56,63135072,63135072,63135072,63135072,VN_PDP8_BASELINE,VN_NZE_STRESS,Vietnam,increasing_carbon_tax_50,0.03,0.08,0.02,1,2028,0.25
power_base,VN_ABCD_007_HydroCap_2030,Vietnam Hydropower JSC :: HydroCap :: 2030,VN_ABCD_007,Vietnam Hydropower JSC,VN,Power,HydroCap,2026,10249200,10249200,10230881.613083271,10249200,0.014,0.11,1.2,0.18,56.1,56.1,63247813.2,63247813.2,58562790,58562790,VN_PDP8_BASELINE,VN_NZE_STRESS,Vietnam,increasing_carbon_tax_50,0.03,0.08,0.02,1,2028,0.25
power_base,VN_ABCD_007_HydroCap_2030,Vietnam Hydropower JSC :: HydroCap :: 2030,VN_ABCD_007,Vietnam Hydropower JSC,VN,Power,HydroCap,2027,10249200,10249200,10214032.448325396,10249200,0.014,0.11,1.2,0.18,56.2,56.2,63360554.4,63360554.4,54321462.962962955,54321462.962962955,VN_PDP8_BASELINE,VN_NZE_STRESS,Vietnam,increasing_carbon_tax_50,0.03,0.08,0.02,1,2028,0.25
power_base,VN_ABCD_007_HydroCap_2030,Vietnam Hydropower JSC :: HydroCap :: 2030,VN_ABCD_007,Vietnam Hydropower JSC,VN,Power,HydroCap,2028,10249200,10249200,10216767.702344537,10226778.73205457,0.014,0.11,1.2,0.18,56.3,56.3,63473295.6,63334440.68761396,50387148.491083674,50276920.9848076,VN_PDP8_BASELINE,VN_NZE_STRESS,Vietnam,increasing_carbon_tax_50,0.03,0.08,0.02,1,2028,0.25
power_base,VN_ABCD_007_HydroCap_2030,Vietnam Hydropower JSC :: HydroCap :: 2030,VN_ABCD_007,Vietnam Hydropower JSC,VN,Power,HydroCap,2029,10249200,10249200,10219190.35590434,10204357.464109143,0.014,0.11,1.2,0.18,56.4,56.65,63586036.8,63588453.53759612,46737635.26901386,46739411.64329338,VN_PDP8_BASELINE,VN_NZE_STRESS,Vietnam,increasing_carbon_tax_50,0.03,0.08,0.02,1,2028,0.25
power_base,VN_ABCD_007_HydroCap_2030,Vietnam Hydropower JSC :: HydroCap :: 2030,VN_ABCD_007,Vietnam Hydropower JSC,VN,Power,HydroCap,2030,10249200,10249200,10230600.272669878,10181936.196163714,0.014,0.11,1.2,0.18,56.5,57,63698778,63840739.94994648,43352317.97838329,43448934.896135,VN_PDP8_BASELINE,VN_NZE_STRESS,Vietnam,increasing_carbon_tax_50,0.03,0.08,0.02,1,2028,0.25
power_base,VN_ABCD_007_HydroCap_2030,Vietnam Hydropower JSC :: HydroCap :: 2030,VN_ABCD_007,Vietnam Hydropower JSC,VN,Power,HydroCap,2031,NA,NA,NA,NA,0.014,0.11,1.2,0.18,NA,NA,64972753.56,65117554.74894541,1082879226,1085292579.14909,VN_PDP8_BASELINE,VN_NZE_STRESS,Vietnam,increasing_carbon_tax_50,0.03,0.08,0.02,1,2028,0.25
power_base,VN_ABCD_008_RenewablesCap_2025,NA,VN_ABCD_008,NA,NA,Power,RenewablesCap,2025,NA,NA,NA,NA,NA,NA,NA,NA,NA,NA,14348880,NA,14348880,NA,VN_PDP8_BASELINE,VN_NZE_STRESS,Vietnam,increasing_carbon_tax_50,0.03,0.08,0.02,1,2028,0.25
power_base,VN_ABCD_008_RenewablesCap_2025,NA,VN_ABCD_008,NA,NA,Power,RenewablesCap,2026,NA,NA,NA,NA,NA,NA,NA,NA,NA,NA,14887456.687145729,NA,13784682.117727526,NA,VN_PDP8_BASELINE,VN_NZE_STRESS,Vietnam,increasing_carbon_tax_50,0.03,0.08,0.02,1,2028,0.25
power_base,VN_ABCD_008_RenewablesCap_2025,NA,VN_ABCD_008,NA,NA,Power,RenewablesCap,2027,NA,NA,NA,NA,NA,NA,NA,NA,NA,NA,15424790.178191869,NA,13224271.414773548,NA,VN_PDP8_BASELINE,VN_NZE_STRESS,Vietnam,increasing_carbon_tax_50,0.03,0.08,0.02,1,2028,0.25
power_base,VN_ABCD_008_RenewablesCap_2025,NA,VN_ABCD_008,NA,NA,Power,RenewablesCap,2028,NA,NA,NA,NA,NA,NA,NA,NA,NA,NA,15989761.19243162,NA,12693187.960765334,NA,VN_PDP8_BASELINE,VN_NZE_STRESS,Vietnam,increasing_carbon_tax_50,0.03,0.08,0.02,1,2028,0.25
power_base,VN_ABCD_008_RenewablesCap_2025,NA,VN_ABCD_008,NA,NA,Power,RenewablesCap,2029,NA,NA,NA,NA,NA,NA,NA,NA,NA,NA,16566694.400827728,NA,12177014.94676423,NA,VN_PDP8_BASELINE,VN_NZE_STRESS,Vietnam,increasing_carbon_tax_50,0.03,0.08,0.02,1,2028,0.25
power_base,VN_ABCD_008_RenewablesCap_2025,NA,VN_ABCD_008,NA,NA,Power,RenewablesCap,2030,NA,NA,NA,NA,NA,NA,NA,NA,NA,NA,17130636.205701765,NA,11658823.156098666,NA,VN_PDP8_BASELINE,VN_NZE_STRESS,Vietnam,increasing_carbon_tax_50,0.03,0.08,0.02,1,2028,0.25
power_base,VN_ABCD_008_RenewablesCap_2025,NA,VN_ABCD_008,NA,NA,Power,RenewablesCap,2031,NA,NA,NA,NA,NA,NA,NA,NA,NA,NA,17473248.9298158,NA,291220815.49693,NA,VN_PDP8_BASELINE,VN_NZE_STRESS,Vietnam,increasing_carbon_tax_50,0.03,0.08,0.02,1,2028,0.25
power_base,VN_ABCD_008_RenewablesCap_2026,Trung Nam Group :: RenewablesCap :: 2026,VN_ABCD_008,Trung Nam Group,VN,Power,RenewablesCap,2025,3547800,3547800,3547800,3547800,0.021,0.1,2,0.3,52,52,18448560,18448560,18448560,18448560,VN_PDP8_BASELINE,VN_NZE_STRESS,Vietnam,increasing_carbon_tax_50,0.03,0.08,0.02,1,2028,0.25
power_base,VN_ABCD_008_RenewablesCap_2026,Trung Nam Group :: RenewablesCap :: 2026,VN_ABCD_008,Trung Nam Group,VN,Power,RenewablesCap,2026,3618755.999999999,3618755.999999999,3716611.4618948423,3618755.999999999,0.021,0.1,2,0.3,52.2,52.2,18889906.32,18889906.32,17490654,17490654,VN_PDP8_BASELINE,VN_NZE_STRESS,Vietnam,increasing_carbon_tax_50,0.03,0.08,0.02,1,2028,0.25
power_base,VN_ABCD_008_RenewablesCap_2026,Trung Nam Group :: RenewablesCap :: 2026,VN_ABCD_008,Trung Nam Group,VN,Power,RenewablesCap,2027,NA,3736603.351253992,3895436.4783495846,3736603.351253992,0.021,0.1,2,0.3,52.4,52.4,19579801.56057092,19579801.56057092,16786523.971682884,16786523.971682884,VN_PDP8_BASELINE,VN_NZE_STRESS,Vietnam,increasing_carbon_tax_50,0.03,0.08,0.02,1,2028,0.25
power_base,VN_ABCD_008_RenewablesCap_2026,Trung Nam Group :: RenewablesCap :: 2026,VN_ABCD_008,Trung Nam Group,VN,Power,RenewablesCap,2028,NA,3860310.030329586,4085872.1972495113,4051700.9579743687,0.021,0.1,2,0.3,52.6,52.6,20305230.759533625,20305230.759533625,16118946.83827226,16118946.83827226,VN_PDP8_BASELINE,VN_NZE_STRESS,Vietnam,increasing_carbon_tax_50,0.03,0.08,0.02,1,2028,0.25
power_base,VN_ABCD_008_RenewablesCap_2026,Trung Nam Group :: RenewablesCap :: 2026,VN_ABCD_008,Trung Nam Group,VN,Power,RenewablesCap,2029,NA,3985992.4095476614,4281023.614309374,4366798.5646947455,0.021,0.1,2,0.3,52.8,54.3,21046039.92241165,21643938.7838438,15469467.626118517,15908941.138224157,VN_PDP8_BASELINE,VN_NZE_STRESS,Vietnam,increasing_carbon_tax_50,0.03,0.08,0.02,1,2028,0.25
power_base,VN_ABCD_008_RenewablesCap_2026,Trung Nam Group :: RenewablesCap :: 2026,VN_ABCD_008,Trung Nam Group,VN,Power,RenewablesCap,2030,NA,4107574.689092427,4476811.293534918,4681896.171415122,0.021,0.1,2,0.3,53,56,21770145.85218987,23002418.258917596,14816395.463974476,15655059.35816171,VN_PDP8_BASELINE,VN_NZE_STRESS,Vietnam,increasing_carbon_tax_50,0.03,0.08,0.02,1,2028,0.25
power_base,VN_ABCD_008_RenewablesCap_2026,Trung Nam Group :: RenewablesCap :: 2026,VN_ABCD_008,Trung Nam Group,VN,Power,RenewablesCap,2031,NA,NA,NA,NA,0.021,0.1,2,0.3,NA,NA,22205548.769233663,23462466.62409595,370092479.4872278,391041110.4015992,VN_PDP8_BASELINE,VN_NZE_STRESS,Vietnam,increasing_carbon_tax_50,0.03,0.08,0.02,1,2028,0.25
power_base,VN_ABCD_008_RenewablesCap_2027,Trung Nam Group :: RenewablesCap :: 2027,VN_ABCD_008,Trung Nam Group,VN,Power,RenewablesCap,2025,4204800.000000001,4204800.000000001,4204800.000000001,4204800.000000001,0.021,0.1,2,0.3,52,52,21864960.000000007,21864960.000000007,21864960.000000007,21864960.000000007,VN_PDP8_BASELINE,VN_NZE_STRESS,Vietnam,increasing_carbon_tax_50,0.03,0.08,0.02,1,2028,0.25
power_base,VN_ABCD_008_RenewablesCap_2027,Trung Nam Group :: RenewablesCap :: 2027,VN_ABCD_008,Trung Nam Group,VN,Power,RenewablesCap,2026,4288896.000000001,4288896.000000001,4404872.843727222,4288896.000000001,0.021,0.1,2,0.3,52.2,52.2,22388037.120000005,22388037.120000005,20729664.000000004,20729664.000000004,VN_PDP8_BASELINE,VN_NZE_STRESS,Vietnam,increasing_carbon_tax_50,0.03,0.08,0.02,1,2028,0.25
power_base,VN_ABCD_008_RenewablesCap_2027,Trung Nam Group :: RenewablesCap :: 2027,VN_ABCD_008,Trung Nam Group,VN,Power,RenewablesCap,2027,4372992,4372992,4616813.603969879,4372992,0.021,0.1,2,0.3,52.4,52.4,22914478.08,22914478.08,19645471.60493827,19645471.60493827,VN_PDP8_BASELINE,VN_NZE_STRESS,Vietnam,increasing_carbon_tax_50,0.03,0.08,0.02,1,2028,0.25
power_base,VN_ABCD_008_RenewablesCap_2027,Trung Nam Group :: RenewablesCap :: 2027,VN_ABCD_008,Trung Nam Group,VN,Power,RenewablesCap,2028,NA,4519607.323348852,4842515.196740163,4783490.971918663,0.021,0.1,2,0.3,52.6,52.6,23773134.520814963,23773134.520814963,18871880.6527325,18871880.6527325,VN_PDP8_BASELINE,VN_NZE_STRESS,Vietnam,increasing_carbon_tax_50,0.03,0.08,0.02,1,2028,0.25
power_base,VN_ABCD_008_RenewablesCap_2027,Trung Nam Group :: RenewablesCap :: 2027,VN_ABCD_008,Trung Nam Group,VN,Power,RenewablesCap,2029,NA,4668564.217236941,5073805.765107407,5193989.943837327,0.021,0.1,2,0.3,52.8,54.3,24650019.067011047,25350303.69959659,18118499.886254895,18633229.996659867,VN_PDP8_BASELINE,VN_NZE_STRESS,Vietnam,increasing_carbon_tax_50,0.03,0.08,0.02,1,2028,0.25
power_base,VN_ABCD_008_RenewablesCap_2027,Trung Nam Group :: RenewablesCap :: 2027,VN_ABCD_008,Trung Nam Group,VN,Power,RenewablesCap,2030,NA,4812661.733734441,5305850.421967311,5604488.91575599,0.021,0.1,2,0.3,53,56,25507107.18879254,26950905.708912876,17359708.55763105,18342333.570327148,VN_PDP8_BASELINE,VN_NZE_STRESS,Vietnam,increasing_carbon_tax_50,0.03,0.08,0.02,1,2028,0.25
power_base,VN_ABCD_008_RenewablesCap_2027,Trung Nam Group :: RenewablesCap :: 2027,VN_ABCD_008,Trung Nam Group,VN,Power,RenewablesCap,2031,NA,NA,NA,NA,0.021,0.1,2,0.3,NA,NA,26017249.332568392,27489923.823091134,433620822.2094732,458165397.0515189,VN_PDP8_BASELINE,VN_NZE_STRESS,Vietnam,increasing_carbon_tax_50,0.03,0.08,0.02,1,2028,0.25
power_base,VN_ABCD_008_RenewablesCap_2028,Trung Nam Group :: RenewablesCap :: 2028,VN_ABCD_008,Trung Nam Group,VN,Power,RenewablesCap,2025,4993200,4993200,4993200,4993200,0.021,0.1,2,0.3,52,52,25964640,25964640,25964640,25964640,VN_PDP8_BASELINE,VN_NZE_STRESS,Vietnam,increasing_carbon_tax_50,0.03,0.08,0.02,1,2028,0.25
power_base,VN_ABCD_008_RenewablesCap_2028,Trung Nam Group :: RenewablesCap :: 2028,VN_ABCD_008,Trung Nam Group,VN,Power,RenewablesCap,2026,5093064,5093064,5230786.501926075,5093064,0.021,0.1,2,0.3,52.2,52.2,26585794.08,26585794.08,24616476,24616476,VN_PDP8_BASELINE,VN_NZE_STRESS,Vietnam,increasing_carbon_tax_50,0.03,0.08,0.02,1,2028,0.25
power_base,VN_ABCD_008_RenewablesCap_2028,Trung Nam Group :: RenewablesCap :: 2028,VN_ABCD_008,Trung Nam Group,VN,Power,RenewablesCap,2027,5192928,5192928,5482466.154714231,5192928,0.021,0.1,2,0.3,52.4,52.4,27210942.72,27210942.72,23328997.53086419,23328997.53086419,VN_PDP8_BASELINE,VN_NZE_STRESS,Vietnam,increasing_carbon_tax_50,0.03,0.08,0.02,1,2028,0.25
power_base,VN_ABCD_008_RenewablesCap_2028,Trung Nam Group :: RenewablesCap :: 2028,VN_ABCD_008,Trung Nam Group,VN,Power,RenewablesCap,2028,5292792,5292792,5750486.796128942,5680395.529153411,0.021,0.1,2,0.3,52.6,52.6,27840085.92,27840085.92,22100357.79606767,22100357.79606767,VN_PDP8_BASELINE,VN_NZE_STRESS,Vietnam,increasing_carbon_tax_50,0.03,0.08,0.02,1,2028,0.25
power_base,VN_ABCD_008_RenewablesCap_2028,Trung Nam Group :: RenewablesCap :: 2028,VN_ABCD_008,Trung Nam Group,VN,Power,RenewablesCap,2029,NA,5469678.311492106,6025144.346065045,6167863.0583068235,0.021,0.1,2,0.3,52.8,54.3,28879901.484678317,29700353.231402133,21227589.737059176,21830646.263680175,VN_PDP8_BASELINE,VN_NZE_STRESS,Vietnam,increasing_carbon_tax_50,0.03,0.08,0.02,1,2028,0.25
power_base,VN_ABCD_008_RenewablesCap_2028,Trung Nam Group :: RenewablesCap :: 2028,VN_ABCD_008,Trung Nam Group,VN,Power,RenewablesCap,2030,NA,5640794.112332887,6300697.37608618,6655330.587460235,0.021,0.1,2,0.3,53,56,29896208.795364305,31588447.029064167,20346857.361137643,21498566.268371847,VN_PDP8_BASELINE,VN_NZE_STRESS,Vietnam,increasing_carbon_tax_50,0.03,0.08,0.02,1,2028,0.25
power_base,VN_ABCD_008_RenewablesCap_2028,Trung Nam Group :: RenewablesCap :: 2028,VN_ABCD_008,Trung Nam Group,VN,Power,RenewablesCap,2031,NA,NA,NA,NA,0.021,0.1,2,0.3,NA,NA,30494132.971271593,32220215.96964545,508235549.52119327,537003599.4940909,VN_PDP8_BASELINE,VN_NZE_STRESS,Vietnam,increasing_carbon_tax_50,0.03,0.08,0.02,1,2028,0.25
power_base,VN_ABCD_008_RenewablesCap_2029,Trung Nam Group :: RenewablesCap :: 2029,VN_ABCD_008,Trung Nam Group,VN,Power,RenewablesCap,2025,5781600,5781600,5781600,5781600,0.021,0.1,2,0.3,52,52,30064320,30064320,30064320,30064320,VN_PDP8_BASELINE,VN_NZE_STRESS,Vietnam,increasing_carbon_tax_50,0.03,0.08,0.02,1,2028,0.25
power_base,VN_ABCD_008_RenewablesCap_2029,Trung Nam Group :: RenewablesCap :: 2029,VN_ABCD_008,Trung Nam Group,VN,Power,RenewablesCap,2026,5897231.999999999,5897231.999999999,6056700.160124929,5897231.999999999,0.021,0.1,2,0.3,52.2,52.2,30783551.04,30783551.04,28503287.999999996,28503287.999999996,VN_PDP8_BASELINE,VN_NZE_STRESS,Vietnam,increasing_carbon_tax_50,0.03,0.08,0.02,1,2028,0.25
power_base,VN_ABCD_008_RenewablesCap_2029,Trung Nam Group :: RenewablesCap :: 2029,VN_ABCD_008,Trung Nam Group,VN,Power,RenewablesCap,2027,6012864,6012864,6348118.705458582,6012864,0.021,0.1,2,0.3,52.4,52.4,31507407.36,31507407.36,27012523.45679012,27012523.45679012,VN_PDP8_BASELINE,VN_NZE_STRESS,Vietnam,increasing_carbon_tax_50,0.03,0.08,0.02,1,2028,0.25
power_base,VN_ABCD_008_RenewablesCap_2029,Trung Nam Group :: RenewablesCap :: 2029,VN_ABCD_008,Trung Nam Group,VN,Power,RenewablesCap,2028,6128496,6128496,6658458.395517722,6577300.0863881605,0.021,0.1,2,0.3,52.6,52.6,32235888.960000005,32235888.96,25589887.974394143,25589887.974394143,VN_PDP8_BASELINE,VN_NZE_STRESS,Vietnam,increasing_carbon_tax_50,0.03,0.08,0.02,1,2028,0.25
power_base,VN_ABCD_008_RenewablesCap_2029,Trung Nam Group :: RenewablesCap :: 2029,VN_ABCD_008,Trung Nam Group,VN,Power,RenewablesCap,2029,6244128.000000001,6244128.000000001,6976482.927022684,7141736.172776322,0.021,0.1,2,0.3,52.8,54.3,32968995.840000004,33905615.04,24233196.159122083,24921639.23182441,VN_PDP8_BASELINE,VN_NZE_STRESS,Vietnam,increasing_carbon_tax_50,0.03,0.08,0.02,1,2028,0.25
power_base,VN_ABCD_008_RenewablesCap_2029,Trung Nam Group :: RenewablesCap :: 2029,VN_ABCD_008,Trung Nam Group,VN,Power,RenewablesCap,2030,NA,6442262.085184064,7295544.330205051,7706172.259164482,0.021,0.1,2,0.3,53,56,34143989.05147554,36076667.67703076,23237825.22813868,24553173.82595785,VN_PDP8_BASELINE,VN_NZE_STRESS,Vietnam,increasing_carbon_tax_50,0.03,0.08,0.02,1,2028,0.25
power_base,VN_ABCD_008_RenewablesCap_2029,Trung Nam Group :: RenewablesCap :: 2029,VN_ABCD_008,Trung Nam Group,VN,Power,RenewablesCap,2031,NA,NA,NA,NA,0.021,0.1,2,0.3,NA,NA,34826868.832505055,36798201.03057137,580447813.8750843,613303350.5095229,VN_PDP8_BASELINE,VN_NZE_STRESS,Vietnam,increasing_carbon_tax_50,0.03,0.08,0.02,1,2028,0.25
power_base,VN_ABCD_008_RenewablesCap_2030,Trung Nam Group :: RenewablesCap :: 2030,VN_ABCD_008,Trung Nam Group,VN,Power,RenewablesCap,2025,6570000,6570000,6570000,6570000,0.021,0.1,2,0.3,52,52,34164000,34164000,34164000,34164000,VN_PDP8_BASELINE,VN_NZE_STRESS,Vietnam,increasing_carbon_tax_50,0.03,0.08,0.02,1,2028,0.25
power_base,VN_ABCD_008_RenewablesCap_2030,Trung Nam Group :: RenewablesCap :: 2030,VN_ABCD_008,Trung Nam Group,VN,Power,RenewablesCap,2026,6701400,6701400,6882613.818323782,6701400,0.021,0.1,2,0.3,52.2,52.2,34981308,34981308,32390099.999999996,32390099.999999996,VN_PDP8_BASELINE,VN_NZE_STRESS,Vietnam,increasing_carbon_tax_50,0.03,0.08,0.02,1,2028,0.25
power_base,VN_ABCD_008_RenewablesCap_2030,Trung Nam Group :: RenewablesCap :: 2030,VN_ABCD_008,Trung Nam Group,VN,Power,RenewablesCap,2027,6832800,6832800,7213771.256202935,6832800,0.021,0.1,2,0.3,52.4,52.4,35803872,35803872,30696049.38271605,30696049.38271605,VN_PDP8_BASELINE,VN_NZE_STRESS,Vietnam,increasing_carbon_tax_50,0.03,0.08,0.02,1,2028,0.25
power_base,VN_ABCD_008_RenewablesCap_2030,Trung Nam Group :: RenewablesCap :: 2030,VN_ABCD_008,Trung Nam Group,VN,Power,RenewablesCap,2028,6964200,6964200,7566429.994906503,7474204.64362291,0.021,0.1,2,0.3,52.6,52.6,36631692,36631692,29079418.15272062,29079418.15272062,VN_PDP8_BASELINE,VN_NZE_STRESS,Vietnam,increasing_carbon_tax_50,0.03,0.08,0.02,1,2028,0.25
power_base,VN_ABCD_008_RenewablesCap_2030,Trung Nam Group :: RenewablesCap :: 2030,VN_ABCD_008,Trung Nam Group,VN,Power,RenewablesCap,2029,7095600,7095600,7927821.507980323,8115609.28724582,0.021,0.1,2,0.3,52.8,54.3,37464768,38529108.00000001,27537722.908093274,28320044.581618655,VN_PDP8_BASELINE,VN_NZE_STRESS,Vietnam,increasing_carbon_tax_50,0.03,0.08,0.02,1,2028,0.25
power_base,VN_ABCD_008_RenewablesCap_2030,Trung Nam Group :: RenewablesCap :: 2030,VN_ABCD_008,Trung Nam Group,VN,Power,RenewablesCap,2030,7227000,7227000,8290391.28432392,8757013.93086873,0.021,0.1,2,0.3,53,56,38303100,40471200,26068446.25430354,27544018.68379242,VN_PDP8_BASELINE,VN_NZE_STRESS,Vietnam,increasing_carbon_tax_50,0.03,0.08,0.02,1,2028,0.25
power_base,VN_ABCD_008_RenewablesCap_2030,Trung Nam Group :: RenewablesCap :: 2030,VN_ABCD_008,Trung Nam Group,VN,Power,RenewablesCap,2031,NA,NA,NA,NA,0.021,0.1,2,0.3,NA,NA,39069162,41280624,651152700,688010400,VN_PDP8_BASELINE,VN_NZE_STRESS,Vietnam,increasing_carbon_tax_50,0.03,0.08,0.02,1,2028,0.25
power_base,VN_ABCD_009_RenewablesCap_2025,NA,VN_ABCD_009,NA,NA,Power,RenewablesCap,2025,NA,NA,NA,NA,NA,NA,NA,NA,NA,NA,5296786.56,NA,5296786.56,NA,VN_PDP8_BASELINE,VN_NZE_STRESS,Vietnam,increasing_carbon_tax_50,0.03,0.08,0.02,1,2028,0.25
power_base,VN_ABCD_009_RenewablesCap_2025,NA,VN_ABCD_009,NA,NA,Power,RenewablesCap,2026,NA,NA,NA,NA,NA,NA,NA,NA,NA,NA,5495598.297083508,NA,5088516.941743989,NA,VN_PDP8_BASELINE,VN_NZE_STRESS,Vietnam,increasing_carbon_tax_50,0.03,0.08,0.02,1,2028,0.25
power_base,VN_ABCD_009_RenewablesCap_2025,NA,VN_ABCD_009,NA,NA,Power,RenewablesCap,2027,NA,NA,NA,NA,NA,NA,NA,NA,NA,NA,5693951.117206827,NA,4881645.333682122,NA,VN_PDP8_BASELINE,VN_NZE_STRESS,Vietnam,increasing_carbon_tax_50,0.03,0.08,0.02,1,2028,0.25
power_base,VN_ABCD_009_RenewablesCap_2025,NA,VN_ABCD_009,NA,NA,Power,RenewablesCap,2028,NA,NA,NA,NA,NA,NA,NA,NA,NA,NA,5902506.131606186,NA,4685599.670088231,NA,VN_PDP8_BASELINE,VN_NZE_STRESS,Vietnam,increasing_carbon_tax_50,0.03,0.08,0.02,1,2028,0.25
power_base,VN_ABCD_009_RenewablesCap_2025,NA,VN_ABCD_009,NA,NA,Power,RenewablesCap,2029,NA,NA,NA,NA,NA,NA,NA,NA,NA,NA,6115476.904534122,NA,4495058.088919825,NA,VN_PDP8_BASELINE,VN_NZE_STRESS,Vietnam,increasing_carbon_tax_50,0.03,0.08,0.02,1,2028,0.25
power_base,VN_ABCD_009_RenewablesCap_2025,NA,VN_ABCD_009,NA,NA,Power,RenewablesCap,2030,NA,NA,NA,NA,NA,NA,NA,NA,NA,NA,6323651.993647622,NA,4303771.290765564,NA,VN_PDP8_BASELINE,VN_NZE_STRESS,Vietnam,increasing_carbon_tax_50,0.03,0.08,0.02,1,2028,0.25
power_base,VN_ABCD_009_RenewablesCap_2025,NA,VN_ABCD_009,NA,NA,Power,RenewablesCap,2031,NA,NA,NA,NA,NA,NA,NA,NA,NA,NA,6450125.033520575,NA,107502083.8920096,NA,VN_PDP8_BASELINE,VN_NZE_STRESS,Vietnam,increasing_carbon_tax_50,0.03,0.08,0.02,1,2028,0.25
power_base,VN_ABCD_009_RenewablesCap_2026,BIM Group :: RenewablesCap :: 2026,VN_ABCD_009,BIM Group,VN,Power,RenewablesCap,2025,1103760,1103760,1103760,1103760,0.018,0.102,1.7,0.27,52,52,5854343.04,5854343.04,5854343.04,5854343.04,VN_PDP8_BASELINE,VN_NZE_STRESS,Vietnam,increasing_carbon_tax_50,0.03,0.08,0.02,1,2028,0.25
power_base,VN_ABCD_009_RenewablesCap_2026,BIM Group :: RenewablesCap :: 2026,VN_ABCD_009,BIM Group,VN,Power,RenewablesCap,2026,1125835.2000000002,1125835.2000000002,1156279.1214783955,1125835.2000000002,0.018,0.102,1.7,0.27,52.2,52.2,5994396.938880001,5994396.938880001,5550367.536,5550367.536,VN_PDP8_BASELINE,VN_NZE_STRESS,Vietnam,increasing_carbon_tax_50,0.03,0.08,0.02,1,2028,0.25
power_base,VN_ABCD_009_RenewablesCap_2026,BIM Group :: RenewablesCap :: 2026,VN_ABCD_009,BIM Group,VN,Power,RenewablesCap,2027,NA,1162498.8203901316,1211913.5710420932,1162498.8203901316,0.018,0.102,1.7,0.27,52.4,52.4,6213323.6952211745,6213323.6952211745,5326923.607014038,5326923.607014038,VN_PDP8_BASELINE,VN_NZE_STRESS,Vietnam,increasing_carbon_tax_50,0.03,0.08,0.02,1,2028,0.25
power_base,VN_ABCD_009_RenewablesCap_2026,BIM Group :: RenewablesCap :: 2026,VN_ABCD_009,BIM Group,VN,Power,RenewablesCap,2028,NA,1200985.342769205,1271160.2391442922,1260529.1869253595,0.018,0.102,1.7,0.27,52.6,52.6,6443526.561025339,6443526.561025339,5115079.130011732,5115079.130011732,VN_PDP8_BASELINE,VN_NZE_STRESS,Vietnam,increasing_carbon_tax_50,0.03,0.08,0.02,1,2028,0.25
power_base,VN_ABCD_009_RenewablesCap_2026,BIM Group :: RenewablesCap :: 2026,VN_ABCD_009,BIM Group,VN,Power,RenewablesCap,2029,NA,1240086.5274148288,1331874.013340694,1358559.5534605873,0.018,0.102,1.7,0.27,52.8,54.3,6678610.002045302,6868343.24073977,4908977.726688279,5048437.321196468,VN_PDP8_BASELINE,VN_NZE_STRESS,Vietnam,increasing_carbon_tax_50,0.03,0.08,0.02,1,2028,0.25
power_base,VN_ABCD_009_RenewablesCap_2026,BIM Group :: RenewablesCap :: 2026,VN_ABCD_009,BIM Group,VN,Power,RenewablesCap,2030,NA,1277912.1254954222,1392785.7357664187,1456589.9199958153,0.018,0.102,1.7,0.27,53,56,6908392.950428252,7299434.060829852,4701736.160567901,4967872.16965665,VN_PDP8_BASELINE,VN_NZE_STRESS,Vietnam,increasing_carbon_tax_50,0.03,0.08,0.02,1,2028,0.25
power_base,VN_ABCD_009_RenewablesCap_2026,BIM Group :: RenewablesCap :: 2026,VN_ABCD_009,BIM Group,VN,Power,RenewablesCap,2031,NA,NA,NA,NA,0.018,0.102,1.7,0.27,NA,NA,7046560.809436818,7445422.742046449,117442680.1572803,124090379.03410748,VN_PDP8_BASELINE,VN_NZE_STRESS,Vietnam,increasing_carbon_tax_50,0.03,0.08,0.02,1,2028,0.25
power_base,VN_ABCD_009_RenewablesCap_2027,BIM Group :: RenewablesCap :: 2027,VN_ABCD_009,BIM Group,VN,Power,RenewablesCap,2025,1208880.0000000002,1208880.0000000002,1208880.0000000002,1208880.0000000002,0.018,0.102,1.7,0.27,52,52,6411899.520000001,6411899.520000001,6411899.520000001,6411899.520000001,VN_PDP8_BASELINE,VN_NZE_STRESS,Vietnam,increasing_carbon_tax_50,0.03,0.08,0.02,1,2028,0.25
power_base,VN_ABCD_009_RenewablesCap_2027,BIM Group :: RenewablesCap :: 2027,VN_ABCD_009,BIM Group,VN,Power,RenewablesCap,2026,1233057.6,1233057.6,1266400.9425715762,1233057.6,0.018,0.102,1.7,0.27,52.2,52.2,6565291.88544,6565291.88544,6078973.968,6078973.968,VN_PDP8_BASELINE,VN_NZE_STRESS,Vietnam,increasing_carbon_tax_50,0.03,0.08,0.02,1,2028,0.25
power_base,VN_ABCD_009_RenewablesCap_2027,BIM Group :: RenewablesCap :: 2027,VN_ABCD_009,BIM Group,VN,Power,RenewablesCap,2027,1257235.2000000004,1257235.2000000004,1327333.9111413404,1257235.2000000004,0.018,0.102,1.7,0.27,52.4,52.4,6719670.696960001,6719670.696960001,5761034.548148149,5761034.548148149,VN_PDP8_BASELINE,VN_NZE_STRESS,Vietnam,increasing_carbon_tax_50,0.03,0.08,0.02,1,2028,0.25
power_base,VN_ABCD_009_RenewablesCap_2027,BIM Group :: RenewablesCap :: 2027,VN_ABCD_009,BIM Group,VN,Power,RenewablesCap,2028,NA,1299387.1054627956,1392223.1190627967,1375253.654426616,0.018,0.102,1.7,0.27,52.6,52.6,6971471.698228991,6971471.698228991,5534179.001413807,5534179.001413807,VN_PDP8_BASELINE,VN_NZE_STRESS,Vietnam,increasing_carbon_tax_50,0.03,0.08,0.02,1,2028,0.25
power_base,VN_ABCD_009_RenewablesCap_2027,BIM Group :: RenewablesCap :: 2027,VN_ABCD_009,BIM Group,VN,Power,RenewablesCap,2029,NA,1342212.212455621,1458719.1574683797,1493272.1088532314,0.018,0.102,1.7,0.27,52.8,54.3,7228618.091400991,7433976.559906702,5313250.09164425,5464194.696520506,VN_PDP8_BASELINE,VN_NZE_STRESS,Vietnam,increasing_carbon_tax_50,0.03,0.08,0.02,1,2028,0.25
power_base,VN_ABCD_009_RenewablesCap_2027,BIM Group :: RenewablesCap :: 2027,VN_ABCD_009,BIM Group,VN,Power,RenewablesCap,2030,NA,1383640.2484486522,1525431.9963156015,1611290.563279847,0.018,0.102,1.7,0.27,53,56,7479959.183113413,7903353.099138702,5090734.534525305,5378889.319498437,VN_PDP8_BASELINE,VN_NZE_STRESS,Vietnam,increasing_carbon_tax_50,0.03,0.08,0.02,1,2028,0.25
power_base,VN_ABCD_009_RenewablesCap_2027,BIM Group :: RenewablesCap :: 2027,VN_ABCD_009,BIM Group,VN,Power,RenewablesCap,2031,NA,NA,NA,NA,0.018,0.102,1.7,0.27,NA,NA,7629558.366775681,8061420.161121476,127159306.11292803,134357002.68535796,VN_PDP8_BASELINE,VN_NZE_STRESS,Vietnam,increasing_carbon_tax_50,0.03,0.08,0.02,1,2028,0.25
power_base,VN_ABCD_009_RenewablesCap_2028,BIM Group :: RenewablesCap :: 2028,VN_ABCD_009,BIM Group,VN,Power,RenewablesCap,2025,1340280,1340280,1340280,1340280,0.018,0.102,1.7,0.27,52,52,7108845.119999999,7108845.119999999,7108845.119999999,7108845.119999999,VN_PDP8_BASELINE,VN_NZE_STRESS,Vietnam,increasing_carbon_tax_50,0.03,0.08,0.02,1,2028,0.25
power_base,VN_ABCD_009_RenewablesCap_2028,BIM Group :: RenewablesCap :: 2028,VN_ABCD_009,BIM Group,VN,Power,RenewablesCap,2026,1367085.6,1367085.6,1404053.2189380515,1367085.6,0.018,0.102,1.7,0.27,52.2,52.2,7278910.56864,7278910.56864,6739732.007999999,6739732.007999999,VN_PDP8_BASELINE,VN_NZE_STRESS,Vietnam,increasing_carbon_tax_50,0.03,0.08,0.02,1,2028,0.25
power_base,VN_ABCD_009_RenewablesCap_2028,BIM Group :: RenewablesCap :: 2028,VN_ABCD_009,BIM Group,VN,Power,RenewablesCap,2027,1393891.2,1393891.2,1471609.336265399,1393891.2,0.018,0.102,1.7,0.27,52.4,52.4,7450069.685759999,7450069.685759999,6387233.955555554,6387233.955555554,VN_PDP8_BASELINE,VN_NZE_STRESS,Vietnam,increasing_carbon_tax_50,0.03,0.08,0.02,1,2028,0.25
power_base,VN_ABCD_009_RenewablesCap_2028,BIM Group :: RenewablesCap :: 2028,VN_ABCD_009,BIM Group,VN,Power,RenewablesCap,2028,1420696.8,1420696.8,1543551.7189609264,1524737.7472990735,0.018,0.102,1.7,0.27,52.6,52.6,7622322.47136,7622322.47136,6050845.329218106,6050845.329218106,VN_PDP8_BASELINE,VN_NZE_STRESS,Vietnam,increasing_carbon_tax_50,0.03,0.08,0.02,1,2028,0.25
power_base,VN_ABCD_009_RenewablesCap_2028,BIM Group :: RenewablesCap :: 2028,VN_ABCD_009,BIM Group,VN,Power,RenewablesCap,2029,NA,1468176.8099268284,1617275.5876279855,1655584.2945981475,0.018,0.102,1.7,0.27,52.8,54.3,7907013.027541926,8131644.079460731,5811890.62169378,5977001.150719171,VN_PDP8_BASELINE,VN_NZE_STRESS,Vietnam,increasing_carbon_tax_50,0.03,0.08,0.02,1,2028,0.25
power_base,VN_ABCD_009_RenewablesCap_2028,BIM Group :: RenewablesCap :: 2028,VN_ABCD_009,BIM Group,VN,Power,RenewablesCap,2030,NA,1514107.8933104062,1691239.82200208,1786430.8418972215,0.018,0.102,1.7,0.27,53,56,8185267.271236056,8648584.28658904,5570755.368033578,5886081.143582648,VN_PDP8_BASELINE,VN_NZE_STRESS,Vietnam,increasing_carbon_tax_50,0.03,0.08,0.02,1,2028,0.25
power_base,VN_ABCD_009_RenewablesCap_2028,BIM Group :: RenewablesCap :: 2028,VN_ABCD_009,BIM Group,VN,Power,RenewablesCap,2031,NA,NA,NA,NA,0.018,0.102,1.7,0.27,NA,NA,8348972.616660777,8821555.972320821,139149543.61101294,147025932.8720137,VN_PDP8_BASELINE,VN_NZE_STRESS,Vietnam,increasing_carbon_tax_50,0.03,0.08,0.02,1,2028,0.25
power_base,VN_ABCD_009_RenewablesCap_2029,BIM Group :: RenewablesCap :: 2029,VN_ABCD_009,BIM Group,VN,Power,RenewablesCap,2025,1471680,1471680,1471680,1471680,0.018,0.102,1.7,0.27,52,52,7805790.72,7805790.72,7805790.72,7805790.72,VN_PDP8_BASELINE,VN_NZE_STRESS,Vietnam,increasing_carbon_tax_50,0.03,0.08,0.02,1,2028,0.25
power_base,VN_ABCD_009_RenewablesCap_2029,BIM Group :: RenewablesCap :: 2029,VN_ABCD_009,BIM Group,VN,Power,RenewablesCap,2026,1501113.6,1501113.6,1541705.4953045272,1501113.6,0.018,0.102,1.7,0.27,52.2,52.2,7992529.25184,7992529.25184,7400490.048,7400490.048,VN_PDP8_BASELINE,VN_NZE_STRESS,Vietnam,increasing_carbon_tax_50,0.03,0.08,0.02,1,2028,0.25
power_base,VN_ABCD_009_RenewablesCap_2029,BIM Group :: RenewablesCap :: 2029,VN_ABCD_009,BIM Group,VN,Power,RenewablesCap,2027,1530547.2,1530547.2,1615884.7613894574,1530547.2,0.018,0.102,1.7,0.27,52.4,52.4,8180468.674559999,8180468.674559999,7013433.362962962,7013433.362962962,VN_PDP8_BASELINE,VN_NZE_STRESS,Vietnam,increasing_carbon_tax_50,0.03,0.08,0.02,1,2028,0.25
power_base,VN_ABCD_009_RenewablesCap_2029,BIM Group :: RenewablesCap :: 2029,VN_ABCD_009,BIM Group,VN,Power,RenewablesCap,2028,1559980.8,1559980.8,1694880.3188590568,1674221.840171532,0.018,0.102,1.7,0.27,52.6,52.6,8369608.988159999,8369608.98816,6644065.459533607,6644065.459533607,VN_PDP8_BASELINE,VN_NZE_STRESS,Vietnam,increasing_carbon_tax_50,0.03,0.08,0.02,1,2028,0.25
power_base,VN_ABCD_009_RenewablesCap_2029,BIM Group :: RenewablesCap :: 2029,VN_ABCD_009,BIM Group,VN,Power,RenewablesCap,2029,1589414.4,1589414.4,1775832.0177875925,1817896.480343064,0.018,0.102,1.7,0.27,52.8,54.3,8559950.19264,8803130.595839998,6291818.93004115,6470563.786008228,VN_PDP8_BASELINE,VN_NZE_STRESS,Vietnam,increasing_carbon_tax_50,0.03,0.08,0.02,1,2028,0.25
power_base,VN_ABCD_009_RenewablesCap_2029,BIM Group :: RenewablesCap :: 2029,VN_ABCD_009,BIM Group,VN,Power,RenewablesCap,2030,NA,1639848.5307741251,1857047.6476885583,1961571.120514596,0.018,0.102,1.7,0.27,53,56,8865021.15736492,9366814.807781802,6033384.441051277,6374896.767903237,VN_PDP8_BASELINE,VN_NZE_STRESS,Vietnam,increasing_carbon_tax_50,0.03,0.08,0.02,1,2028,0.25
power_base,VN_ABCD_009_RenewablesCap_2029,BIM Group :: RenewablesCap :: 2029,VN_ABCD_009,BIM Group,VN,Power,RenewablesCap,2031,NA,NA,NA,NA,0.018,0.102,1.7,0.27,NA,NA,9042321.580512218,9554151.10393744,150705359.67520365,159235851.73229066,VN_PDP8_BASELINE,VN_NZE_STRESS,Vietnam,increasing_carbon_tax_50,0.03,0.08,0.02,1,2028,0.25
power_base,VN_ABCD_009_RenewablesCap_2030,BIM Group :: RenewablesCap :: 2030,VN_ABCD_009,BIM Group,VN,Power,RenewablesCap,2025,1576800,1576800,1576800,1576800,0.018,0.102,1.7,0.27,52,52,8363347.199999999,8363347.199999999,8363347.199999999,8363347.199999999,VN_PDP8_BASELINE,VN_NZE_STRESS,Vietnam,increasing_carbon_tax_50,0.03,0.08,0.02,1,2028,0.25
power_base,VN_ABCD_009_RenewablesCap_2030,BIM Group :: RenewablesCap :: 2030,VN_ABCD_009,BIM Group,VN,Power,RenewablesCap,2026,1608336,1608336,1651827.316397708,1608336,0.018,0.102,1.7,0.27,52.2,52.2,8563424.1984,8563424.1984,7929096.48,7929096.48,VN_PDP8_BASELINE,VN_NZE_STRESS,Vietnam,increasing_carbon_tax_50,0.03,0.08,0.02,1,2028,0.25
power_base,VN_ABCD_009_RenewablesCap_2030,BIM Group :: RenewablesCap :: 2030,VN_ABCD_009,BIM Group,VN,Power,RenewablesCap,2027,1639872,1639872,1731305.1014887043,1639872,0.018,0.102,1.7,0.27,52.4,52.4,8764787.8656,8764787.8656,7514392.888888887,7514392.888888887,VN_PDP8_BASELINE,VN_NZE_STRESS,Vietnam,increasing_carbon_tax_50,0.03,0.08,0.02,1,2028,0.25
power_base,VN_ABCD_009_RenewablesCap_2030,BIM Group :: RenewablesCap :: 2030,VN_ABCD_009,BIM Group,VN,Power,RenewablesCap,2028,1671408,1671408,1815943.1987775608,1793809.1144694984,0.018,0.102,1.7,0.27,52.6,52.6,8967438.201599998,8967438.2016,7118641.563786006,7118641.563786007,VN_PDP8_BASELINE,VN_NZE_STRESS,Vietnam,increasing_carbon_tax_50,0.03,0.08,0.02,1,2028,0.25
power_base,VN_ABCD_009_RenewablesCap_2030,BIM Group :: RenewablesCap :: 2030,VN_ABCD_009,BIM Group,VN,Power,RenewablesCap,2029,1702944,1702944,1902677.1619152776,1947746.2289389968,0.018,0.102,1.7,0.27,52.8,54.3,9171375.206399998,9431925.6384,6741234.567901231,6932746.913580245,VN_PDP8_BASELINE,VN_NZE_STRESS,Vietnam,increasing_carbon_tax_50,0.03,0.08,0.02,1,2028,0.25
power_base,VN_ABCD_009_RenewablesCap_2030,BIM Group :: RenewablesCap :: 2030,VN_ABCD_009,BIM Group,VN,Power,RenewablesCap,2030,1734480,1734480,1989693.9082377409,2101683.343408495,0.018,0.102,1.7,0.27,53,56,9376598.88,9907349.759999998,6381555.6430535065,6742775.773792383,VN_PDP8_BASELINE,VN_NZE_STRESS,Vietnam,increasing_carbon_tax_50,0.03,0.08,0.02,1,2028,0.25
power_base,VN_ABCD_009_RenewablesCap_2030,BIM Group :: RenewablesCap :: 2030,VN_ABCD_009,BIM Group,VN,Power,RenewablesCap,2031,NA,NA,NA,NA,0.018,0.102,1.7,0.27,NA,NA,9564130.8576,10105496.7552,159402180.96,168424945.92,VN_PDP8_BASELINE,VN_NZE_STRESS,Vietnam,increasing_carbon_tax_50,0.03,0.08,0.02,1,2028,0.25
power_base,VN_ABCD_010_RenewablesCap_2025,NA,VN_ABCD_010,NA,NA,Power,RenewablesCap,2025,NA,NA,NA,NA,NA,NA,NA,NA,NA,NA,6963989.760000002,NA,6963989.760000002,NA,VN_PDP8_BASELINE,VN_NZE_STRESS,Vietnam,increasing_carbon_tax_50,0.03,0.08,0.02,1,2028,0.25
power_base,VN_ABCD_010_RenewablesCap_2025,NA,VN_ABCD_010,NA,NA,Power,RenewablesCap,2026,NA,NA,NA,NA,NA,NA,NA,NA,NA,NA,7225378.97882806,NA,6690165.721137092,NA,VN_PDP8_BASELINE,VN_NZE_STRESS,Vietnam,increasing_carbon_tax_50,0.03,0.08,0.02,1,2028,0.25
power_base,VN_ABCD_010_RenewablesCap_2025,NA,VN_ABCD_010,NA,NA,Power,RenewablesCap,2027,NA,NA,NA,NA,NA,NA,NA,NA,NA,NA,7486164.833149123,NA,6418179.726636765,NA,VN_PDP8_BASELINE,VN_NZE_STRESS,Vietnam,increasing_carbon_tax_50,0.03,0.08,0.02,1,2028,0.25
power_base,VN_ABCD_010_RenewablesCap_2025,NA,VN_ABCD_010,NA,NA,Power,RenewablesCap,2028,NA,NA,NA,NA,NA,NA,NA,NA,NA,NA,7760364.098726815,NA,6160427.223624776,NA,VN_PDP8_BASELINE,VN_NZE_STRESS,Vietnam,increasing_carbon_tax_50,0.03,0.08,0.02,1,2028,0.25
power_base,VN_ABCD_010_RenewablesCap_2025,NA,VN_ABCD_010,NA,NA,Power,RenewablesCap,2029,NA,NA,NA,NA,NA,NA,NA,NA,NA,NA,8040369.015868395,NA,5909911.254162909,NA,VN_PDP8_BASELINE,VN_NZE_STRESS,Vietnam,increasing_carbon_tax_50,0.03,0.08,0.02,1,2028,0.25
power_base,VN_ABCD_010_RenewablesCap_2025,NA,VN_ABCD_010,NA,NA,Power,RenewablesCap,2030,NA,NA,NA,NA,NA,NA,NA,NA,NA,NA,8314068.771833925,NA,5658415.505093221,NA,VN_PDP8_BASELINE,VN_NZE_STRESS,Vietnam,increasing_carbon_tax_50,0.03,0.08,0.02,1,2028,0.25
power_base,VN_ABCD_010_RenewablesCap_2025,NA,VN_ABCD_010,NA,NA,Power,RenewablesCap,2031,NA,NA,NA,NA,NA,NA,NA,NA,NA,NA,8480350.147270605,NA,141339169.12117675,NA,VN_PDP8_BASELINE,VN_NZE_STRESS,Vietnam,increasing_carbon_tax_50,0.03,0.08,0.02,1,2028,0.25
power_base,VN_ABCD_010_RenewablesCap_2026,Thanh Thanh Cong Group :: RenewablesCap :: 2026,VN_ABCD_010,Thanh Thanh Cong Group,VN,Power,RenewablesCap,2025,1524240.0000000002,1524240.0000000002,1524240.0000000002,1524240.0000000002,0.019,0.098,1.85,0.29,52,52,7767527.040000002,7767527.040000002,7767527.040000002,7767527.040000002,VN_PDP8_BASELINE,VN_NZE_STRESS,Vietnam,increasing_carbon_tax_50,0.03,0.08,0.02,1,2028,0.25
power_base,VN_ABCD_010_RenewablesCap_2026,Thanh Thanh Cong Group :: RenewablesCap :: 2026,VN_ABCD_010,Thanh Thanh Cong Group,VN,Power,RenewablesCap,2026,1554724.8,1554724.8,1596766.405851118,1554724.8,0.019,0.098,1.85,0.29,52.2,52.2,7953350.186880001,7953350.186880001,7364213.136,7364213.136,VN_PDP8_BASELINE,VN_NZE_STRESS,Vietnam,increasing_carbon_tax_50,0.03,0.08,0.02,1,2028,0.25
power_base,VN_ABCD_010_RenewablesCap_2026,Thanh Thanh Cong Group :: RenewablesCap :: 2026,VN_ABCD_010,Thanh Thanh Cong Group,VN,Power,RenewablesCap,2027,NA,1605355.513872086,1673594.9314390812,1605355.513872086,0.019,0.098,1.85,0.29,52.4,52.4,8243821.634835936,8243821.634835936,7067748.315188559,7067748.315188559,VN_PDP8_BASELINE,VN_NZE_STRESS,Vietnam,increasing_carbon_tax_50,0.03,0.08,0.02,1,2028,0.25
power_base,VN_ABCD_010_RenewablesCap_2026,Thanh Thanh Cong Group :: RenewablesCap :: 2026,VN_ABCD_010,Thanh Thanh Cong Group,VN,Power,RenewablesCap,2028,NA,1658503.5685860447,1755411.7588183088,1740730.7819445443,0.019,0.098,1.85,0.29,52.6,52.6,8549254.195347345,8549254.195347345,6786673.6169436695,6786673.6169436695,VN_PDP8_BASELINE,VN_NZE_STRESS,Vietnam,increasing_carbon_tax_50,0.03,0.08,0.02,1,2028,0.25
power_base,VN_ABCD_010_RenewablesCap_2026,Thanh Thanh Cong Group :: RenewablesCap :: 2026,VN_ABCD_010,Thanh Thanh Cong Group,VN,Power,RenewablesCap,2029,NA,1712500.442620477,1839254.5898514353,1876106.0500170025,0.019,0.098,1.85,0.29,52.8,54.3,8861162.290295396,9112899.855360605,6513218.813841308,6698253.439234526,VN_PDP8_BASELINE,VN_NZE_STRESS,Vietnam,increasing_carbon_tax_50,0.03,0.08,0.02,1,2028,0.25
power_base,VN_ABCD_010_RenewablesCap_2026,Thanh Thanh Cong Group :: RenewablesCap :: 2026,VN_ABCD_010,Thanh Thanh Cong Group,VN,Power,RenewablesCap,2030,NA,1764735.7923508212,1923370.7779631503,2011481.3180894605,0.019,0.098,1.85,0.29,53,56,9166037.705470167,9684870.028421303,6238251.245720811,6591359.806799346,VN_PDP8_BASELINE,VN_NZE_STRESS,Vietnam,increasing_carbon_tax_50,0.03,0.08,0.02,1,2028,0.25
power_base,VN_ABCD_010_RenewablesCap_2026,Thanh Thanh Cong Group :: RenewablesCap :: 2026,VN_ABCD_010,Thanh Thanh Cong Group,VN,Power,RenewablesCap,2031,NA,NA,NA,NA,0.019,0.098,1.85,0.29,NA,NA,9349358.45957957,9878567.42898973,155822640.99299285,164642790.4831622,VN_PDP8_BASELINE,VN_NZE_STRESS,Vietnam,increasing_carbon_tax_50,0.03,0.08,0.02,1,2028,0.25
power_base,VN_ABCD_010_RenewablesCap_2027,Thanh Thanh Cong Group :: RenewablesCap :: 2027,VN_ABCD_010,Thanh Thanh Cong Group,VN,Power,RenewablesCap,2025,1681920,1681920,1681920,1681920,0.019,0.098,1.85,0.29,52,52,8571064.32,8571064.32,8571064.32,8571064.32,VN_PDP8_BASELINE,VN_NZE_STRESS,Vietnam,increasing_carbon_tax_50,0.03,0.08,0.02,1,2028,0.25
power_base,VN_ABCD_010_RenewablesCap_2027,Thanh Thanh Cong Group :: RenewablesCap :: 2027,VN_ABCD_010,Thanh Thanh Cong Group,VN,Power,RenewablesCap,2026,1715558.4,1715558.4,1761949.1374908884,1715558.4,0.019,0.098,1.85,0.29,52.2,52.2,8776110.551040003,8776110.551040003,8126028.288000003,8126028.288000003,VN_PDP8_BASELINE,VN_NZE_STRESS,Vietnam,increasing_carbon_tax_50,0.03,0.08,0.02,1,2028,0.25
power_base,VN_ABCD_010_RenewablesCap_2027,Thanh Thanh Cong Group :: RenewablesCap :: 2027,VN_ABCD_010,Thanh Thanh Cong Group,VN,Power,RenewablesCap,2027,1749196.8,1749196.8,1846725.4415879515,1749196.8,0.019,0.098,1.85,0.29,52.4,52.4,8982475.40736,8982475.40736,7701024.869135803,7701024.869135803,VN_PDP8_BASELINE,VN_NZE_STRESS,Vietnam,increasing_carbon_tax_50,0.03,0.08,0.02,1,2028,0.25
power_base,VN_ABCD_010_RenewablesCap_2027,Thanh Thanh Cong Group :: RenewablesCap :: 2027,VN_ABCD_010,Thanh Thanh Cong Group,VN,Power,RenewablesCap,2028,NA,1807842.9293395411,1937006.078696065,1913396.388767465,0.019,0.098,1.85,0.29,52.6,52.6,9319068.732159467,9319068.732159467,7397777.21587114,7397777.21587114,VN_PDP8_BASELINE,VN_NZE_STRESS,Vietnam,increasing_carbon_tax_50,0.03,0.08,0.02,1,2028,0.25
power_base,VN_ABCD_010_RenewablesCap_2027,Thanh Thanh Cong Group :: RenewablesCap :: 2027,VN_ABCD_010,Thanh Thanh Cong Group,VN,Power,RenewablesCap,2029,NA,1867425.6868947763,2029522.3060429625,2077595.9775349305,0.019,0.098,1.85,0.29,52.8,54.3,9662807.47426833,9937319.050241863,7102451.955411919,7304226.158690668,VN_PDP8_BASELINE,VN_NZE_STRESS,Vietnam,increasing_carbon_tax_50,0.03,0.08,0.02,1,2028,0.25
power_base,VN_ABCD_010_RenewablesCap_2027,Thanh Thanh Cong Group :: RenewablesCap :: 2027,VN_ABCD_010,Thanh Thanh Cong Group,VN,Power,RenewablesCap,2030,NA,1925064.6934937765,2122340.168786924,2241795.5663023954,0.019,0.098,1.85,0.29,53,56,9998786.018006677,10564755.037893845,6805005.754591371,7190194.7595682405,VN_PDP8_BASELINE,VN_NZE_STRESS,Vietnam,increasing_carbon_tax_50,0.03,0.08,0.02,1,2028,0.25
power_base,VN_ABCD_010_RenewablesCap_2027,Thanh Thanh Cong Group :: RenewablesCap :: 2027,VN_ABCD_010,Thanh Thanh Cong Group,VN,Power,RenewablesCap,2031,NA,NA,NA,NA,0.019,0.098,1.85,0.29,NA,NA,10198761.738366809,10776050.13865172,169979362.30611348,179600835.64419535,VN_PDP8_BASELINE,VN_NZE_STRESS,Vietnam,increasing_carbon_tax_50,0.03,0.08,0.02,1,2028,0.25
power_base,VN_ABCD_010_RenewablesCap_2028,Thanh Thanh Cong Group :: RenewablesCap :: 2028,VN_ABCD_010,Thanh Thanh Cong Group,VN,Power,RenewablesCap,2025,1839600,1839600,1839600,1839600,0.019,0.098,1.85,0.29,52,52,9374601.6,9374601.6,9374601.6,9374601.6,VN_PDP8_BASELINE,VN_NZE_STRESS,Vietnam,increasing_carbon_tax_50,0.03,0.08,0.02,1,2028,0.25
power_base,VN_ABCD_010_RenewablesCap_2028,Thanh Thanh Cong Group :: RenewablesCap :: 2028,VN_ABCD_010,Thanh Thanh Cong Group,VN,Power,RenewablesCap,2026,1876392,1876392,1927131.869130659,1876392,0.019,0.098,1.85,0.29,52.2,52.2,9598870.9152,9598870.9152,8887843.44,8887843.44,VN_PDP8_BASELINE,VN_NZE_STRESS,Vietnam,increasing_carbon_tax_50,0.03,0.08,0.02,1,2028,0.25
power_base,VN_ABCD_010_RenewablesCap_2028,Thanh Thanh Cong Group :: RenewablesCap :: 2028,VN_ABCD_010,Thanh Thanh Cong Group,VN,Power,RenewablesCap,2027,1913184,1913184,2019855.9517368216,1913184,0.019,0.098,1.85,0.29,52.4,52.4,9824582.4768,9824582.4768,8422995.950617284,8422995.950617284,VN_PDP8_BASELINE,VN_NZE_STRESS,Vietnam,increasing_carbon_tax_50,0.03,0.08,0.02,1,2028,0.25
power_base,VN_ABCD_010_RenewablesCap_2028,Thanh Thanh Cong Group :: RenewablesCap :: 2028,VN_ABCD_010,Thanh Thanh Cong Group,VN,Power,RenewablesCap,2028,1949976,1949976,2118600.3985738205,2092777.3002144147,0.019,0.098,1.85,0.29,52.6,52.6,10051736.2848,10051736.2848,7979392.341106538,7979392.341106538,VN_PDP8_BASELINE,VN_NZE_STRESS,Vietnam,increasing_carbon_tax_50,0.03,0.08,0.02,1,2028,0.25
power_base,VN_ABCD_010_RenewablesCap_2028,Thanh Thanh Cong Group :: RenewablesCap :: 2028,VN_ABCD_010,Thanh Thanh Cong Group,VN,Power,RenewablesCap,2029,NA,2015144.6410760384,2219790.0222344906,2272370.6004288294,0.019,0.098,1.85,0.29,52.8,54.3,10427164.430783857,10723390.693022031,7664277.13664347,7882012.282570841,VN_PDP8_BASELINE,VN_NZE_STRESS,Vietnam,increasing_carbon_tax_50,0.03,0.08,0.02,1,2028,0.25
power_base,VN_ABCD_010_RenewablesCap_2028,Thanh Thanh Cong Group :: RenewablesCap :: 2028,VN_ABCD_010,Thanh Thanh Cong Group,VN,Power,RenewablesCap,2030,NA,2078187.304543695,2321309.559610698,2451963.9006432444,0.019,0.098,1.85,0.29,53,56,10794104.859799951,11405091.9273358,7346286.394600221,7762113.926370044,VN_PDP8_BASELINE,VN_NZE_STRESS,Vietnam,increasing_carbon_tax_50,0.03,0.08,0.02,1,2028,0.25
power_base,VN_ABCD_010_RenewablesCap_2028,Thanh Thanh Cong Group :: RenewablesCap :: 2028,VN_ABCD_010,Thanh Thanh Cong Group,VN,Power,RenewablesCap,2031,NA,NA,NA,NA,0.019,0.098,1.85,0.29,NA,NA,11009986.956995953,11633193.765882514,183499782.61659923,193886562.76470855,VN_PDP8_BASELINE,VN_NZE_STRESS,Vietnam,increasing_carbon_tax_50,0.03,0.08,0.02,1,2028,0.25
power_base,VN_ABCD_010_RenewablesCap_2029,Thanh Thanh Cong Group :: RenewablesCap :: 2029,VN_ABCD_010,Thanh Thanh Cong Group,VN,Power,RenewablesCap,2025,1997280,1997280,1997280,1997280,0.019,0.098,1.85,0.29,52,52,10178138.88,10178138.88,10178138.88,10178138.88,VN_PDP8_BASELINE,VN_NZE_STRESS,Vietnam,increasing_carbon_tax_50,0.03,0.08,0.02,1,2028,0.25
power_base,VN_ABCD_010_RenewablesCap_2029,Thanh Thanh Cong Group :: RenewablesCap :: 2029,VN_ABCD_010,Thanh Thanh Cong Group,VN,Power,RenewablesCap,2026,2037225.6,2037225.6,2092314.60077043,2037225.6,0.019,0.098,1.85,0.29,52.2,52.2,10421631.279360002,10421631.279360002,9649658.592000002,9649658.592000002,VN_PDP8_BASELINE,VN_NZE_STRESS,Vietnam,increasing_carbon_tax_50,0.03,0.08,0.02,1,2028,0.25
power_base,VN_ABCD_010_RenewablesCap_2029,Thanh Thanh Cong Group :: RenewablesCap :: 2029,VN_ABCD_010,Thanh Thanh Cong Group,VN,Power,RenewablesCap,2027,2077171.2,2077171.2,2192986.461885692,2077171.2,0.019,0.098,1.85,0.29,52.4,52.4,10666689.54624,10666689.54624,9144967.032098765,9144967.032098765,VN_PDP8_BASELINE,VN_NZE_STRESS,Vietnam,increasing_carbon_tax_50,0.03,0.08,0.02,1,2028,0.25
power_base,VN_ABCD_010_RenewablesCap_2029,Thanh Thanh Cong Group :: RenewablesCap :: 2029,VN_ABCD_010,Thanh Thanh Cong Group,VN,Power,RenewablesCap,2028,2117116.8000000003,2117116.8000000003,2300194.718451577,2272158.211661365,0.019,0.098,1.85,0.29,52.6,52.6,10913313.680640005,10913313.680640005,8663340.256058529,8663340.256058529,VN_PDP8_BASELINE,VN_NZE_STRESS,Vietnam,increasing_carbon_tax_50,0.03,0.08,0.02,1,2028,0.25
power_base,VN_ABCD_010_RenewablesCap_2029,Thanh Thanh Cong Group :: RenewablesCap :: 2029,VN_ABCD_010,Thanh Thanh Cong Group,VN,Power,RenewablesCap,2029,2157062.4,2157062.4,2410057.738426018,2467145.2233227296,0.019,0.098,1.85,0.29,52.8,54.3,11161503.68256,11478591.85536,8204038.408779147,8437107.681755828,VN_PDP8_BASELINE,VN_NZE_STRESS,Vietnam,increasing_carbon_tax_50,0.03,0.08,0.02,1,2028,0.25
power_base,VN_ABCD_010_RenewablesCap_2029,Thanh Thanh Cong Group :: RenewablesCap :: 2029,VN_ABCD_010,Thanh Thanh Cong Group,VN,Power,RenewablesCap,2030,NA,2225508.720336312,2520278.950434472,2662132.2349840943,0.019,0.098,1.85,0.29,53,56,11559292.293426804,12213591.857205682,7867060.104508036,8312365.393442455,VN_PDP8_BASELINE,VN_NZE_STRESS,Vietnam,increasing_carbon_tax_50,0.03,0.08,0.02,1,2028,0.25
power_base,VN_ABCD_010_RenewablesCap_2029,Thanh Thanh Cong Group :: RenewablesCap :: 2029,VN_ABCD_010,Thanh Thanh Cong Group,VN,Power,RenewablesCap,2031,NA,NA,NA,NA,0.019,0.098,1.85,0.29,NA,NA,11790478.13929534,12457863.694349796,196507968.9882557,207631061.5724966,VN_PDP8_BASELINE,VN_NZE_STRESS,Vietnam,increasing_carbon_tax_50,0.03,0.08,0.02,1,2028,0.25
power_base,VN_ABCD_010_RenewablesCap_2030,Thanh Thanh Cong Group :: RenewablesCap :: 2030,VN_ABCD_010,Thanh Thanh Cong Group,VN,Power,RenewablesCap,2025,2102400.0000000005,2102400.0000000005,2102400.0000000005,2102400.0000000005,0.019,0.098,1.85,0.29,52,52,10713830.400000004,10713830.400000004,10713830.400000004,10713830.400000004,VN_PDP8_BASELINE,VN_NZE_STRESS,Vietnam,increasing_carbon_tax_50,0.03,0.08,0.02,1,2028,0.25
power_base,VN_ABCD_010_RenewablesCap_2030,Thanh Thanh Cong Group :: RenewablesCap :: 2030,VN_ABCD_010,Thanh Thanh Cong Group,VN,Power,RenewablesCap,2026,2144448.0000000005,2144448.0000000005,2202436.421863611,2144448.0000000005,0.019,0.098,1.85,0.29,52.2,52.2,10970138.188800003,10970138.188800003,10157535.360000003,10157535.360000003,VN_PDP8_BASELINE,VN_NZE_STRESS,Vietnam,increasing_carbon_tax_50,0.03,0.08,0.02,1,2028,0.25
power_base,VN_ABCD_010_RenewablesCap_2030,Thanh Thanh Cong Group :: RenewablesCap :: 2030,VN_ABCD_010,Thanh Thanh Cong Group,VN,Power,RenewablesCap,2027,2186496,2186496,2308406.8019849397,2186496,0.019,0.098,1.85,0.29,52.4,52.4,11228094.2592,11228094.2592,9626281.086419752,9626281.086419752,VN_PDP8_BASELINE,VN_NZE_STRESS,Vietnam,increasing_carbon_tax_50,0.03,0.08,0.02,1,2028,0.25
power_base,VN_ABCD_010_RenewablesCap_2030,Thanh Thanh Cong Group :: RenewablesCap :: 2030,VN_ABCD_010,Thanh Thanh Cong Group,VN,Power,RenewablesCap,2028,2228544.0000000005,2228544.0000000005,2421257.5983700813,2391745.4859593315,0.019,0.098,1.85,0.29,52.6,52.6,11487698.611200005,11487698.611200005,9119305.532693189,9119305.532693189,VN_PDP8_BASELINE,VN_NZE_STRESS,Vietnam,increasing_carbon_tax_50,0.03,0.08,0.02,1,2028,0.25
power_base,VN_ABCD_010_RenewablesCap_2030,Thanh Thanh Cong Group :: RenewablesCap :: 2030,VN_ABCD_010,Thanh Thanh Cong Group,VN,Power,RenewablesCap,2029,2270592.0000000005,2270592.0000000005,2536902.8825537036,2596994.9719186635,0.019,0.098,1.85,0.29,52.8,54.3,11748951.244800003,12082728.268800003,8635829.903978053,8881165.98079561,VN_PDP8_BASELINE,VN_NZE_STRESS,Vietnam,increasing_carbon_tax_50,0.03,0.08,0.02,1,2028,0.25
power_base,VN_ABCD_010_RenewablesCap_2030,Thanh Thanh Cong Group :: RenewablesCap :: 2030,VN_ABCD_010,Thanh Thanh Cong Group,VN,Power,RenewablesCap,2030,2312640.0000000005,2312640.0000000005,2652925.2109836554,2802244.457877995,0.019,0.098,1.85,0.29,53,56,12011852.160000004,12691768.320000004,8175064.745349593,8637804.259237306,VN_PDP8_BASELINE,VN_NZE_STRESS,Vietnam,increasing_carbon_tax_50,0.03,0.08,0.02,1,2028,0.25
power_base,VN_ABCD_010_RenewablesCap_2030,Thanh Thanh Cong Group :: RenewablesCap :: 2030,VN_ABCD_010,Thanh Thanh Cong Group,VN,Power,RenewablesCap,2031,NA,NA,NA,NA,0.019,0.098,1.85,0.29,NA,NA,12252089.203200003,12945603.686400004,204201486.7200001,215760061.4400001,VN_PDP8_BASELINE,VN_NZE_STRESS,Vietnam,increasing_carbon_tax_50,0.03,0.08,0.02,1,2028,0.25
power_base,VN_ABCD_011_RenewablesCap_2025,NA,VN_ABCD_011,NA,NA,Power,RenewablesCap,2025,NA,NA,NA,NA,NA,NA,NA,NA,NA,NA,8349681.6000000015,NA,8349681.6000000015,NA,VN_PDP8_BASELINE,VN_NZE_STRESS,Vietnam,increasing_carbon_tax_50,0.03,0.08,0.02,1,2028,0.25
power_base,VN_ABCD_011_RenewablesCap_2025,NA,VN_ABCD_011,NA,NA,Power,RenewablesCap,2026,NA,NA,NA,NA,NA,NA,NA,NA,NA,NA,8663081.93890099,NA,8021372.165649065,NA,VN_PDP8_BASELINE,VN_NZE_STRESS,Vietnam,increasing_carbon_tax_50,0.03,0.08,0.02,1,2028,0.25
power_base,VN_ABCD_011_RenewablesCap_2025,NA,VN_ABCD_011,NA,NA,Power,RenewablesCap,2027,NA,NA,NA,NA,NA,NA,NA,NA,NA,NA,8975758.856071651,NA,7695266.508977752,NA,VN_PDP8_BASELINE,VN_NZE_STRESS,Vietnam,increasing_carbon_tax_50,0.03,0.08,0.02,1,2028,0.25
power_base,VN_ABCD_011_RenewablesCap_2025,NA,VN_ABCD_011,NA,NA,Power,RenewablesCap,2028,NA,NA,NA,NA,NA,NA,NA,NA,NA,NA,9304518.179595925,NA,7386226.518121541,NA,VN_PDP8_BASELINE,VN_NZE_STRESS,Vietnam,increasing_carbon_tax_50,0.03,0.08,0.02,1,2028,0.25
power_base,VN_ABCD_011_RenewablesCap_2025,NA,VN_ABCD_011,NA,NA,Power,RenewablesCap,2029,NA,NA,NA,NA,NA,NA,NA,NA,NA,NA,9640238.360862616,NA,7085862.983307569,NA,VN_PDP8_BASELINE,VN_NZE_STRESS,Vietnam,increasing_carbon_tax_50,0.03,0.08,0.02,1,2028,0.25
power_base,VN_ABCD_011_RenewablesCap_2025,NA,VN_ABCD_011,NA,NA,Power,RenewablesCap,2030,NA,NA,NA,NA,NA,NA,NA,NA,NA,NA,9968398.78255598,NA,6784324.71273932,NA,VN_PDP8_BASELINE,VN_NZE_STRESS,Vietnam,increasing_carbon_tax_50,0.03,0.08,0.02,1,2028,0.25
power_base,VN_ABCD_011_RenewablesCap_2025,NA,VN_ABCD_011,NA,NA,Power,RenewablesCap,2031,NA,NA,NA,NA,NA,NA,NA,NA,NA,NA,10167766.7582071,NA,169462779.30345166,NA,VN_PDP8_BASELINE,VN_NZE_STRESS,Vietnam,increasing_carbon_tax_50,0.03,0.08,0.02,1,2028,0.25
power_base,VN_ABCD_011_RenewablesCap_2026,Xuan Thien Group :: RenewablesCap :: 2026,VN_ABCD_011,Xuan Thien Group,VN,Power,RenewablesCap,2025,1918440,1918440,1918440,1918440,0.022,0.094,2.05,0.31,52,52,9377334.72,9377334.72,9377334.72,9377334.72,VN_PDP8_BASELINE,VN_NZE_STRESS,Vietnam,increasing_carbon_tax_50,0.03,0.08,0.02,1,2028,0.25
power_base,VN_ABCD_011_RenewablesCap_2026,Xuan Thien Group :: RenewablesCap :: 2026,VN_ABCD_011,Xuan Thien Group,VN,Power,RenewablesCap,2026,1956808.8,1956808.8,2009723.2349505443,1956808.8,0.022,0.094,2.05,0.31,52.2,52.2,9601669.41984,9601669.41984,8890434.648,8890434.648,VN_PDP8_BASELINE,VN_NZE_STRESS,Vietnam,increasing_carbon_tax_50,0.03,0.08,0.02,1,2028,0.25
power_base,VN_ABCD_011_RenewablesCap_2026,Xuan Thien Group :: RenewablesCap :: 2026,VN_ABCD_011,Xuan Thien Group,VN,Power,RenewablesCap,2027,NA,2020533.6640114188,2106421.206811257,2020533.6640114188,0.022,0.094,2.05,0.31,52.4,52.4,9952340.615454644,9952340.615454644,8532527.962495407,8532527.962495407,VN_PDP8_BASELINE,VN_NZE_STRESS,Vietnam,increasing_carbon_tax_50,0.03,0.08,0.02,1,2028,0.25
power_base,VN_ABCD_011_RenewablesCap_2026,Xuan Thien Group :: RenewablesCap :: 2026,VN_ABCD_011,Xuan Thien Group,VN,Power,RenewablesCap,2028,NA,2087426.9052893328,2209397.5585126984,2190919.7772750296,0.022,0.094,2.05,0.31,52.6,52.6,10321073.590512576,10321073.590512576,8193200.978090686,8193200.978090688,VN_PDP8_BASELINE,VN_NZE_STRESS,Vietnam,increasing_carbon_tax_50,0.03,0.08,0.02,1,2028,0.25
power_base,VN_ABCD_011_RenewablesCap_2026,Xuan Thien Group :: RenewablesCap :: 2026,VN_ABCD_011,Xuan Thien Group,VN,Power,RenewablesCap,2029,NA,2155388.488125773,2314923.880330254,2361305.89053864,0.022,0.094,2.05,0.31,52.8,54.3,10697624.144265838,11001533.92109157,7863073.100031504,8086455.858555123,VN_PDP8_BASELINE,VN_NZE_STRESS,Vietnam,increasing_carbon_tax_50,0.03,0.08,0.02,1,2028,0.25
power_base,VN_ABCD_011_RenewablesCap_2026,Xuan Thien Group :: RenewablesCap :: 2026,VN_ABCD_011,Xuan Thien Group,VN,Power,RenewablesCap,2030,NA,2221132.9800277576,2420794.255022585,2531692.0038022506,0.022,0.094,2.05,0.31,53,56,11065684.506498288,11692044.006866116,7531118.938799472,7957408.690052272,VN_PDP8_BASELINE,VN_NZE_STRESS,Vietnam,increasing_carbon_tax_50,0.03,0.08,0.02,1,2028,0.25
power_base,VN_ABCD_011_RenewablesCap_2026,Xuan Thien Group :: RenewablesCap :: 2026,VN_ABCD_011,Xuan Thien Group,VN,Power,RenewablesCap,2031,NA,NA,NA,NA,0.022,0.094,2.05,0.31,NA,NA,11286998.196628254,11925884.88700344,188116636.6104709,198764748.116724,VN_PDP8_BASELINE,VN_NZE_STRESS,Vietnam,increasing_carbon_tax_50,0.03,0.08,0.02,1,2028,0.25
power_base,VN_ABCD_011_RenewablesCap_2027,Xuan Thien Group :: RenewablesCap :: 2027,VN_ABCD_011,Xuan Thien Group,VN,Power,RenewablesCap,2025,2128680,2128680,2128680,2128680,0.022,0.094,2.05,0.31,52,52,10404987.84,10404987.84,10404987.84,10404987.84,VN_PDP8_BASELINE,VN_NZE_STRESS,Vietnam,increasing_carbon_tax_50,0.03,0.08,0.02,1,2028,0.25
power_base,VN_ABCD_011_RenewablesCap_2027,Xuan Thien Group :: RenewablesCap :: 2027,VN_ABCD_011,Xuan Thien Group,VN,Power,RenewablesCap,2026,2171253.6,2171253.6,2229966.8771369057,2171253.6,0.022,0.094,2.05,0.31,52.2,52.2,10653907.16448,10653907.16448,9864728.856,9864728.856,VN_PDP8_BASELINE,VN_NZE_STRESS,Vietnam,increasing_carbon_tax_50,0.03,0.08,0.02,1,2028,0.25
power_base,VN_ABCD_011_RenewablesCap_2027,Xuan Thien Group :: RenewablesCap :: 2027,VN_ABCD_011,Xuan Thien Group,VN,Power,RenewablesCap,2027,2213827.2,2213827.2,2337261.887009751,2213827.2,0.022,0.094,2.05,0.31,52.4,52.4,10904427.25632,10904427.25632,9348788.8,9348788.8,VN_PDP8_BASELINE,VN_NZE_STRESS,Vietnam,increasing_carbon_tax_50,0.03,0.08,0.02,1,2028,0.25
power_base,VN_ABCD_011_RenewablesCap_2027,Xuan Thien Group :: RenewablesCap :: 2027,VN_ABCD_011,Xuan Thien Group,VN,Power,RenewablesCap,2028,NA,2288051.2074453565,2451523.3183497065,2421642.304533823,0.022,0.094,2.05,0.31,52.6,52.6,11313040.39009282,11313040.39009282,8980656.205619076,8980656.205619076,VN_PDP8_BASELINE,VN_NZE_STRESS,Vietnam,increasing_carbon_tax_50,0.03,0.08,0.02,1,2028,0.25
power_base,VN_ABCD_011_RenewablesCap_2027,Xuan Thien Group :: RenewablesCap :: 2027,VN_ABCD_011,Xuan Thien Group,VN,Power,RenewablesCap,2029,NA,2363460.634976201,2568614.168585625,2629457.4090676457,0.022,0.094,2.05,0.31,52.8,54.3,11730327.82351388,12063575.773045529,8622141.133371547,8867088.324660514,VN_PDP8_BASELINE,VN_NZE_STRESS,Vietnam,increasing_carbon_tax_50,0.03,0.08,0.02,1,2028,0.25
power_base,VN_ABCD_011_RenewablesCap_2027,Xuan Thien Group :: RenewablesCap :: 2027,VN_ABCD_011,Xuan Thien Group,VN,Power,RenewablesCap,2030,NA,2436410.0027030613,2686086.7761209505,2837272.5136014684,0.022,0.094,2.05,0.31,53,56,12138194.633466652,12825262.254228916,8261051.309862676,8728657.987779433,VN_PDP8_BASELINE,VN_NZE_STRESS,Vietnam,increasing_carbon_tax_50,0.03,0.08,0.02,1,2028,0.25
power_base,VN_ABCD_011_RenewablesCap_2027,Xuan Thien Group :: RenewablesCap :: 2027,VN_ABCD_011,Xuan Thien Group,VN,Power,RenewablesCap,2031,NA,NA,NA,NA,0.022,0.094,2.05,0.31,NA,NA,12380958.526135985,13081767.499313494,206349308.7689331,218029458.3218916,VN_PDP8_BASELINE,VN_NZE_STRESS,Vietnam,increasing_carbon_tax_50,0.03,0.08,0.02,1,2028,0.25
power_base,VN_ABCD_011_RenewablesCap_2028,Xuan Thien Group :: RenewablesCap :: 2028,VN_ABCD_011,Xuan Thien Group,VN,Power,RenewablesCap,2025,2312640,2312640,2312640,2312640,0.022,0.094,2.05,0.31,52,52,11304184.32,11304184.32,11304184.32,11304184.32,VN_PDP8_BASELINE,VN_NZE_STRESS,Vietnam,increasing_carbon_tax_50,0.03,0.08,0.02,1,2028,0.25
power_base,VN_ABCD_011_RenewablesCap_2028,Xuan Thien Group :: RenewablesCap :: 2028,VN_ABCD_011,Xuan Thien Group,VN,Power,RenewablesCap,2026,2358892.8,2358892.8,2422680.0640499713,2358892.8,0.022,0.094,2.05,0.31,52.2,52.2,11574615.19104,11574615.19104,10717236.288,10717236.288,VN_PDP8_BASELINE,VN_NZE_STRESS,Vietnam,increasing_carbon_tax_50,0.03,0.08,0.02,1,2028,0.25
power_base,VN_ABCD_011_RenewablesCap_2028,Xuan Thien Group :: RenewablesCap :: 2028,VN_ABCD_011,Xuan Thien Group,VN,Power,RenewablesCap,2027,2405145.6,2405145.6,2539247.482183433,2405145.6,0.022,0.094,2.05,0.31,52.4,52.4,11846785.16736,11846785.16736,10156708.819753086,10156708.819753086,VN_PDP8_BASELINE,VN_NZE_STRESS,Vietnam,increasing_carbon_tax_50,0.03,0.08,0.02,1,2028,0.25
power_base,VN_ABCD_011_RenewablesCap_2028,Xuan Thien Group :: RenewablesCap :: 2028,VN_ABCD_011,Xuan Thien Group,VN,Power,RenewablesCap,2028,2451398.4000000004,2451398.4000000004,2663383.358207089,2630920.0345552647,0.022,0.094,2.05,0.31,52.6,52.6,12120694.24896,12120694.24896,9621797.8783722,9621797.8783722,VN_PDP8_BASELINE,VN_NZE_STRESS,Vietnam,increasing_carbon_tax_50,0.03,0.08,0.02,1,2028,0.25
power_base,VN_ABCD_011_RenewablesCap_2028,Xuan Thien Group :: RenewablesCap :: 2028,VN_ABCD_011,Xuan Thien Group,VN,Power,RenewablesCap,2029,NA,2533324.691638449,2790593.170809074,2856694.469110529,0.022,0.094,2.05,0.31,52.8,54.3,12573397.10953995,12930595.891060973,9241822.2265765,9504373.99437697,VN_PDP8_BASELINE,VN_NZE_STRESS,Vietnam,increasing_carbon_tax_50,0.03,0.08,0.02,1,2028,0.25
power_base,VN_ABCD_011_RenewablesCap_2028,Xuan Thien Group :: RenewablesCap :: 2028,VN_ABCD_011,Xuan Thien Group,VN,Power,RenewablesCap,2030,NA,2612578.325712074,2918217.73208202,3082468.9036657936,0.022,0.094,2.05,0.31,53,56,13015865.218697554,13752612.30654836,8858379.162701609,9359796.851156415,VN_PDP8_BASELINE,VN_NZE_STRESS,Vietnam,increasing_carbon_tax_50,0.03,0.08,0.02,1,2028,0.25
power_base,VN_ABCD_011_RenewablesCap_2028,Xuan Thien Group :: RenewablesCap :: 2028,VN_ABCD_011,Xuan Thien Group,VN,Power,RenewablesCap,2031,NA,NA,NA,NA,0.022,0.094,2.05,0.31,NA,NA,13276182.523071503,14027664.552679326,221269708.71785843,233794409.21132213,VN_PDP8_BASELINE,VN_NZE_STRESS,Vietnam,increasing_carbon_tax_50,0.03,0.08,0.02,1,2028,0.25
power_base,VN_ABCD_011_RenewablesCap_2029,Xuan Thien Group :: RenewablesCap :: 2029,VN_ABCD_011,Xuan Thien Group,VN,Power,RenewablesCap,2025,2496600,2496600,2496600,2496600,0.022,0.094,2.05,0.31,52,52,12203380.8,12203380.8,12203380.8,12203380.8,VN_PDP8_BASELINE,VN_NZE_STRESS,Vietnam,increasing_carbon_tax_50,0.03,0.08,0.02,1,2028,0.25
power_base,VN_ABCD_011_RenewablesCap_2029,Xuan Thien Group :: RenewablesCap :: 2029,VN_ABCD_011,Xuan Thien Group,VN,Power,RenewablesCap,2026,2546532,2546532,2615393.2509630374,2546532,0.022,0.094,2.05,0.31,52.2,52.2,12495323.2176,12495323.2176,11569743.72,11569743.72,VN_PDP8_BASELINE,VN_NZE_STRESS,Vietnam,increasing_carbon_tax_50,0.03,0.08,0.02,1,2028,0.25
power_base,VN_ABCD_011_RenewablesCap_2029,Xuan Thien Group :: RenewablesCap :: 2029,VN_ABCD_011,Xuan Thien Group,VN,Power,RenewablesCap,2027,2596464,2596464,2741233.0773571157,2596464,0.022,0.094,2.05,0.31,52.4,52.4,12789143.078400001,12789143.078400001,10964628.839506172,10964628.839506172,VN_PDP8_BASELINE,VN_NZE_STRESS,Vietnam,increasing_carbon_tax_50,0.03,0.08,0.02,1,2028,0.25
power_base,VN_ABCD_011_RenewablesCap_2029,Xuan Thien Group :: RenewablesCap :: 2029,VN_ABCD_011,Xuan Thien Group,VN,Power,RenewablesCap,2028,2646396,2646396,2875243.398064471,2840197.7645767056,0.022,0.094,2.05,0.31,52.6,52.6,13084840.3824,13084840.3824,10387168.164151805,10387168.164151805,VN_PDP8_BASELINE,VN_NZE_STRESS,Vietnam,increasing_carbon_tax_50,0.03,0.08,0.02,1,2028,0.25
power_base,VN_ABCD_011_RenewablesCap_2029,Xuan Thien Group :: RenewablesCap :: 2029,VN_ABCD_011,Xuan Thien Group,VN,Power,RenewablesCap,2029,2696328,2696328,3012572.1730325227,3083931.5291534117,0.022,0.094,2.05,0.31,52.8,54.3,13382415.1296,13762597.3776,9836474.62277092,10115919.92455418,VN_PDP8_BASELINE,VN_NZE_STRESS,Vietnam,increasing_carbon_tax_50,0.03,0.08,0.02,1,2028,0.25
power_base,VN_ABCD_011_RenewablesCap_2029,Xuan Thien Group :: RenewablesCap :: 2029,VN_ABCD_011,Xuan Thien Group,VN,Power,RenewablesCap,2030,NA,2781885.9004203905,3150348.68804309,3327665.2937301174,0.022,0.094,2.05,0.31,53,56,13859355.555894386,14643847.379812935,9432444.513058107,9966356.466627434,VN_PDP8_BASELINE,VN_NZE_STRESS,Vietnam,increasing_carbon_tax_50,0.03,0.08,0.02,1,2028,0.25
power_base,VN_ABCD_011_RenewablesCap_2029,Xuan Thien Group :: RenewablesCap :: 2029,VN_ABCD_011,Xuan Thien Group,VN,Power,RenewablesCap,2031,NA,NA,NA,NA,0.022,0.094,2.05,0.31,NA,NA,14136542.667012274,14936724.327409197,235609044.45020455,248945405.45681992,VN_PDP8_BASELINE,VN_NZE_STRESS,Vietnam,increasing_carbon_tax_50,0.03,0.08,0.02,1,2028,0.25
power_base,VN_ABCD_011_RenewablesCap_2030,Xuan Thien Group :: RenewablesCap :: 2030,VN_ABCD_011,Xuan Thien Group,VN,Power,RenewablesCap,2025,2628000,2628000,2628000,2628000,0.022,0.094,2.05,0.31,52,52,12845664,12845664,12845664,12845664,VN_PDP8_BASELINE,VN_NZE_STRESS,Vietnam,increasing_carbon_tax_50,0.03,0.08,0.02,1,2028,0.25
power_base,VN_ABCD_011_RenewablesCap_2030,Xuan Thien Group :: RenewablesCap :: 2030,VN_ABCD_011,Xuan Thien Group,VN,Power,RenewablesCap,2026,2680560,2680560,2753045.527329513,2680560,0.022,0.094,2.05,0.31,52.2,52.2,13152971.808,13152971.808,12178677.6,12178677.6,VN_PDP8_BASELINE,VN_NZE_STRESS,Vietnam,increasing_carbon_tax_50,0.03,0.08,0.02,1,2028,0.25
power_base,VN_ABCD_011_RenewablesCap_2030,Xuan Thien Group :: RenewablesCap :: 2030,VN_ABCD_011,Xuan Thien Group,VN,Power,RenewablesCap,2027,2733120,2733120,2885508.5024811737,2733120,0.022,0.094,2.05,0.31,52.4,52.4,13462255.872,13462255.872,11541714.567901231,11541714.567901231,VN_PDP8_BASELINE,VN_NZE_STRESS,Vietnam,increasing_carbon_tax_50,0.03,0.08,0.02,1,2028,0.25
power_base,VN_ABCD_011_RenewablesCap_2030,Xuan Thien Group :: RenewablesCap :: 2030,VN_ABCD_011,Xuan Thien Group,VN,Power,RenewablesCap,2028,2785680,2785680,3026571.997962601,2989681.857449164,0.022,0.094,2.05,0.31,52.6,52.6,13773516.192,13773516.192,10933861.225422952,10933861.225422952,VN_PDP8_BASELINE,VN_NZE_STRESS,Vietnam,increasing_carbon_tax_50,0.03,0.08,0.02,1,2028,0.25
power_base,VN_ABCD_011_RenewablesCap_2030,Xuan Thien Group :: RenewablesCap :: 2030,VN_ABCD_011,Xuan Thien Group,VN,Power,RenewablesCap,2029,2838240,2838240,3171128.6031921287,3246243.714898328,0.022,0.094,2.05,0.31,52.8,54.3,14086752.768,14486944.608,10354183.81344307,10648336.76268861,VN_PDP8_BASELINE,VN_NZE_STRESS,Vietnam,increasing_carbon_tax_50,0.03,0.08,0.02,1,2028,0.25
power_base,VN_ABCD_011_RenewablesCap_2030,Xuan Thien Group :: RenewablesCap :: 2030,VN_ABCD_011,Xuan Thien Group,VN,Power,RenewablesCap,2030,2890800,2890800,3316156.513729568,3502805.572347492,0.022,0.094,2.05,0.31,53,56,14401965.6,15217171.2,9801735.791618131,10356551.02510595,VN_PDP8_BASELINE,VN_NZE_STRESS,Vietnam,increasing_carbon_tax_50,0.03,0.08,0.02,1,2028,0.25
power_base,VN_ABCD_011_RenewablesCap_2030,Xuan Thien Group :: RenewablesCap :: 2030,VN_ABCD_011,Xuan Thien Group,VN,Power,RenewablesCap,2031,NA,NA,NA,NA,0.022,0.094,2.05,0.31,NA,NA,14690004.912,15521514.624,244833415.2,258691910.4,VN_PDP8_BASELINE,VN_NZE_STRESS,Vietnam,increasing_carbon_tax_50,0.03,0.08,0.02,1,2028,0.25
power_base,VN_ABCD_012_RenewablesCap_2025,NA,VN_ABCD_012,NA,NA,Power,RenewablesCap,2025,NA,NA,NA,NA,NA,NA,NA,NA,NA,NA,6625082.880000001,NA,6625082.880000001,NA,VN_PDP8_BASELINE,VN_NZE_STRESS,Vietnam,increasing_carbon_tax_50,0.03,0.08,0.02,1,2028,0.25
power_base,VN_ABCD_012_RenewablesCap_2025,NA,VN_ABCD_012,NA,NA,Power,RenewablesCap,2026,NA,NA,NA,NA,NA,NA,NA,NA,NA,NA,6873751.4304078575,NA,6364584.657785052,NA,VN_PDP8_BASELINE,VN_NZE_STRESS,Vietnam,increasing_carbon_tax_50,0.03,0.08,0.02,1,2028,0.25
power_base,VN_ABCD_012_RenewablesCap_2025,NA,VN_ABCD_012,NA,NA,Power,RenewablesCap,2027,NA,NA,NA,NA,NA,NA,NA,NA,NA,NA,7121845.97941659,NA,6105835.030364017,NA,VN_PDP8_BASELINE,VN_NZE_STRESS,Vietnam,increasing_carbon_tax_50,0.03,0.08,0.02,1,2028,0.25
power_base,VN_ABCD_012_RenewablesCap_2025,NA,VN_ABCD_012,NA,NA,Power,RenewablesCap,2028,NA,NA,NA,NA,NA,NA,NA,NA,NA,NA,7382701.16770557,NA,5860626.212741936,NA,VN_PDP8_BASELINE,VN_NZE_STRESS,Vietnam,increasing_carbon_tax_50,0.03,0.08,0.02,1,2028,0.25
power_base,VN_ABCD_012_RenewablesCap_2025,NA,VN_ABCD_012,NA,NA,Power,RenewablesCap,2029,NA,NA,NA,NA,NA,NA,NA,NA,NA,NA,7649079.471925032,NA,5622301.758277429,NA,VN_PDP8_BASELINE,VN_NZE_STRESS,Vietnam,increasing_carbon_tax_50,0.03,0.08,0.02,1,2028,0.25
power_base,VN_ABCD_012_RenewablesCap_2025,NA,VN_ABCD_012,NA,NA,Power,RenewablesCap,2030,NA,NA,NA,NA,NA,NA,NA,NA,NA,NA,7909459.459546872,NA,5383045.205787269,NA,VN_PDP8_BASELINE,VN_NZE_STRESS,Vietnam,increasing_carbon_tax_50,0.03,0.08,0.02,1,2028,0.25
power_base,VN_ABCD_012_RenewablesCap_2025,NA,VN_ABCD_012,NA,NA,Power,RenewablesCap,2031,NA,NA,NA,NA,NA,NA,NA,NA,NA,NA,8067648.648737809,NA,134460810.8122968,NA,VN_PDP8_BASELINE,VN_NZE_STRESS,Vietnam,increasing_carbon_tax_50,0.03,0.08,0.02,1,2028,0.25
power_base,VN_ABCD_012_RenewablesCap_2026,T&T Group :: RenewablesCap :: 2026,VN_ABCD_012,T&T Group,VN,Power,RenewablesCap,2025,1471680,1471680,1471680,1471680,0.017,0.101,1.65,0.27,52,52,7729263.36,7729263.36,7729263.36,7729263.36,VN_PDP8_BASELINE,VN_NZE_STRESS,Vietnam,increasing_carbon_tax_50,0.03,0.08,0.02,1,2028,0.25
power_base,VN_ABCD_012_RenewablesCap_2026,T&T Group :: RenewablesCap :: 2026,VN_ABCD_012,T&T Group,VN,Power,RenewablesCap,2026,1501113.6,1501113.6,1541705.4953045272,1501113.6,0.017,0.101,1.65,0.27,52.2,52.2,7914171.121920001,7914171.121920001,7327936.224,7327936.224,VN_PDP8_BASELINE,VN_NZE_STRESS,Vietnam,increasing_carbon_tax_50,0.03,0.08,0.02,1,2028,0.25
power_base,VN_ABCD_012_RenewablesCap_2026,T&T Group :: RenewablesCap :: 2026,VN_ABCD_012,T&T Group,VN,Power,RenewablesCap,2027,NA,1549998.427186841,1615884.7613894574,1549998.427186841,0.017,0.101,1.65,0.27,52.4,52.4,8203211.676043637,8203211.676043637,7032931.821025065,7032931.821025065,VN_PDP8_BASELINE,VN_NZE_STRESS,Vietnam,increasing_carbon_tax_50,0.03,0.08,0.02,1,2028,0.25
power_base,VN_ABCD_012_RenewablesCap_2026,T&T Group :: RenewablesCap :: 2026,VN_ABCD_012,T&T Group,VN,Power,RenewablesCap,2028,NA,1601313.7903589397,1694880.3188590568,1680705.5825671456,0.017,0.101,1.65,0.27,52.6,52.6,8507139.642660905,8507139.642660903,6753241.727205031,6753241.727205029,VN_PDP8_BASELINE,VN_NZE_STRESS,Vietnam,increasing_carbon_tax_50,0.03,0.08,0.02,1,2028,0.25
power_base,VN_ABCD_012_RenewablesCap_2026,T&T Group :: RenewablesCap :: 2026,VN_ABCD_012,T&T Group,VN,Power,RenewablesCap,2029,NA,1653448.7032197705,1775832.0177875925,1811412.7379474505,0.017,0.101,1.65,0.27,52.8,54.3,8817511.244530393,9068008.723068189,6481133.992098246,6665257.1168737635,VN_PDP8_BASELINE,VN_NZE_STRESS,Vietnam,increasing_carbon_tax_50,0.03,0.08,0.02,1,2028,0.25
power_base,VN_ABCD_012_RenewablesCap_2026,T&T Group :: RenewablesCap :: 2026,VN_ABCD_012,T&T Group,VN,Power,RenewablesCap,2030,NA,1703882.8339938957,1857047.6476885583,1942119.8933277552,0.017,0.101,1.65,0.27,53,56,9120884.810369324,9637161.309069471,6207520.944017749,6558890.05405649,VN_PDP8_BASELINE,VN_NZE_STRESS,Vietnam,increasing_carbon_tax_50,0.03,0.08,0.02,1,2028,0.25
power_base,VN_ABCD_012_RenewablesCap_2026,T&T Group :: RenewablesCap :: 2026,VN_ABCD_012,T&T Group,VN,Power,RenewablesCap,2031,NA,NA,NA,NA,0.017,0.101,1.65,0.27,NA,NA,9303302.506576711,9829904.535250865,155055041.77627853,163831742.25418106,VN_PDP8_BASELINE,VN_NZE_STRESS,Vietnam,increasing_carbon_tax_50,0.03,0.08,0.02,1,2028,0.25
power_base,VN_ABCD_012_RenewablesCap_2027,T&T Group :: RenewablesCap :: 2027,VN_ABCD_012,T&T Group,VN,Power,RenewablesCap,2025,1681920,1681920,1681920,1681920,0.017,0.101,1.65,0.27,52,52,8833443.84,8833443.84,8833443.84,8833443.84,VN_PDP8_BASELINE,VN_NZE_STRESS,Vietnam,increasing_carbon_tax_50,0.03,0.08,0.02,1,2028,0.25
power_base,VN_ABCD_012_RenewablesCap_2027,T&T Group :: RenewablesCap :: 2027,VN_ABCD_012,T&T Group,VN,Power,RenewablesCap,2026,1715558.4,1715558.4,1761949.1374908884,1715558.4,0.017,0.101,1.65,0.27,52.2,52.2,9044766.996480005,9044766.996480005,8374784.256000002,8374784.256000002,VN_PDP8_BASELINE,VN_NZE_STRESS,Vietnam,increasing_carbon_tax_50,0.03,0.08,0.02,1,2028,0.25
power_base,VN_ABCD_012_RenewablesCap_2027,T&T Group :: RenewablesCap :: 2027,VN_ABCD_012,T&T Group,VN,Power,RenewablesCap,2027,1749196.8,1749196.8,1846725.4415879515,1749196.8,0.017,0.101,1.65,0.27,52.4,52.4,9257449.14432,9257449.14432,7936770.528395061,7936770.528395061,VN_PDP8_BASELINE,VN_NZE_STRESS,Vietnam,increasing_carbon_tax_50,0.03,0.08,0.02,1,2028,0.25
power_base,VN_ABCD_012_RenewablesCap_2027,T&T Group :: RenewablesCap :: 2027,VN_ABCD_012,T&T Group,VN,Power,RenewablesCap,2028,NA,1807842.9293395411,1937006.078696065,1913396.388767465,0.017,0.101,1.65,0.27,52.6,52.6,9604346.346409246,9604346.346409246,7624239.78370393,7624239.78370393,VN_PDP8_BASELINE,VN_NZE_STRESS,Vietnam,increasing_carbon_tax_50,0.03,0.08,0.02,1,2028,0.25
power_base,VN_ABCD_012_RenewablesCap_2027,T&T Group :: RenewablesCap :: 2027,VN_ABCD_012,T&T Group,VN,Power,RenewablesCap,2029,NA,1867425.6868947763,2029522.3060429625,2077595.9775349305,0.017,0.101,1.65,0.27,52.8,54.3,9958607.703072464,10241522.694637025,7319873.954046979,7527824.918650586,VN_PDP8_BASELINE,VN_NZE_STRESS,Vietnam,increasing_carbon_tax_50,0.03,0.08,0.02,1,2028,0.25
power_base,VN_ABCD_012_RenewablesCap_2027,T&T Group :: RenewablesCap :: 2027,VN_ABCD_012,T&T Group,VN,Power,RenewablesCap,2030,NA,1925064.6934937765,2122340.168786924,2241795.5663023954,0.017,0.101,1.65,0.27,53,56,10304871.304272186,10888165.9064008,7013322.2572829435,7410302.762412166,VN_PDP8_BASELINE,VN_NZE_STRESS,Vietnam,increasing_carbon_tax_50,0.03,0.08,0.02,1,2028,0.25
power_base,VN_ABCD_012_RenewablesCap_2027,T&T Group :: RenewablesCap :: 2027,VN_ABCD_012,T&T Group,VN,Power,RenewablesCap,2031,NA,NA,NA,NA,0.017,0.101,1.65,0.27,NA,NA,10510968.73035763,11105929.224528816,175182812.17262718,185098820.4088136,VN_PDP8_BASELINE,VN_NZE_STRESS,Vietnam,increasing_carbon_tax_50,0.03,0.08,0.02,1,2028,0.25
power_base,VN_ABCD_012_RenewablesCap_2028,T&T Group :: RenewablesCap :: 2028,VN_ABCD_012,T&T Group,VN,Power,RenewablesCap,2025,1839600,1839600,1839600,1839600,0.017,0.101,1.65,0.27,52,52,9661579.2,9661579.2,9661579.2,9661579.2,VN_PDP8_BASELINE,VN_NZE_STRESS,Vietnam,increasing_carbon_tax_50,0.03,0.08,0.02,1,2028,0.25
power_base,VN_ABCD_012_RenewablesCap_2028,T&T Group :: RenewablesCap :: 2028,VN_ABCD_012,T&T Group,VN,Power,RenewablesCap,2026,1876392,1876392,1927131.869130659,1876392,0.017,0.101,1.65,0.27,52.2,52.2,9892713.902400002,9892713.902400002,9159920.28,9159920.28,VN_PDP8_BASELINE,VN_NZE_STRESS,Vietnam,increasing_carbon_tax_50,0.03,0.08,0.02,1,2028,0.25
power_base,VN_ABCD_012_RenewablesCap_2028,T&T Group :: RenewablesCap :: 2028,VN_ABCD_012,T&T Group,VN,Power,RenewablesCap,2027,1913184,1913184,2019855.9517368216,1913184,0.017,0.101,1.65,0.27,52.4,52.4,10125335.0016,10125335.0016,8680842.765432097,8680842.765432097,VN_PDP8_BASELINE,VN_NZE_STRESS,Vietnam,increasing_carbon_tax_50,0.03,0.08,0.02,1,2028,0.25
power_base,VN_ABCD_012_RenewablesCap_2028,T&T Group :: RenewablesCap :: 2028,VN_ABCD_012,T&T Group,VN,Power,RenewablesCap,2028,1949976,1949976,2118600.3985738205,2092777.3002144147,0.017,0.101,1.65,0.27,52.6,52.6,10359442.497600002,10359442.4976,8223659.453589393,8223659.453589391,VN_PDP8_BASELINE,VN_NZE_STRESS,Vietnam,increasing_carbon_tax_50,0.03,0.08,0.02,1,2028,0.25
power_base,VN_ABCD_012_RenewablesCap_2028,T&T Group :: RenewablesCap :: 2028,VN_ABCD_012,T&T Group,VN,Power,RenewablesCap,2029,NA,2015144.6410760384,2219790.0222344906,2272370.6004288294,0.017,0.101,1.65,0.27,52.8,54.3,10746363.341930298,11051657.75505332,7898897.865316228,8123298.372853622,VN_PDP8_BASELINE,VN_NZE_STRESS,Vietnam,increasing_carbon_tax_50,0.03,0.08,0.02,1,2028,0.25
power_base,VN_ABCD_012_RenewablesCap_2028,T&T Group :: RenewablesCap :: 2028,VN_ABCD_012,T&T Group,VN,Power,RenewablesCap,2030,NA,2078187.304543695,2321309.559610698,2451963.9006432444,0.017,0.101,1.65,0.27,53,56,11124536.6412224,11754227.394499138,7571172.712802269,7999729.658809943,VN_PDP8_BASELINE,VN_NZE_STRESS,Vietnam,increasing_carbon_tax_50,0.03,0.08,0.02,1,2028,0.25
power_base,VN_ABCD_012_RenewablesCap_2028,T&T Group :: RenewablesCap :: 2028,VN_ABCD_012,T&T Group,VN,Power,RenewablesCap,2031,NA,NA,NA,NA,0.017,0.101,1.65,0.27,NA,NA,11347027.37404685,11989311.94238912,189117122.90078083,199821865.70648536,VN_PDP8_BASELINE,VN_NZE_STRESS,Vietnam,increasing_carbon_tax_50,0.03,0.08,0.02,1,2028,0.25
power_base,VN_ABCD_012_RenewablesCap_2029,T&T Group :: RenewablesCap :: 2029,VN_ABCD_012,T&T Group,VN,Power,RenewablesCap,2025,1997280,1997280,1997280,1997280,0.017,0.101,1.65,0.27,52,52,10489714.56,10489714.56,10489714.56,10489714.56,VN_PDP8_BASELINE,VN_NZE_STRESS,Vietnam,increasing_carbon_tax_50,0.03,0.08,0.02,1,2028,0.25
power_base,VN_ABCD_012_RenewablesCap_2029,T&T Group :: RenewablesCap :: 2029,VN_ABCD_012,T&T Group,VN,Power,RenewablesCap,2026,2037225.6,2037225.6,2092314.60077043,2037225.6,0.017,0.101,1.65,0.27,52.2,52.2,10740660.80832,10740660.80832,9945056.304,9945056.304,VN_PDP8_BASELINE,VN_NZE_STRESS,Vietnam,increasing_carbon_tax_50,0.03,0.08,0.02,1,2028,0.25
power_base,VN_ABCD_012_RenewablesCap_2029,T&T Group :: RenewablesCap :: 2029,VN_ABCD_012,T&T Group,VN,Power,RenewablesCap,2027,2077171.2,2077171.2,2192986.461885692,2077171.2,0.017,0.101,1.65,0.27,52.4,52.4,10993220.85888,10993220.85888,9424915.002469135,9424915.002469135,VN_PDP8_BASELINE,VN_NZE_STRESS,Vietnam,increasing_carbon_tax_50,0.03,0.08,0.02,1,2028,0.25
power_base,VN_ABCD_012_RenewablesCap_2029,T&T Group :: RenewablesCap :: 2029,VN_ABCD_012,T&T Group,VN,Power,RenewablesCap,2028,2117116.8000000003,2117116.8000000003,2300194.718451577,2272158.211661365,0.017,0.101,1.65,0.27,52.6,52.6,11247394.711680004,11247394.711680004,8928544.549611341,8928544.549611341,VN_PDP8_BASELINE,VN_NZE_STRESS,Vietnam,increasing_carbon_tax_50,0.03,0.08,0.02,1,2028,0.25
power_base,VN_ABCD_012_RenewablesCap_2029,T&T Group :: RenewablesCap :: 2029,VN_ABCD_012,T&T Group,VN,Power,RenewablesCap,2029,2157062.4,2157062.4,2410057.738426018,2467145.2233227296,0.017,0.101,1.65,0.27,52.8,54.3,11503182.366719998,11829977.32032,8455182.441700958,8695386.48834019,VN_PDP8_BASELINE,VN_NZE_STRESS,Vietnam,increasing_carbon_tax_50,0.03,0.08,0.02,1,2028,0.25
power_base,VN_ABCD_012_RenewablesCap_2029,T&T Group :: RenewablesCap :: 2029,VN_ABCD_012,T&T Group,VN,Power,RenewablesCap,2030,NA,2225508.720336312,2520278.950434472,2662132.2349840943,0.017,0.101,1.65,0.27,53,56,11913148.17996028,12587477.322222184,8107888.475054202,8566825.558547836,VN_PDP8_BASELINE,VN_NZE_STRESS,Vietnam,increasing_carbon_tax_50,0.03,0.08,0.02,1,2028,0.25
power_base,VN_ABCD_012_RenewablesCap_2029,T&T Group :: RenewablesCap :: 2029,VN_ABCD_012,T&T Group,VN,Power,RenewablesCap,2031,NA,NA,NA,NA,0.017,0.101,1.65,0.27,NA,NA,12151411.143559484,12839226.868666628,202523519.0593247,213987114.47777712,VN_PDP8_BASELINE,VN_NZE_STRESS,Vietnam,increasing_carbon_tax_50,0.03,0.08,0.02,1,2028,0.25
power_base,VN_ABCD_012_RenewablesCap_2030,T&T Group :: RenewablesCap :: 2030,VN_ABCD_012,T&T Group,VN,Power,RenewablesCap,2025,2102400.0000000005,2102400.0000000005,2102400.0000000005,2102400.0000000005,0.017,0.101,1.65,0.27,52,52,11041804.800000004,11041804.800000004,11041804.800000004,11041804.800000004,VN_PDP8_BASELINE,VN_NZE_STRESS,Vietnam,increasing_carbon_tax_50,0.03,0.08,0.02,1,2028,0.25
power_base,VN_ABCD_012_RenewablesCap_2030,T&T Group :: RenewablesCap :: 2030,VN_ABCD_012,T&T Group,VN,Power,RenewablesCap,2026,2144448.0000000005,2144448.0000000005,2202436.421863611,2144448.0000000005,0.017,0.101,1.65,0.27,52.2,52.2,11305958.745600004,11305958.745600004,10468480.320000002,10468480.320000002,VN_PDP8_BASELINE,VN_NZE_STRESS,Vietnam,increasing_carbon_tax_50,0.03,0.08,0.02,1,2028,0.25
power_base,VN_ABCD_012_RenewablesCap_2030,T&T Group :: RenewablesCap :: 2030,VN_ABCD_012,T&T Group,VN,Power,RenewablesCap,2027,2186496,2186496,2308406.8019849397,2186496,0.017,0.101,1.65,0.27,52.4,52.4,11571811.4304,11571811.4304,9920963.160493825,9920963.160493825,VN_PDP8_BASELINE,VN_NZE_STRESS,Vietnam,increasing_carbon_tax_50,0.03,0.08,0.02,1,2028,0.25
power_base,VN_ABCD_012_RenewablesCap_2030,T&T Group :: RenewablesCap :: 2030,VN_ABCD_012,T&T Group,VN,Power,RenewablesCap,2028,2228544.0000000005,2228544.0000000005,2421257.5983700813,2391745.4859593315,0.017,0.101,1.65,0.27,52.6,52.6,11839362.854400003,11839362.854400003,9398467.946959306,9398467.946959306,VN_PDP8_BASELINE,VN_NZE_STRESS,Vietnam,increasing_carbon_tax_50,0.03,0.08,0.02,1,2028,0.25
power_base,VN_ABCD_012_RenewablesCap_2030,T&T Group :: RenewablesCap :: 2030,VN_ABCD_012,T&T Group,VN,Power,RenewablesCap,2029,2270592.0000000005,2270592.0000000005,2536902.8825537036,2596994.9719186635,0.017,0.101,1.65,0.27,52.8,54.3,12108613.017600004,12452607.705600005,8900192.043895748,9153038.40877915,VN_PDP8_BASELINE,VN_NZE_STRESS,Vietnam,increasing_carbon_tax_50,0.03,0.08,0.02,1,2028,0.25
power_base,VN_ABCD_012_RenewablesCap_2030,T&T Group :: RenewablesCap :: 2030,VN_ABCD_012,T&T Group,VN,Power,RenewablesCap,2030,2312640.0000000005,2312640.0000000005,2652925.2109836554,2802244.457877995,0.017,0.101,1.65,0.27,53,56,12379561.920000004,13080291.840000004,8425321.829390908,8902226.838601712,VN_PDP8_BASELINE,VN_NZE_STRESS,Vietnam,increasing_carbon_tax_50,0.03,0.08,0.02,1,2028,0.25
power_base,VN_ABCD_012_RenewablesCap_2030,T&T Group :: RenewablesCap :: 2030,VN_ABCD_012,T&T Group,VN,Power,RenewablesCap,2031,NA,NA,NA,NA,0.017,0.101,1.65,0.27,NA,NA,12627153.158400005,13341897.676800003,210452552.64000008,222364961.2800001,VN_PDP8_BASELINE,VN_NZE_STRESS,Vietnam,increasing_carbon_tax_50,0.03,0.08,0.02,1,2028,0.25
power_base,VN_ABCD_013_RenewablesCap_2025,NA,VN_ABCD_013,NA,NA,Power,RenewablesCap,2025,NA,NA,NA,NA,NA,NA,NA,NA,NA,NA,4448152.8,NA,4448152.8,NA,VN_PDP8_BASELINE,VN_NZE_STRESS,Vietnam,increasing_carbon_tax_50,0.03,0.08,0.02,1,2028,0.25
power_base,VN_ABCD_013_RenewablesCap_2025,NA,VN_ABCD_013,NA,NA,Power,RenewablesCap,2026,NA,NA,NA,NA,NA,NA,NA,NA,NA,NA,4615111.573015176,NA,4273251.456495533,NA,VN_PDP8_BASELINE,VN_NZE_STRESS,Vietnam,increasing_carbon_tax_50,0.03,0.08,0.02,1,2028,0.25
power_base,VN_ABCD_013_RenewablesCap_2025,NA,VN_ABCD_013,NA,NA,Power,RenewablesCap,2027,NA,NA,NA,NA,NA,NA,NA,NA,NA,NA,4781684.955239479,NA,4099524.1385798,NA,VN_PDP8_BASELINE,VN_NZE_STRESS,Vietnam,increasing_carbon_tax_50,0.03,0.08,0.02,1,2028,0.25
power_base,VN_ABCD_013_RenewablesCap_2025,NA,VN_ABCD_013,NA,NA,Power,RenewablesCap,2028,NA,NA,NA,NA,NA,NA,NA,NA,NA,NA,4956825.969653802,NA,3934888.267837253,NA,VN_PDP8_BASELINE,VN_NZE_STRESS,Vietnam,increasing_carbon_tax_50,0.03,0.08,0.02,1,2028,0.25
power_base,VN_ABCD_013_RenewablesCap_2025,NA,VN_ABCD_013,NA,NA,Power,RenewablesCap,2029,NA,NA,NA,NA,NA,NA,NA,NA,NA,NA,5135675.264256596,NA,3774874.633496912,NA,VN_PDP8_BASELINE,VN_NZE_STRESS,Vietnam,increasing_carbon_tax_50,0.03,0.08,0.02,1,2028,0.25
power_base,VN_ABCD_013_RenewablesCap_2025,NA,VN_ABCD_013,NA,NA,Power,RenewablesCap,2030,NA,NA,NA,NA,NA,NA,NA,NA,NA,NA,5310497.223767547,NA,3614235.1783905863,NA,VN_PDP8_BASELINE,VN_NZE_STRESS,Vietnam,increasing_carbon_tax_50,0.03,0.08,0.02,1,2028,0.25
power_base,VN_ABCD_013_RenewablesCap_2025,NA,VN_ABCD_013,NA,NA,Power,RenewablesCap,2031,NA,NA,NA,NA,NA,NA,NA,NA,NA,NA,5416707.168242898,NA,90278452.8040483,NA,VN_PDP8_BASELINE,VN_NZE_STRESS,Vietnam,increasing_carbon_tax_50,0.03,0.08,0.02,1,2028,0.25
power_base,VN_ABCD_013_RenewablesCap_2026,Gia Lai Electricity JSC :: RenewablesCap :: 2026,VN_ABCD_013,Gia Lai Electricity JSC,VN,Power,RenewablesCap,2025,998640,998640,998640,998640,0.02,0.093,1.75,0.28,52,52,4829423.04,4829423.04,4829423.04,4829423.04,VN_PDP8_BASELINE,VN_NZE_STRESS,Vietnam,increasing_carbon_tax_50,0.03,0.08,0.02,1,2028,0.25
power_base,VN_ABCD_013_RenewablesCap_2026,Gia Lai Electricity JSC :: RenewablesCap :: 2026,VN_ABCD_013,Gia Lai Electricity JSC,VN,Power,RenewablesCap,2026,1018612.8,1018612.8,1046157.300385215,1018612.8,0.02,0.093,1.75,0.28,52.2,52.2,4944957.69888,4944957.69888,4578664.535999999,4578664.535999999,VN_PDP8_BASELINE,VN_NZE_STRESS,Vietnam,increasing_carbon_tax_50,0.03,0.08,0.02,1,2028,0.25
power_base,VN_ABCD_013_RenewablesCap_2026,Gia Lai Electricity JSC :: RenewablesCap :: 2026,VN_ABCD_013,Gia Lai Electricity JSC,VN,Power,RenewablesCap,2027,NA,1051784.6470196424,1096493.230942846,1051784.6470196424,0.02,0.093,1.75,0.28,52.4,52.4,5125556.941856122,5125556.941856122,4394338.941920543,4394338.941920543,VN_PDP8_BASELINE,VN_NZE_STRESS,Vietnam,increasing_carbon_tax_50,0.03,0.08,0.02,1,2028,0.25
power_base,VN_ABCD_013_RenewablesCap_2026,Gia Lai Electricity JSC :: RenewablesCap :: 2026,VN_ABCD_013,Gia Lai Electricity JSC,VN,Power,RenewablesCap,2028,NA,1086605.786314995,1150097.3592257884,1140478.7881705633,0.02,0.093,1.75,0.28,52.6,52.6,5315458.185495693,5315458.185495692,4219582.083441051,4219582.08344105,VN_PDP8_BASELINE,VN_NZE_STRESS,Vietnam,increasing_carbon_tax_50,0.03,0.08,0.02,1,2028,0.25
power_base,VN_ABCD_013_RenewablesCap_2026,Gia Lai Electricity JSC :: RenewablesCap :: 2026,VN_ABCD_013,Gia Lai Electricity JSC,VN,Power,RenewablesCap,2029,NA,1121983.048613416,1205028.869213009,1229172.929321484,0.02,0.093,1.75,0.28,52.8,54.3,5509385.561911318,5665902.197192889,4049562.858570582,4164607.25796179,VN_PDP8_BASELINE,VN_NZE_STRESS,Vietnam,increasing_carbon_tax_50,0.03,0.08,0.02,1,2028,0.25
power_base,VN_ABCD_013_RenewablesCap_2026,Gia Lai Electricity JSC :: RenewablesCap :: 2026,VN_ABCD_013,Gia Lai Electricity JSC,VN,Power,RenewablesCap,2030,NA,1156206.208781572,1260139.475217236,1317867.0704724048,0.02,0.093,1.75,0.28,53,56,5698940.403084368,6021521.935334428,3878603.079235984,4098146.649758776,VN_PDP8_BASELINE,VN_NZE_STRESS,Vietnam,increasing_carbon_tax_50,0.03,0.08,0.02,1,2028,0.25
power_base,VN_ABCD_013_RenewablesCap_2026,Gia Lai Electricity JSC :: RenewablesCap :: 2026,VN_ABCD_013,Gia Lai Electricity JSC,VN,Power,RenewablesCap,2031,NA,NA,NA,NA,0.02,0.093,1.75,0.28,NA,NA,5812919.211146056,6141952.374041117,96881986.85243426,102365872.90068528,VN_PDP8_BASELINE,VN_NZE_STRESS,Vietnam,increasing_carbon_tax_50,0.03,0.08,0.02,1,2028,0.25
power_base,VN_ABCD_013_RenewablesCap_2027,Gia Lai Electricity JSC :: RenewablesCap :: 2027,VN_ABCD_013,Gia Lai Electricity JSC,VN,Power,RenewablesCap,2025,1077480,1077480,1077480,1077480,0.02,0.093,1.75,0.28,52,52,5210693.28,5210693.28,5210693.28,5210693.28,VN_PDP8_BASELINE,VN_NZE_STRESS,Vietnam,increasing_carbon_tax_50,0.03,0.08,0.02,1,2028,0.25
power_base,VN_ABCD_013_RenewablesCap_2027,Gia Lai Electricity JSC :: RenewablesCap :: 2027,VN_ABCD_013,Gia Lai Electricity JSC,VN,Power,RenewablesCap,2026,1099029.6,1099029.6,1128748.6662051002,1099029.6,0.02,0.093,1.75,0.28,52.2,52.2,5335349.096159999,5335349.096159999,4940138.051999999,4940138.051999999,VN_PDP8_BASELINE,VN_NZE_STRESS,Vietnam,increasing_carbon_tax_50,0.03,0.08,0.02,1,2028,0.25
power_base,VN_ABCD_013_RenewablesCap_2027,Gia Lai Electricity JSC :: RenewablesCap :: 2027,VN_ABCD_013,Gia Lai Electricity JSC,VN,Power,RenewablesCap,2027,1120579.2,1120579.2,1183058.4860172812,1120579.2,0.02,0.093,1.75,0.28,52.4,52.4,5460806.55744,5460806.55744,4681761.451851851,4681761.451851851,VN_PDP8_BASELINE,VN_NZE_STRESS,Vietnam,increasing_carbon_tax_50,0.03,0.08,0.02,1,2028,0.25
power_base,VN_ABCD_013_RenewablesCap_2027,Gia Lai Electricity JSC :: RenewablesCap :: 2027,VN_ABCD_013,Gia Lai Electricity JSC,VN,Power,RenewablesCap,2028,NA,1158149.376608143,1240894.5191646663,1225769.5615541572,0.02,0.093,1.75,0.28,52.6,52.6,5665435.120491716,5665435.120491716,4497405.058054313,4497405.058054313,VN_PDP8_BASELINE,VN_NZE_STRESS,Vietnam,increasing_carbon_tax_50,0.03,0.08,0.02,1,2028,0.25
power_base,VN_ABCD_013_RenewablesCap_2027,Gia Lai Electricity JSC :: RenewablesCap :: 2027,VN_ABCD_013,Gia Lai Electricity JSC,VN,Power,RenewablesCap,2029,NA,1196319.580666966,1300162.7273087727,1330959.9231083146,0.02,0.093,1.75,0.28,52.8,54.3,5874407.66890707,6041294.250410112,4317865.00414312,4440531.623579004,VN_PDP8_BASELINE,VN_NZE_STRESS,Vietnam,increasing_carbon_tax_50,0.03,0.08,0.02,1,2028,0.25
power_base,VN_ABCD_013_RenewablesCap_2027,Gia Lai Electricity JSC :: RenewablesCap :: 2027,VN_ABCD_013,Gia Lai Electricity JSC,VN,Power,RenewablesCap,2030,NA,1233244.5692694506,1359624.1706291228,1436150.284662472,0.02,0.093,1.75,0.28,53,56,6078662.4819291225,6422737.716755299,4137035.5456404495,4371207.368978588,VN_PDP8_BASELINE,VN_NZE_STRESS,Vietnam,increasing_carbon_tax_50,0.03,0.08,0.02,1,2028,0.25
power_base,VN_ABCD_013_RenewablesCap_2027,Gia Lai Electricity JSC :: RenewablesCap :: 2027,VN_ABCD_013,Gia Lai Electricity JSC,VN,Power,RenewablesCap,2031,NA,NA,NA,NA,0.02,0.093,1.75,0.28,NA,NA,6200235.731567705,6551192.471090405,103337262.19279508,109186541.1848401,VN_PDP8_BASELINE,VN_NZE_STRESS,Vietnam,increasing_carbon_tax_50,0.03,0.08,0.02,1,2028,0.25
power_base,VN_ABCD_013_RenewablesCap_2028,Gia Lai Electricity JSC :: RenewablesCap :: 2028,VN_ABCD_013,Gia Lai Electricity JSC,VN,Power,RenewablesCap,2025,1182600,1182600,1182600,1182600,0.02,0.093,1.75,0.28,52,52,5719053.6,5719053.6,5719053.6,5719053.6,VN_PDP8_BASELINE,VN_NZE_STRESS,Vietnam,increasing_carbon_tax_50,0.03,0.08,0.02,1,2028,0.25
power_base,VN_ABCD_013_RenewablesCap_2028,Gia Lai Electricity JSC :: RenewablesCap :: 2028,VN_ABCD_013,Gia Lai Electricity JSC,VN,Power,RenewablesCap,2026,1206252,1206252,1238870.4872982807,1206252,0.02,0.093,1.75,0.28,52.2,52.2,5855870.9592,5855870.9592,5422102.74,5422102.74,VN_PDP8_BASELINE,VN_NZE_STRESS,Vietnam,increasing_carbon_tax_50,0.03,0.08,0.02,1,2028,0.25
power_base,VN_ABCD_013_RenewablesCap_2028,Gia Lai Electricity JSC :: RenewablesCap :: 2028,VN_ABCD_013,Gia Lai Electricity JSC,VN,Power,RenewablesCap,2027,1229904,1229904,1298478.8261165284,1229904,0.02,0.093,1.75,0.28,52.4,52.4,5993568.1728,5993568.1728,5138518.666666666,5138518.666666666,VN_PDP8_BASELINE,VN_NZE_STRESS,Vietnam,increasing_carbon_tax_50,0.03,0.08,0.02,1,2028,0.25
power_base,VN_ABCD_013_RenewablesCap_2028,Gia Lai Electricity JSC :: RenewablesCap :: 2028,VN_ABCD_013,Gia Lai Electricity JSC,VN,Power,RenewablesCap,2028,1253556,1253556,1361957.3990831703,1345356.8358521238,0.02,0.093,1.75,0.28,52.6,52.6,6132145.2408,6132145.2408,4867894.598765431,4867894.598765431,VN_PDP8_BASELINE,VN_NZE_STRESS,Vietnam,increasing_carbon_tax_50,0.03,0.08,0.02,1,2028,0.25
power_base,VN_ABCD_013_RenewablesCap_2028,Gia Lai Electricity JSC :: RenewablesCap :: 2028,VN_ABCD_013,Gia Lai Electricity JSC,VN,Power,RenewablesCap,2029,NA,1295450.1264060254,1427007.871436458,1460809.6717042476,0.02,0.093,1.75,0.28,52.8,54.3,6361178.300704146,6541893.593337787,4675655.949978561,4808487.084921135,VN_PDP8_BASELINE,VN_NZE_STRESS,Vietnam,increasing_carbon_tax_50,0.03,0.08,0.02,1,2028,0.25
power_base,VN_ABCD_013_RenewablesCap_2028,Gia Lai Electricity JSC :: RenewablesCap :: 2028,VN_ABCD_013,Gia Lai Electricity JSC,VN,Power,RenewablesCap,2030,NA,1335977.552920947,1492270.4311783055,1576262.5075563714,0.02,0.093,1.75,0.28,53,56,6585033.358347348,6957771.095612292,4481663.055597949,4735342.096480851,VN_PDP8_BASELINE,VN_NZE_STRESS,Vietnam,increasing_carbon_tax_50,0.03,0.08,0.02,1,2028,0.25
power_base,VN_ABCD_013_RenewablesCap_2028,Gia Lai Electricity JSC :: RenewablesCap :: 2028,VN_ABCD_013,Gia Lai Electricity JSC,VN,Power,RenewablesCap,2031,NA,NA,NA,NA,0.02,0.093,1.75,0.28,NA,NA,6716734.025514295,7096926.517524539,111945567.09190492,118282108.62540898,VN_PDP8_BASELINE,VN_NZE_STRESS,Vietnam,increasing_carbon_tax_50,0.03,0.08,0.02,1,2028,0.25
power_base,VN_ABCD_013_RenewablesCap_2029,Gia Lai Electricity JSC :: RenewablesCap :: 2029,VN_ABCD_013,Gia Lai Electricity JSC,VN,Power,RenewablesCap,2025,1261440,1261440,1261440,1261440,0.02,0.093,1.75,0.28,52,52,6100323.84,6100323.84,6100323.84,6100323.84,VN_PDP8_BASELINE,VN_NZE_STRESS,Vietnam,increasing_carbon_tax_50,0.03,0.08,0.02,1,2028,0.25
power_base,VN_ABCD_013_RenewablesCap_2029,Gia Lai Electricity JSC :: RenewablesCap :: 2029,VN_ABCD_013,Gia Lai Electricity JSC,VN,Power,RenewablesCap,2026,1286668.8,1286668.8,1321461.8531181663,1286668.8,0.02,0.093,1.75,0.28,52.2,52.2,6246262.35648,6246262.35648,5783576.255999999,5783576.255999999,VN_PDP8_BASELINE,VN_NZE_STRESS,Vietnam,increasing_carbon_tax_50,0.03,0.08,0.02,1,2028,0.25
power_base,VN_ABCD_013_RenewablesCap_2029,Gia Lai Electricity JSC :: RenewablesCap :: 2029,VN_ABCD_013,Gia Lai Electricity JSC,VN,Power,RenewablesCap,2027,1311897.6,1311897.6,1385044.0811909635,1311897.6,0.02,0.093,1.75,0.28,52.4,52.4,6393139.384319999,6393139.384319999,5481086.577777777,5481086.577777777,VN_PDP8_BASELINE,VN_NZE_STRESS,Vietnam,increasing_carbon_tax_50,0.03,0.08,0.02,1,2028,0.25
power_base,VN_ABCD_013_RenewablesCap_2029,Gia Lai Electricity JSC :: RenewablesCap :: 2029,VN_ABCD_013,Gia Lai Electricity JSC,VN,Power,RenewablesCap,2028,1337126.4,1337126.4,1452754.5590220485,1435047.2915755983,0.02,0.093,1.75,0.28,52.6,52.6,6540954.923520002,6540954.923520001,5192420.905349795,5192420.905349794,VN_PDP8_BASELINE,VN_NZE_STRESS,Vietnam,increasing_carbon_tax_50,0.03,0.08,0.02,1,2028,0.25
power_base,VN_ABCD_013_RenewablesCap_2029,Gia Lai Electricity JSC :: RenewablesCap :: 2029,VN_ABCD_013,Gia Lai Electricity JSC,VN,Power,RenewablesCap,2029,1362355.2000000002,1362355.2000000002,1522141.7295322218,1558196.9831511974,0.02,0.093,1.75,0.28,52.8,54.3,6689708.97408,6879757.524480001,4917135.802469134,5056827.1604938265,VN_PDP8_BASELINE,VN_NZE_STRESS,Vietnam,increasing_carbon_tax_50,0.03,0.08,0.02,1,2028,0.25
power_base,VN_ABCD_013_RenewablesCap_2029,Gia Lai Electricity JSC :: RenewablesCap :: 2029,VN_ABCD_013,Gia Lai Electricity JSC,VN,Power,RenewablesCap,2030,NA,1405584.4549492502,1591755.1265901928,1681346.674726796,0.02,0.093,1.75,0.28,53,56,6928125.778444855,7320283.841375696,4715165.991745957,4982062.179957993,VN_PDP8_BASELINE,VN_NZE_STRESS,Vietnam,increasing_carbon_tax_50,0.03,0.08,0.02,1,2028,0.25
power_base,VN_ABCD_013_RenewablesCap_2029,Gia Lai Electricity JSC :: RenewablesCap :: 2029,VN_ABCD_013,Gia Lai Electricity JSC,VN,Power,RenewablesCap,2031,NA,NA,NA,NA,0.02,0.093,1.75,0.28,NA,NA,7066688.294013752,7466689.51820321,117778138.23356251,124444825.30338684,VN_PDP8_BASELINE,VN_NZE_STRESS,Vietnam,increasing_carbon_tax_50,0.03,0.08,0.02,1,2028,0.25
power_base,VN_ABCD_013_RenewablesCap_2030,Gia Lai Electricity JSC :: RenewablesCap :: 2030,VN_ABCD_013,Gia Lai Electricity JSC,VN,Power,RenewablesCap,2025,1314000,1314000,1314000,1314000,0.02,0.093,1.75,0.28,52,52,6354504,6354504,6354504,6354504,VN_PDP8_BASELINE,VN_NZE_STRESS,Vietnam,increasing_carbon_tax_50,0.03,0.08,0.02,1,2028,0.25
power_base,VN_ABCD_013_RenewablesCap_2030,Gia Lai Electricity JSC :: RenewablesCap :: 2030,VN_ABCD_013,Gia Lai Electricity JSC,VN,Power,RenewablesCap,2026,1340280,1340280,1376522.7636647564,1340280,0.02,0.093,1.75,0.28,52.2,52.2,6506523.288,6506523.288,6024558.6,6024558.6,VN_PDP8_BASELINE,VN_NZE_STRESS,Vietnam,increasing_carbon_tax_50,0.03,0.08,0.02,1,2028,0.25
power_base,VN_ABCD_013_RenewablesCap_2030,Gia Lai Electricity JSC :: RenewablesCap :: 2030,VN_ABCD_013,Gia Lai Electricity JSC,VN,Power,RenewablesCap,2027,1366560,1366560,1442754.2512405869,1366560,0.02,0.093,1.75,0.28,52.4,52.4,6659520.192,6659520.192,5709465.185185185,5709465.185185185,VN_PDP8_BASELINE,VN_NZE_STRESS,Vietnam,increasing_carbon_tax_50,0.03,0.08,0.02,1,2028,0.25
power_base,VN_ABCD_013_RenewablesCap_2030,Gia Lai Electricity JSC :: RenewablesCap :: 2030,VN_ABCD_013,Gia Lai Electricity JSC,VN,Power,RenewablesCap,2028,1392840,1392840,1513285.9989813005,1494840.928724582,0.02,0.093,1.75,0.28,52.6,52.6,6813494.712,6813494.712,5408771.776406035,5408771.776406035,VN_PDP8_BASELINE,VN_NZE_STRESS,Vietnam,increasing_carbon_tax_50,0.03,0.08,0.02,1,2028,0.25
power_base,VN_ABCD_013_RenewablesCap_2030,Gia Lai Electricity JSC :: RenewablesCap :: 2030,VN_ABCD_013,Gia Lai Electricity JSC,VN,Power,RenewablesCap,2029,1419120,1419120,1585564.3015960644,1623121.857449164,0.02,0.093,1.75,0.28,52.8,54.3,6968446.848,7166414.0879999995,5122016.460905349,5267528.292181068,VN_PDP8_BASELINE,VN_NZE_STRESS,Vietnam,increasing_carbon_tax_50,0.03,0.08,0.02,1,2028,0.25
power_base,VN_ABCD_013_RenewablesCap_2030,Gia Lai Electricity JSC :: RenewablesCap :: 2030,VN_ABCD_013,Gia Lai Electricity JSC,VN,Power,RenewablesCap,2030,1445400,1445400,1658078.256864784,1751402.786173746,0.02,0.093,1.75,0.28,53,56,7124376.6,7527643.199999999,4848731.003300458,5123187.47518539,VN_PDP8_BASELINE,VN_NZE_STRESS,Vietnam,increasing_carbon_tax_50,0.03,0.08,0.02,1,2028,0.25
power_base,VN_ABCD_013_RenewablesCap_2030,Gia Lai Electricity JSC :: RenewablesCap :: 2030,VN_ABCD_013,Gia Lai Electricity JSC,VN,Power,RenewablesCap,2031,NA,NA,NA,NA,0.02,0.093,1.75,0.28,NA,NA,7266864.131999999,7678196.063999999,121114402.2,127969934.4,VN_PDP8_BASELINE,VN_NZE_STRESS,Vietnam,increasing_carbon_tax_50,0.03,0.08,0.02,1,2028,0.25
